uuid,current_product_id,duration_days,trial_started_time,first_purchase_time,last_purchase_time,total_purchases,total_revenue_usd,cancelation_time,refund_time
00026e14-e302-4772-b691-8b0e67ab0c32,weekly.2.49,7,,2023-06-05 23:10:44.000000 UTC,2023-10-16 23:10:38.000000 UTC,20,4731,,2023-07-31 23:10:35.000000 UTC
0015b6c7-85fb-4c36-9dfb-4ff348c39906,weekly.4.99.3d.trial,3,2023-05-20 16:09:05.000000 UTC,2023-05-20 16:09:05.000000 UTC,2023-06-22 00:27:13.000000 UTC,6,149223,2023-06-22 02:02:07.000000 UTC,
002d7b10-b35f-4cb4-a345-297f53eaf85e,weekly.4.99.3d.trial,3,2023-03-18 16:17:02.000000 UTC,2023-03-18 16:17:02.000000 UTC,2023-03-18 16:17:02.000000 UTC,1,499,2023-03-18 05:15:45.000000 UTC,
002efdd9-47cd-4454-85d5-47d1ad1202b2,monthly.9.99.3d.trial,3,2023-03-28 13:21:19.000000 UTC,2023-03-28 13:21:19.000000 UTC,2023-05-04 13:22:13.000000 UTC,3,2997,2023-04-12 13:14:58.000000 UTC,
0047993c-3cff-4ab4-a34a-e376f823c282,weekly.2.49,7,,2023-03-22 06:02:55.000000 UTC,2023-03-22 06:02:55.000000 UTC,1,249,2023-03-28 01:15:44.000000 UTC,
008fde5c-84e8-487a-8584-fb57c5dae156,monthly.7.49,30,,2023-06-03 06:58:50.000000 UTC,2023-11-07 16:07:14.000000 UTC,18,750346,,
00cb6d7e-d276-4b39-8699-4b4ad608ea06,monthly.9.99.3d.trial,3,2023-05-22 12:51:12.000000 UTC,2023-05-22 12:51:12.000000 UTC,2023-10-20 06:41:04.000000 UTC,16,15984,2023-10-01 02:06:20.000000 UTC,
00f7a8b6-9dd5-4806-bc31-69c8bc68bb24,weekly.2.49,7,,2023-04-17 10:19:29.000000 UTC,2023-04-17 10:19:29.000000 UTC,1,249,2023-04-18 18:19:00.000000 UTC,
00fd1e78-8517-4aea-b66a-24f6c43ba4a5,monthly.9.99.3d.trial,3,2023-03-14 10:29:06.000000 UTC,2023-03-14 10:29:06.000000 UTC,2023-03-14 10:29:06.000000 UTC,1,430946,2023-03-15 20:11:49.000000 UTC,
0124f243-d4d0-4971-b997-1e6b79c866f0,weekly.2.49,7,,2023-04-16 15:14:30.000000 UTC,2023-05-16 17:56:18.000000 UTC,3,747,2023-05-16 18:39:04.000000 UTC,
0126e40c-da09-4e28-b687-457716e6ccfd,weekly.2.49,7,,2023-03-09 16:54:50.000000 UTC,2023-03-09 16:54:50.000000 UTC,1,249,2023-03-14 01:27:48.000000 UTC,
0132096c-9119-4324-bf0c-0c576ca9bb52,weekly.2.49,7,,2023-09-26 21:21:36.000000 UTC,2023-09-26 21:21:36.000000 UTC,1,249,2023-09-26 21:23:24.000000 UTC,
01574943-f710-4e38-8dc8-26b4da0b6d73,monthly.9.99.3d.trial,3,2023-04-22 18:38:30.000000 UTC,2023-04-22 18:38:30.000000 UTC,2023-07-16 12:40:58.000000 UTC,10,9990,2023-06-29 17:33:05.000000 UTC,
015d69f4-2102-4e6a-94dc-8763cb30a324,weekly.4.99.3d.trial,3,2023-05-17 06:31:41.000000 UTC,2023-05-17 06:31:41.000000 UTC,2023-05-24 06:32:23.000000 UTC,2,998,2023-05-25 02:00:51.000000 UTC,
0163250f-d097-4a78-bfea-a7c6d0fa53e8,monthly.7.49,30,,2023-03-07 16:11:05.000000 UTC,2023-03-07 16:11:05.000000 UTC,1,749,2023-03-09 22:32:37.000000 UTC,
01ad9dc4-e3db-4ec8-88d0-ab03bead047e,weekly.2.49,7,,2023-06-03 05:35:10.000000 UTC,2023-06-10 05:37:27.000000 UTC,2,498,,
01c2a808-36e7-40a8-aa2a-8a15bfce67ae,monthly.9.99.3d.trial,3,2023-03-15 06:17:31.000000 UTC,2023-03-15 06:17:31.000000 UTC,2023-11-09 06:18:10.000000 UTC,32,1101453,,2023-07-25 06:17:41.000000 UTC
01cc2131-84a0-4f2e-866d-3d0a9896bf0b,monthly.9.99.3d.trial,3,2023-03-27 11:09:48.000000 UTC,2023-03-27 11:09:48.000000 UTC,2023-05-10 11:10:00.000000 UTC,4,3996,2023-04-19 11:32:54.000000 UTC,
01e21ce7-5c39-4dea-9198-f86b8b161a9f,weekly.4.99.3d.trial,3,2023-03-27 14:26:27.000000 UTC,2023-03-27 14:26:27.000000 UTC,2023-08-27 14:25:31.000000 UTC,22,10978,2023-08-28 00:16:46.000000 UTC,
01e9fd9d-c301-4ecb-b823-fa22bafe5a0e,monthly.9.99.3d.trial,3,2023-03-11 16:41:43.000000 UTC,2023-03-11 16:41:43.000000 UTC,2023-03-11 16:41:43.000000 UTC,1,999,2023-03-15 12:42:56.000000 UTC,
01f4f194-9c10-4517-9a79-25be11d04372,monthly.9.99.3d.trial,3,2023-03-24 18:31:27.000000 UTC,2023-03-24 18:31:27.000000 UTC,2023-08-05 18:33:23.000000 UTC,17,107331,,2023-03-23 18:31:27.000000 UTC
0211e62c-e4c7-446b-bc5a-2df1580e719e,weekly.2.49,7,,2023-03-05 15:12:43.000000 UTC,2023-03-05 15:12:43.000000 UTC,1,213184,2023-03-09 15:25:35.000000 UTC,
021bdae6-f27e-4121-8f5d-1d4b46babdb7,weekly.4.99.3d.trial,3,2023-04-12 11:05:45.000000 UTC,2023-04-12 11:05:45.000000 UTC,2023-04-12 11:05:45.000000 UTC,1,499,2023-04-11 12:51:32.000000 UTC,
025bd34c-0327-4d63-84a3-a8e4d041d4f0,monthly.9.99.3d.trial,3,2023-05-15 11:52:05.000000 UTC,2023-05-15 11:52:05.000000 UTC,2023-05-15 11:52:05.000000 UTC,1,999,2023-05-14 23:16:14.000000 UTC,
027c73fe-ac43-4ce4-820d-05a927342c7e,weekly.2.49,7,,2023-03-26 06:36:55.000000 UTC,2023-04-25 18:24:23.000000 UTC,4,996,2023-04-26 21:10:03.000000 UTC,
02a092a8-d9b1-4119-9398-fc29dd7e9a5d,weekly.4.99.3d.trial,3,2023-05-20 01:23:09.000000 UTC,2023-05-20 01:23:09.000000 UTC,2023-05-20 01:23:09.000000 UTC,1,17086,2023-05-20 14:18:03.000000 UTC,
02e1909b-f457-4acc-b62e-12173b2e40a9,monthly.9.99.3d.trial,3,2023-03-28 11:58:50.000000 UTC,2023-03-28 11:58:50.000000 UTC,2023-03-28 11:58:50.000000 UTC,1,999,2023-03-27 13:43:12.000000 UTC,
02e3632d-d05d-4214-8649-4c522dc99c7f,weekly.2.49,7,,2023-06-27 10:30:03.000000 UTC,2023-09-03 10:30:04.000000 UTC,10,2490,,
033d3f3a-c58f-465f-a2ca-74bd6a931c24,monthly.9.99.3d.trial,3,2023-03-15 21:03:22.000000 UTC,2023-03-15 21:03:22.000000 UTC,2023-05-11 21:04:02.000000 UTC,6,5994,,
034b0cde-1ee3-4ddc-b6e0-72af01bd8ec6,weekly.2.49,7,,2023-03-10 13:03:30.000000 UTC,2023-06-30 13:03:58.000000 UTC,17,137083,2023-07-07 00:32:32.000000 UTC,
036d3e6e-c8e8-4740-8172-37ded5d55afd,weekly.2.49,7,,2023-06-17 20:06:10.000000 UTC,2023-06-25 12:06:49.000000 UTC,2,498,2023-06-28 03:31:13.000000 UTC,
0372a88f-f824-424f-ba0a-48d753ca1789,weekly.4.99.3d.trial,3,2023-04-07 07:12:36.000000 UTC,2023-04-07 07:12:36.000000 UTC,2023-04-27 07:16:36.000000 UTC,4,1996,2023-04-29 15:35:06.000000 UTC,
0387ed10-ae64-404f-9033-3f970af8522b,weekly.2.49,7,,2023-05-16 07:55:36.000000 UTC,2023-09-11 20:38:53.000000 UTC,2,498,2023-09-11 20:41:03.000000 UTC,
038e22bb-f131-4284-b80b-d606fd4921da,monthly.7.49,30,,2023-03-26 10:14:51.000000 UTC,2023-05-28 21:44:14.000000 UTC,8,5992,2023-05-08 02:14:11.000000 UTC,
03b86a6a-dc49-4a73-9891-922c6e678a77,monthly.9.99.3d.trial,3,2023-04-09 06:55:23.000000 UTC,2023-04-09 06:55:23.000000 UTC,2023-04-09 06:55:23.000000 UTC,1,999,2023-04-10 09:14:30.000000 UTC,
03c96f5b-1fa6-4393-9ada-5cb5d1ca7a21,monthly.9.99.3d.trial,3,2023-03-21 08:42:34.000000 UTC,2023-03-21 08:42:34.000000 UTC,2023-03-21 08:42:34.000000 UTC,1,999,2023-03-25 20:47:24.000000 UTC,
03cd5354-02b9-48ba-a7be-c6e822578c34,weekly.2.49,7,,2023-04-28 12:47:10.000000 UTC,2023-04-28 12:47:10.000000 UTC,1,249,2023-05-02 13:03:42.000000 UTC,
03f653dd-f1fa-4293-ba3d-e3b1fe3551fd,weekly.2.49,7,,2023-03-21 07:53:38.000000 UTC,2023-06-28 07:53:15.000000 UTC,15,3735,2023-06-30 01:50:52.000000 UTC,
03f6a225-e720-48dc-9f0b-e379f8206966,monthly.9.99.3d.trial,3,2023-05-13 07:30:27.000000 UTC,2023-05-13 07:30:27.000000 UTC,2023-07-10 07:30:00.000000 UTC,6,5994,2023-06-21 16:35:02.000000 UTC,
0425530b-4dc7-4117-8283-c01c07978e6a,weekly.4.99.3d.trial,3,2023-05-01 03:58:34.000000 UTC,2023-05-01 03:58:34.000000 UTC,2023-05-01 03:58:34.000000 UTC,1,499,2023-05-03 12:04:08.000000 UTC,
0427617c-60f5-4d57-929d-dccb4cf0f3f2,monthly.9.99.3d.trial,3,2023-07-10 11:36:49.000000 UTC,2023-07-10 11:36:49.000000 UTC,2023-08-08 11:37:13.000000 UTC,2,1998,,
042c679b-ce7e-487e-9692-d8d3e7049e9f,weekly.2.49,7,,2023-06-06 11:59:31.000000 UTC,2023-10-17 12:00:16.000000 UTC,20,4731,,2023-07-04 11:59:46.000000 UTC
043c2980-5542-4326-9181-23e1833db61d,weekly.2.49,7,,2023-06-06 13:41:23.000000 UTC,2023-07-19 13:39:40.000000 UTC,7,1743,2023-07-23 17:16:09.000000 UTC,
0457bda2-54b4-4022-975b-fa595dc034bd,weekly.2.49,7,,2023-04-12 23:11:17.000000 UTC,2023-08-17 23:11:22.000000 UTC,19,241113,,
04991a5d-7e9a-430e-a72d-f9fc65dc721a,weekly.4.99.3d.trial,3,2023-04-28 04:22:45.000000 UTC,2023-04-28 04:22:45.000000 UTC,2023-08-18 20:22:33.000000 UTC,17,8483,2023-08-21 21:31:03.000000 UTC,
04df95f7-729d-4303-818b-58b47c5216ca,weekly.4.99.3d.trial,3,2023-03-27 12:47:57.000000 UTC,2023-03-27 12:47:57.000000 UTC,2023-05-17 15:43:05.000000 UTC,3,1497,2023-05-17 15:52:56.000000 UTC,
04f7bf55-cb5b-43b7-bf28-9afa0a5d18dc,weekly.4.99.3d.trial,3,2023-04-27 01:00:18.000000 UTC,2023-04-27 01:00:18.000000 UTC,2023-04-27 01:00:18.000000 UTC,1,499,2023-04-28 00:10:03.000000 UTC,
052d6e03-6a3f-4d95-aea8-7f224a47b054,monthly.7.49,30,,2023-05-16 14:06:57.000000 UTC,2023-11-09 14:09:20.000000 UTC,23,17227,,
053358b3-ec7a-4006-b323-84c0fc6cd42a,weekly.4.99.3d.trial,3,2023-08-08 07:53:13.000000 UTC,2023-08-08 07:53:13.000000 UTC,2023-08-08 07:53:13.000000 UTC,1,499,2023-08-07 14:39:44.000000 UTC,
0551fe00-0abb-4326-8ca0-3a3a210668ae,weekly.4.99.3d.trial,3,2023-03-09 08:41:50.000000 UTC,2023-03-09 08:41:50.000000 UTC,2023-03-09 08:41:50.000000 UTC,1,314098,2023-03-08 23:13:02.000000 UTC,
055b9fe9-6d2e-46bc-adc5-af309983f097,weekly.2.49,7,,2023-03-29 15:19:38.000000 UTC,2023-03-29 15:19:38.000000 UTC,1,249,,
058b207f-7f2c-4af3-a490-964149a0c647,weekly.2.49,7,,2023-04-08 22:38:14.000000 UTC,2023-04-29 22:33:18.000000 UTC,4,996,2023-05-05 15:55:46.000000 UTC,
058ba689-fe24-461e-a74e-a86b7603c1ec,weekly.2.49,7,,2023-05-07 12:30:15.000000 UTC,2023-06-19 12:30:16.000000 UTC,6,169759,2023-06-18 14:25:26.000000 UTC,
058bb7e5-88ff-4c99-95c7-2d9a439a780d,weekly.4.99.3d.trial,3,2023-03-25 15:41:11.000000 UTC,2023-03-25 15:41:11.000000 UTC,2023-03-25 15:41:11.000000 UTC,1,499,2023-03-27 03:49:21.000000 UTC,
05b17ef8-eb8d-4d2d-9192-5501ba184cab,weekly.4.99.3d.trial,3,2023-06-06 12:31:05.000000 UTC,2023-06-06 12:31:05.000000 UTC,2023-06-06 12:31:05.000000 UTC,1,499,2023-06-06 15:39:26.000000 UTC,
05e93b1e-be19-498d-baf8-da0f50a82203,monthly.9.99.3d.trial,3,2023-03-25 11:03:23.000000 UTC,2023-03-25 11:03:23.000000 UTC,2023-07-24 11:04:40.000000 UTC,15,14985,2023-07-03 12:46:29.000000 UTC,
06205184-7ab0-471f-a983-92c75f90b691,monthly.9.99.3d.trial,3,2023-05-27 12:42:43.000000 UTC,2023-05-27 12:42:43.000000 UTC,2023-06-26 13:04:40.000000 UTC,2,1998,2023-06-26 21:34:14.000000 UTC,
06ac8cb0-2302-42d0-8ca4-84c217803ac9,weekly.4.99.3d.trial,3,2023-05-13 11:54:56.000000 UTC,2023-05-13 11:54:56.000000 UTC,2023-05-26 11:55:58.000000 UTC,3,1497,2023-05-28 17:23:17.000000 UTC,
06f5794a-d997-4f51-b6ae-4769a282ccd2,weekly.4.99.3d.trial,3,2023-05-13 05:28:53.000000 UTC,2023-05-13 05:28:53.000000 UTC,2023-05-13 05:28:53.000000 UTC,1,499,2023-05-14 00:52:58.000000 UTC,
0702590a-7648-43cb-8a9f-0cb24e573e23,weekly.2.49,7,,2023-04-05 08:46:33.000000 UTC,2023-04-05 08:46:33.000000 UTC,1,249,2023-04-08 22:55:31.000000 UTC,
070ad68f-be3b-45bd-a0a9-38270c7a2ff1,weekly.2.49,7,,2023-06-12 13:12:07.000000 UTC,2023-06-19 13:13:56.000000 UTC,2,498,2023-06-19 16:16:06.000000 UTC,
071919ca-5809-44da-8e19-93e6b2520330,monthly.7.49,30,,2023-05-04 11:48:07.000000 UTC,2023-05-04 11:48:07.000000 UTC,1,749,2023-05-04 11:50:41.000000 UTC,
071b1891-7cc5-4d55-ac2b-8b9a73447d46,weekly.4.99.3d.trial,3,2023-07-02 08:54:35.000000 UTC,2023-07-02 08:54:35.000000 UTC,2023-07-10 00:56:03.000000 UTC,2,998,2023-07-10 08:00:47.000000 UTC,
073455d0-2d7d-4598-8cd7-34fbcd93977f,weekly.4.99.3d.trial,3,2023-05-25 11:27:33.000000 UTC,2023-05-25 11:27:33.000000 UTC,2023-08-31 11:26:32.000000 UTC,15,620115,2023-09-02 09:47:04.000000 UTC,
0738c72d-c7a8-4e43-a7f1-220db44791f0,weekly.4.99.3d.trial,3,2023-03-08 14:20:07.000000 UTC,2023-03-08 14:20:07.000000 UTC,2023-07-26 14:20:58.000000 UTC,21,10479,2023-07-26 22:21:24.000000 UTC,
07425c27-bfda-433c-a49b-ed9e8c518d0d,monthly.9.99.3d.trial,3,2023-03-08 21:19:53.000000 UTC,2023-03-08 21:19:53.000000 UTC,2023-11-06 11:17:26.000000 UTC,32,991000,,2023-07-29 11:16:44.000000 UTC
077a4ba0-1952-413b-b9ec-6cfa6c881ac0,weekly.2.49,7,,2023-06-05 07:36:26.000000 UTC,2023-06-30 22:22:35.000000 UTC,2,498,2023-06-30 22:28:26.000000 UTC,
0794d359-6be5-446c-92f9-09810b694a86,monthly.9.99.3d.trial,3,2023-04-01 05:40:53.000000 UTC,2023-04-01 05:40:53.000000 UTC,2023-11-07 05:40:15.000000 UTC,29,976728,,
079cd7df-a64b-4ef7-899d-c3b50ee0e4bd,weekly.2.49,7,,2023-05-17 19:59:32.000000 UTC,2023-05-17 19:59:32.000000 UTC,1,7954,2023-05-17 20:01:51.000000 UTC,
07a85a38-67ab-4f5f-843e-3964ed60e4d4,weekly.2.49,7,,2023-03-14 03:44:52.000000 UTC,2023-04-12 03:44:21.000000 UTC,5,1245,2023-04-11 12:28:20.000000 UTC,
07b0747d-ca23-4b32-a6f5-dcff7c363ef4,weekly.2.49,7,,2023-03-04 03:06:24.000000 UTC,2023-09-10 02:06:22.000000 UTC,28,6972,2023-09-13 18:20:14.000000 UTC,
07b90eca-5e3e-41be-bc4e-4cc85bc2e37d,weekly.4.99.3d.trial,3,2023-04-17 07:44:45.000000 UTC,2023-04-17 07:44:45.000000 UTC,2023-05-07 07:43:03.000000 UTC,4,1996,2023-05-07 15:27:55.000000 UTC,
07cbdecf-e709-440f-9253-ec7e20a47a41,weekly.2.49,7,,2023-04-28 19:07:25.000000 UTC,2023-05-16 07:15:49.000000 UTC,4,996,2023-05-11 07:23:09.000000 UTC,
07d14ddc-da46-460c-bebb-43e76b0d3af5,weekly.4.99.3d.trial,3,2023-05-07 12:12:41.000000 UTC,2023-05-07 12:12:41.000000 UTC,2023-05-07 12:12:41.000000 UTC,1,499,2023-05-07 11:25:05.000000 UTC,
07dd9e94-5a32-40a4-b01e-5104ac320ce7,weekly.2.49,7,,2023-06-10 08:04:36.000000 UTC,2023-10-16 08:05:19.000000 UTC,19,553503,,
07df6dbb-2b20-4dec-9da1-16be8732146c,weekly.2.49,7,,2023-03-11 09:55:24.000000 UTC,2023-07-16 09:55:10.000000 UTC,19,72521,2023-07-21 11:48:00.000000 UTC,
088416fd-a634-4ad9-a1e7-b36f0dd6e731,weekly.4.99.3d.trial,3,2023-03-15 23:08:12.000000 UTC,2023-03-15 23:08:12.000000 UTC,2023-03-23 20:02:37.000000 UTC,2,998,,
089519a1-4dfc-4e52-b581-0df52db81b18,monthly.9.99.3d.trial,3,2023-04-13 16:19:07.000000 UTC,2023-04-13 16:19:07.000000 UTC,2023-05-12 16:19:28.000000 UTC,2,1998,2023-04-25 03:24:36.000000 UTC,
08afe442-5038-4d5c-bc13-0d5c21e8122d,weekly.2.49,7,,2023-05-08 09:20:02.000000 UTC,2023-09-04 09:19:58.000000 UTC,18,4482,2023-09-08 16:25:18.000000 UTC,
08b73ed6-1af1-4db7-a206-55d2134189c8,weekly.4.99.3d.trial,3,2023-06-18 14:22:13.000000 UTC,2023-06-18 14:22:13.000000 UTC,2023-08-06 05:01:01.000000 UTC,2,998,,
08cfd115-da28-4fa7-9aee-922a5613856a,monthly.9.99.3d.trial,3,2023-04-09 10:46:48.000000 UTC,2023-04-09 10:46:48.000000 UTC,2023-06-13 10:46:43.000000 UTC,7,6993,2023-05-25 21:35:55.000000 UTC,
08f35eb2-b880-40a2-83f2-c289e75f9813,weekly.2.49,7,,2023-03-24 09:56:42.000000 UTC,2023-03-24 09:56:42.000000 UTC,1,188036,2023-03-28 01:36:44.000000 UTC,
08f7fd59-b374-4fa9-9a8f-a730d07790ce,weekly.2.49,7,,2023-04-08 15:54:20.000000 UTC,2023-04-08 15:54:20.000000 UTC,1,249,2023-04-09 23:50:29.000000 UTC,
08f90d76-6641-45d5-861f-1797483bc87a,weekly.4.99.3d.trial,3,2023-08-17 20:01:02.000000 UTC,2023-08-17 20:01:02.000000 UTC,2023-08-17 20:01:02.000000 UTC,1,499,2023-08-17 20:43:04.000000 UTC,
090ba225-683c-4b6a-b916-ad318b41ad84,weekly.4.99.3d.trial,3,2023-04-22 13:09:56.000000 UTC,2023-04-22 13:09:56.000000 UTC,2023-09-08 07:13:47.000000 UTC,21,446146,2023-09-11 18:19:09.000000 UTC,
090be155-c257-43d6-8bbe-85a9c60cd3ed,weekly.2.49,7,,2023-03-11 10:14:03.000000 UTC,2023-05-20 10:15:15.000000 UTC,11,351046,2023-05-23 18:07:43.000000 UTC,2023-04-29 10:14:24.000000 UTC
093f5fd2-d5e3-4a8a-b65f-fd1583e31d49,monthly.9.99.3d.trial,3,2023-07-02 18:45:25.000000 UTC,2023-07-02 18:45:25.000000 UTC,2023-10-21 12:01:27.000000 UTC,12,11988,,
09610a4f-2896-45b6-b63b-828eec976c26,weekly.4.99.3d.trial,3,2023-06-03 11:04:32.000000 UTC,2023-06-03 11:04:32.000000 UTC,2023-06-03 11:04:32.000000 UTC,1,499,2023-06-05 03:49:30.000000 UTC,
09a18ea7-68d1-46da-a539-f3379a4f9e10,monthly.7.49,30,,2023-04-29 12:19:10.000000 UTC,2023-04-29 12:19:10.000000 UTC,1,749,2023-05-02 21:00:24.000000 UTC,
09bed645-ee97-4404-8f22-1783469bdb9d,monthly.9.99.3d.trial,3,2023-05-22 09:13:16.000000 UTC,2023-05-22 09:13:16.000000 UTC,2023-05-22 09:13:16.000000 UTC,1,999,2023-05-23 15:07:38.000000 UTC,
09c2309b-f9bf-4edc-a215-8d4eb173cc62,weekly.2.49,7,,2023-05-18 19:49:06.000000 UTC,2023-05-18 19:49:06.000000 UTC,1,249,,
0a1208eb-524c-48e3-a2fa-10c43277055f,weekly.4.99.3d.trial,3,2023-06-09 13:05:31.000000 UTC,2023-06-09 13:05:31.000000 UTC,2023-06-17 07:00:58.000000 UTC,2,998,,
0a2e6b76-9783-43ad-9172-1e414759d249,weekly.4.99.3d.trial,3,2023-05-20 04:05:57.000000 UTC,2023-05-20 04:05:57.000000 UTC,2023-06-24 04:06:55.000000 UTC,6,112598,2023-06-27 04:42:20.000000 UTC,
0aaaa200-9979-4b5e-ac93-1a3b01eb8d11,weekly.4.99.3d.trial,3,2023-05-13 01:45:50.000000 UTC,2023-05-13 01:45:50.000000 UTC,2023-07-12 14:43:05.000000 UTC,13,453486,2023-07-12 19:59:03.000000 UTC,
0ab1fcc9-7d01-41ad-8903-56ac11cc1be5,weekly.2.49,7,,2023-05-14 23:00:47.000000 UTC,2023-07-24 11:47:41.000000 UTC,5,167717,,
0abb6868-a4f0-49ac-90d7-0cbf5b22be26,weekly.4.99.3d.trial,3,2023-03-16 19:47:01.000000 UTC,2023-03-16 19:47:01.000000 UTC,2023-09-03 15:32:53.000000 UTC,21,461775,2023-09-07 17:50:31.000000 UTC,
0acf4ea6-ff9b-45d1-a577-c901015589cd,weekly.4.99.3d.trial,3,2023-03-25 13:02:10.000000 UTC,2023-03-25 13:02:10.000000 UTC,2023-03-25 13:02:10.000000 UTC,1,499,2023-03-27 15:35:32.000000 UTC,
0ae7284f-cf98-4c1c-82e3-2013a9335fc2,weekly.4.99.3d.trial,3,2023-05-23 16:15:30.000000 UTC,2023-05-23 16:15:30.000000 UTC,2023-06-07 16:15:35.000000 UTC,3,1497,2023-06-07 02:27:44.000000 UTC,
0b01ca5d-9b39-4254-9171-0cb703ade9c9,weekly.4.99.3d.trial,3,2023-05-18 16:34:37.000000 UTC,2023-05-18 16:34:37.000000 UTC,2023-08-10 16:34:52.000000 UTC,13,6487,,
0b12727c-3fe7-4d39-b678-76df2bc5c8df,weekly.2.49,7,,2023-08-15 12:35:30.000000 UTC,2023-09-27 12:34:55.000000 UTC,7,1743,,
0b1350f6-674a-4d91-9b8e-ecf3d0c539e5,monthly.9.99.3d.trial,3,2023-07-11 16:24:49.000000 UTC,2023-07-11 16:24:49.000000 UTC,2023-07-11 16:24:49.000000 UTC,1,999,2023-07-11 16:32:44.000000 UTC,
0b64ee5c-2d56-4764-900c-7bca85ff48fb,monthly.7.49,30,,2023-05-20 10:52:17.000000 UTC,2023-05-20 10:52:17.000000 UTC,1,749,,
0b796938-00ec-446b-91c7-6bf0ca1944b3,monthly.9.99.3d.trial,3,2023-09-08 06:00:44.000000 UTC,2023-09-08 06:00:44.000000 UTC,2023-11-05 06:00:20.000000 UTC,6,771108,,
0b8002e2-5dda-4032-8598-8a9653ad1412,weekly.2.49,7,,2023-03-05 09:12:55.000000 UTC,2023-04-10 08:13:27.000000 UTC,6,180229,2023-04-09 19:44:40.000000 UTC,
0b82408d-319e-4eb3-853f-0e76f85c93ad,weekly.4.99.3d.trial,3,2023-05-13 11:53:23.000000 UTC,2023-05-13 11:53:23.000000 UTC,2023-06-16 11:56:38.000000 UTC,6,2994,2023-06-19 19:13:20.000000 UTC,
0bb219b2-a5a7-4423-9630-6c306e260eb9,weekly.2.49,7,,2023-03-08 08:58:32.000000 UTC,2023-04-06 08:58:49.000000 UTC,5,59043,,
0bb7a7a4-5fd7-45df-b56d-e2f42c5daa79,weekly.2.49,7,,2023-03-31 12:01:11.000000 UTC,2023-06-30 12:03:33.000000 UTC,14,3486,2023-06-30 16:23:55.000000 UTC,
0bc6a0ba-6bcb-4b33-ba5f-87aa493e5ccb,weekly.2.49,7,,2023-04-22 16:18:36.000000 UTC,2023-04-30 16:18:18.000000 UTC,2,498,2023-04-30 14:31:14.000000 UTC,
0bd94ce2-bcda-43a7-8a4d-bc96a55e26a1,weekly.2.49,7,,2023-06-17 15:41:05.000000 UTC,2023-06-17 15:41:05.000000 UTC,1,249,,
0bdd5578-8d96-4499-9a52-cd61cd4b6a71,weekly.4.99.3d.trial,3,2023-05-17 13:44:38.000000 UTC,2023-05-17 13:44:38.000000 UTC,2023-05-24 19:44:51.000000 UTC,3,1497,2023-05-17 20:33:37.000000 UTC,
0beec29a-2ebe-455a-9abd-e4db90ba97c9,weekly.4.99.3d.trial,3,2023-06-08 18:15:07.000000 UTC,2023-06-08 18:15:07.000000 UTC,2023-06-08 18:15:07.000000 UTC,1,499,2023-06-13 19:49:11.000000 UTC,
0bf79631-29f5-4fe8-8e38-d2774cc2b8b6,weekly.2.49,7,,2023-03-10 08:32:21.000000 UTC,2023-10-18 19:20:40.000000 UTC,28,6723,,2023-05-16 01:44:22.000000 UTC
0c65fe16-0a56-4405-a4b4-a9ca92cf445d,weekly.2.49,7,,2023-03-27 07:37:53.000000 UTC,2023-03-27 07:37:53.000000 UTC,1,249,2023-04-02 02:24:53.000000 UTC,
0c70eaca-8a8d-417b-8390-33baede0905c,weekly.2.49,7,,2023-05-05 14:30:49.000000 UTC,2023-08-10 20:32:26.000000 UTC,11,2739,2023-07-08 15:03:50.000000 UTC,
0c910f92-fa5b-4ca3-b533-95570a7ed55e,monthly.7.49,30,,2023-03-06 12:12:51.000000 UTC,2023-11-08 11:12:38.000000 UTC,33,24717,,
0c986587-b4b7-4e9f-887f-3648dd799150,weekly.4.99.3d.trial,3,2023-06-03 22:44:14.000000 UTC,2023-06-03 22:44:14.000000 UTC,2023-06-18 22:44:08.000000 UTC,3,1497,,
0c9f652d-4798-4940-925a-1b4e5e6e1bec,weekly.2.49,7,,2023-05-04 06:59:42.000000 UTC,2023-05-04 06:59:42.000000 UTC,1,249,2023-05-10 22:36:46.000000 UTC,
0ca5147b-56a2-4ffd-a69f-5247fe347862,weekly.4.99.3d.trial,3,2023-03-30 23:37:00.000000 UTC,2023-03-30 23:37:00.000000 UTC,2023-06-21 23:37:37.000000 UTC,13,6487,2023-06-28 12:59:48.000000 UTC,
0ccfd7e1-0a34-4231-ba17-837cb0bb7536,weekly.4.99.3d.trial,3,2023-04-17 23:31:39.000000 UTC,2023-04-17 23:31:39.000000 UTC,2023-04-17 23:31:39.000000 UTC,1,499,2023-04-22 04:14:32.000000 UTC,
0ce2c6be-5d13-43f9-8af2-7b8bab33807f,monthly.9.99.3d.trial,3,2023-05-19 15:18:52.000000 UTC,2023-05-19 15:18:52.000000 UTC,2023-06-19 21:19:06.000000 UTC,3,2997,2023-05-19 15:28:23.000000 UTC,
0cfbcf67-6c4e-497c-b9c4-f01ad831465b,weekly.2.49,7,,2023-03-26 13:55:46.000000 UTC,2023-06-11 13:54:40.000000 UTC,11,2739,2023-06-18 03:42:04.000000 UTC,
0d41af33-e835-4b29-bb3e-d708bc31c341,weekly.2.49,7,,2023-04-19 14:46:02.000000 UTC,2023-04-19 14:46:02.000000 UTC,1,249,2023-04-22 14:12:38.000000 UTC,
0d90c83f-3efc-41b2-890e-dc0d9aaabb5b,weekly.2.49,7,,2023-06-05 00:52:39.000000 UTC,2023-10-16 00:51:21.000000 UTC,20,53496,,
0da2d9f6-8ae3-42f5-8759-581a7ceba1bb,weekly.4.99.3d.trial,3,2023-05-27 19:56:34.000000 UTC,2023-05-27 19:56:34.000000 UTC,2023-06-24 13:54:20.000000 UTC,5,2495,2023-06-24 05:40:50.000000 UTC,
0dac06c6-8ba4-4520-8668-ce80f39bbcf2,weekly.4.99.3d.trial,3,2023-06-06 10:38:53.000000 UTC,2023-06-06 10:38:53.000000 UTC,2023-07-12 15:58:27.000000 UTC,4,1996,2023-07-12 16:40:09.000000 UTC,
0dd485fd-4626-4598-8af9-eaac7a5b728f,monthly.9.99.3d.trial,3,2023-03-05 20:42:45.000000 UTC,2023-03-05 20:42:45.000000 UTC,2023-05-09 19:42:25.000000 UTC,7,5994,2023-04-18 18:22:14.000000 UTC,2023-03-11 19:42:08.000000 UTC
0dda7ff3-bb39-462c-a227-76977d3e11da,weekly.4.99.3d.trial,3,2023-03-21 04:51:03.000000 UTC,2023-03-21 04:51:03.000000 UTC,2023-04-04 04:51:22.000000 UTC,3,1497,2023-04-07 14:16:54.000000 UTC,
0ddee984-c898-406b-934c-c0fd82b678f3,monthly.9.99.3d.trial,3,2023-04-22 17:07:15.000000 UTC,2023-04-22 17:07:15.000000 UTC,2023-05-22 11:06:02.000000 UTC,2,1998,2023-05-01 12:15:15.000000 UTC,
0de16200-3ade-4ef9-bc15-783e33d628a6,weekly.2.49,7,,2023-03-26 12:37:49.000000 UTC,2023-04-14 05:15:39.000000 UTC,3,747,2023-04-08 21:50:14.000000 UTC,
0df97839-15ac-4e6d-ac32-9887742393e0,weekly.2.49,7,,2023-04-27 09:08:00.000000 UTC,2023-06-16 09:07:51.000000 UTC,8,1992,2023-06-17 15:00:09.000000 UTC,
0e2e3798-2a82-4daf-b286-2791d461d71e,weekly.2.49,7,,2023-04-07 08:49:44.000000 UTC,2023-04-07 08:49:44.000000 UTC,1,249,2023-04-12 17:10:27.000000 UTC,
0e644b2c-f29b-4188-97dc-c6ed66ec145c,weekly.2.49,7,,2023-03-13 23:38:59.000000 UTC,2023-03-13 23:38:59.000000 UTC,1,249,,
0e685c2d-27f1-4ac6-8893-681562cd9971,weekly.2.49,7,,2023-05-21 01:12:23.000000 UTC,2023-08-18 15:12:12.000000 UTC,10,2241,,2023-08-10 23:12:13.000000 UTC
0ec69d65-45ba-4d96-b383-6ab47e3d9e73,monthly.7.49,30,,2023-04-27 16:10:19.000000 UTC,2023-05-27 16:11:07.000000 UTC,2,1498,2023-05-04 22:23:33.000000 UTC,
0ec843ad-c68d-4e94-b1fb-9c6b16d4ca07,weekly.2.49,7,,2023-05-24 14:39:23.000000 UTC,2023-05-31 14:39:29.000000 UTC,2,498,,
0ece47c9-2cd6-4365-8248-96ae00ac23c8,weekly.2.49,7,,2023-05-25 11:35:08.000000 UTC,2023-08-10 11:35:19.000000 UTC,12,2988,2023-08-10 15:55:21.000000 UTC,
0ecfd2cd-2857-476f-9eb1-f48a20a2da10,weekly.2.49,7,,2023-03-09 02:56:29.000000 UTC,2023-03-17 02:56:21.000000 UTC,2,498,2023-03-22 11:09:00.000000 UTC,
0f0f81c7-b403-41e7-9ec8-d2e2ce4a2020,weekly.4.99.3d.trial,3,2023-06-05 11:36:23.000000 UTC,2023-06-05 11:36:23.000000 UTC,2023-07-04 11:35:37.000000 UTC,5,322798,2023-07-06 04:48:14.000000 UTC,
0f11da56-d7f3-4438-88cb-7a72aa50443d,monthly.9.99.3d.trial,3,2023-04-15 11:04:41.000000 UTC,2023-04-15 11:04:41.000000 UTC,2023-05-22 11:03:39.000000 UTC,3,2997,2023-04-30 14:23:35.000000 UTC,
0f47fc94-61c1-4980-84cf-bb6a83b7a09e,weekly.4.99.3d.trial,3,2023-03-18 10:46:19.000000 UTC,2023-03-18 10:46:19.000000 UTC,2023-03-18 10:46:19.000000 UTC,1,499,2023-03-17 20:33:23.000000 UTC,
0f5cd892-1089-4e46-b281-37b4388f163e,weekly.2.49,7,,2023-03-16 13:42:48.000000 UTC,2023-03-16 13:42:48.000000 UTC,1,249,2023-03-16 17:48:30.000000 UTC,
0f63f1fa-3529-4321-99b8-1a670cf373dc,weekly.2.49,7,,2023-04-13 23:54:37.000000 UTC,2023-04-22 05:54:52.000000 UTC,4,747,2023-04-15 06:01:46.000000 UTC,2023-04-13 23:54:37.000000 UTC
0f7f238e-49c3-4ecc-8a29-8b4ad81c79c3,weekly.2.49,7,,2023-03-13 10:55:10.000000 UTC,2023-03-21 10:54:48.000000 UTC,2,249,2023-03-21 22:41:29.000000 UTC,2023-03-13 10:55:10.000000 UTC
0f846ea1-78a8-434a-9fc6-395c989078c6,monthly.9.99.3d.trial,3,2023-05-20 15:34:34.000000 UTC,2023-05-20 15:34:34.000000 UTC,2023-05-20 15:34:34.000000 UTC,1,999,2023-08-19 08:50:15.000000 UTC,
0f96b5d2-8d63-4936-b799-9383a126c487,weekly.2.49,7,,2023-05-14 13:45:47.000000 UTC,2023-06-26 13:44:26.000000 UTC,7,1743,2023-06-26 11:24:33.000000 UTC,
0fa495f7-7c3a-42d9-9d74-ffc230bc1a2d,weekly.4.99.3d.trial,3,2023-05-03 06:40:24.000000 UTC,2023-05-03 06:40:24.000000 UTC,2023-09-27 10:20:34.000000 UTC,9,4491,2023-10-01 15:27:17.000000 UTC,
0fd060df-bfdb-4fe2-8758-9e38409a2e9a,weekly.4.99.3d.trial,3,2023-03-15 11:50:01.000000 UTC,2023-03-15 11:50:01.000000 UTC,2023-10-18 11:50:15.000000 UTC,36,201413,,
0fd0bae7-2fd8-4c69-be7e-384960cdac7c,weekly.2.49,7,,2023-08-21 15:07:58.000000 UTC,2023-08-21 15:07:58.000000 UTC,1,249,2023-08-26 12:57:30.000000 UTC,
100f13c6-45fd-490c-a4be-58f9b04a606d,weekly.2.49,7,,2023-03-24 08:15:34.000000 UTC,2023-04-24 18:56:26.000000 UTC,5,1245,2023-04-16 13:46:25.000000 UTC,
1057c405-e820-4d00-8599-9b74c12864ee,weekly.4.99.3d.trial,3,2023-03-24 06:01:18.000000 UTC,2023-03-24 06:01:18.000000 UTC,2023-04-06 06:07:44.000000 UTC,3,492364,2023-04-06 18:29:16.000000 UTC,
1079f6b0-29e8-4b64-8a5b-5c5943c07ccb,weekly.2.49,7,,2023-03-25 15:15:53.000000 UTC,2023-07-02 15:16:07.000000 UTC,17,4233,2023-07-06 00:16:15.000000 UTC,
10a1cfea-0b96-405d-8b5c-cc9c35c64fc3,weekly.2.49,7,,2023-06-06 07:41:29.000000 UTC,2023-07-04 07:43:00.000000 UTC,5,1245,2023-07-06 23:46:56.000000 UTC,
10aa5b35-9419-4f16-8cf0-816db274441d,monthly.9.99.3d.trial,3,2023-04-25 21:44:29.000000 UTC,2023-04-25 21:44:29.000000 UTC,2023-04-25 21:44:29.000000 UTC,1,999,2023-05-07 20:29:13.000000 UTC,
10c11470-5459-4416-9eda-6f3e62affaf5,weekly.4.99.3d.trial,3,2023-04-29 13:27:54.000000 UTC,2023-04-29 13:27:54.000000 UTC,2023-10-06 21:00:14.000000 UTC,2,998,2023-10-10 21:06:11.000000 UTC,
10f55dd3-c7b2-43bc-97c9-e8496e70bb2b,weekly.4.99.3d.trial,3,2023-03-07 08:58:38.000000 UTC,2023-03-07 08:58:38.000000 UTC,2023-03-07 08:58:38.000000 UTC,1,499,2023-03-11 19:46:54.000000 UTC,
10fb959a-e3f4-414c-b720-99898f61ef8d,weekly.4.99.3d.trial,3,2023-03-16 11:39:18.000000 UTC,2023-03-16 11:39:18.000000 UTC,2023-03-16 11:39:18.000000 UTC,1,499,2023-03-15 12:05:51.000000 UTC,
11063104-ac93-4314-914a-2fcbcbffba71,weekly.4.99.3d.trial,3,2023-07-27 16:59:17.000000 UTC,2023-07-27 16:59:17.000000 UTC,2023-08-03 16:59:19.000000 UTC,2,998,2023-07-27 17:03:29.000000 UTC,
1109b5cd-b6f8-484c-8156-0b3c4a137cac,monthly.9.99.3d.trial,3,2023-05-20 14:31:51.000000 UTC,2023-05-20 14:31:51.000000 UTC,2023-05-20 14:31:51.000000 UTC,1,999,,
113647a1-523d-491d-b9f4-eaedc0dd8927,monthly.9.99.3d.trial,3,2023-03-09 13:16:45.000000 UTC,2023-03-09 13:16:45.000000 UTC,2023-05-20 13:15:18.000000 UTC,8,7992,2023-04-27 05:39:01.000000 UTC,
114390c1-9e96-4644-b6e0-a5282457500c,weekly.2.49,7,,2023-06-07 10:53:27.000000 UTC,2023-06-30 10:51:37.000000 UTC,4,996,2023-07-04 16:42:23.000000 UTC,
1173988c-56b3-4c32-80ec-2a5f3bf8acac,monthly.7.49,30,,2023-08-31 07:51:21.000000 UTC,2023-10-08 07:50:49.000000 UTC,3,2247,2023-09-19 20:50:59.000000 UTC,
11793f65-feb6-43ab-912b-47bda12f9950,weekly.4.99.3d.trial,3,2023-06-10 19:05:39.000000 UTC,2023-06-10 19:05:39.000000 UTC,2023-07-19 09:06:47.000000 UTC,8,3992,2023-07-25 22:49:49.000000 UTC,
11a15bb7-d17a-4a60-bed1-84410c2c2233,weekly.2.49,7,,2023-04-13 04:22:43.000000 UTC,2023-06-23 04:22:15.000000 UTC,11,380148,2023-06-23 23:40:49.000000 UTC,2023-06-22 04:22:15.000000 UTC
11e255be-23ab-4147-a634-4f612d63f82f,weekly.2.49,7,,2023-03-12 04:41:17.000000 UTC,2023-10-16 04:40:20.000000 UTC,31,7221,,2023-06-11 04:40:20.000000 UTC
11f6bdbe-b584-4263-ba7e-65b40ca2aa66,monthly.9.99.3d.trial,3,2023-03-21 01:34:28.000000 UTC,2023-03-21 01:34:28.000000 UTC,2023-08-09 17:35:21.000000 UTC,19,18981,2023-07-20 21:01:39.000000 UTC,
126741d6-7c63-4bdc-83e8-d511e7266aec,weekly.2.49,7,,2023-05-23 11:13:52.000000 UTC,2023-09-13 11:14:06.000000 UTC,17,3984,2023-09-15 13:17:50.000000 UTC,2023-07-04 11:14:31.000000 UTC
127eae78-6875-4999-936e-c46c2fb28294,monthly.7.49,30,,2023-05-14 12:13:22.000000 UTC,2023-06-13 18:14:55.000000 UTC,2,1498,2023-05-23 00:43:45.000000 UTC,
1292720e-a7f7-44da-ab2d-1e16d2280878,weekly.2.49,7,,2023-03-10 12:42:41.000000 UTC,2023-05-06 12:42:41.000000 UTC,8,1992,2023-05-09 15:16:34.000000 UTC,
12b2694b-df51-455d-91b2-4416d6c1044d,monthly.9.99.3d.trial,3,2023-05-19 17:43:43.000000 UTC,2023-05-19 17:43:43.000000 UTC,2023-05-19 17:43:43.000000 UTC,1,999,2023-05-20 00:49:45.000000 UTC,
1316e238-5c65-4a82-95e6-7002bf212d30,weekly.4.99.3d.trial,3,2023-03-08 16:42:53.000000 UTC,2023-03-08 16:42:53.000000 UTC,2023-03-08 16:42:53.000000 UTC,1,499,,
13536e3d-8f8c-4a53-8ead-8b90cc1f340f,monthly.9.99.3d.trial,3,2023-04-29 00:37:06.000000 UTC,2023-04-29 00:37:06.000000 UTC,2023-08-20 00:34:54.000000 UTC,14,12987,2023-08-02 08:34:19.000000 UTC,2023-07-07 00:33:34.000000 UTC
1380564b-20ec-4168-944b-b78a40ae6f6e,monthly.9.99.3d.trial,3,2023-03-24 16:10:41.000000 UTC,2023-03-24 16:10:41.000000 UTC,2023-04-22 16:11:37.000000 UTC,2,1998,2023-04-05 05:43:08.000000 UTC,
138533a5-f157-4a7b-9b44-640074ee1851,weekly.2.49,7,,2023-04-22 11:16:17.000000 UTC,2023-06-25 13:44:41.000000 UTC,10,2490,2023-06-26 01:42:42.000000 UTC,
13c4383b-7b18-4b4e-9961-ad86db3a3386,monthly.9.99.3d.trial,3,2023-03-11 23:02:41.000000 UTC,2023-03-11 23:02:41.000000 UTC,2023-05-30 02:43:19.000000 UTC,11,486154,2023-05-07 11:52:45.000000 UTC,
13cdef11-152e-49f0-a2e3-643c4a4f99f1,weekly.2.49,7,,2023-05-20 23:36:17.000000 UTC,2023-10-14 23:35:31.000000 UTC,21,116035,,
13d2edc4-9e41-4fee-b9a4-0f187a53cbe9,monthly.9.99.3d.trial,3,2023-05-02 19:30:15.000000 UTC,2023-05-02 19:30:15.000000 UTC,2023-05-02 19:30:15.000000 UTC,1,999,2023-05-06 21:42:12.000000 UTC,
13d509b9-4e29-4cda-8c26-8f9b2d69dea5,weekly.2.49,7,,2023-03-26 08:31:39.000000 UTC,2023-03-26 08:31:39.000000 UTC,1,249,2023-03-28 01:10:12.000000 UTC,
140407c1-7027-444f-8f8b-324ae01b0b52,monthly.7.49,30,,2023-04-30 13:59:49.000000 UTC,2023-07-05 05:07:55.000000 UTC,5,3745,2023-06-18 00:01:50.000000 UTC,
1413806d-1be0-4f21-b8d6-28c733f09002,monthly.9.99.3d.trial,3,2023-05-14 08:17:23.000000 UTC,2023-05-14 08:17:23.000000 UTC,2023-08-22 08:17:05.000000 UTC,12,11988,2023-07-30 18:57:13.000000 UTC,
142e03c0-96e0-41bc-ba2f-aa7c7a614d8d,monthly.9.99.3d.trial,3,2023-04-26 04:42:12.000000 UTC,2023-04-26 04:42:12.000000 UTC,2023-11-10 04:40:02.000000 UTC,26,25974,,
144f456e-ee2d-47a9-a67e-3093057b24f9,weekly.4.99.3d.trial,3,2023-03-27 16:51:03.000000 UTC,2023-03-27 16:51:03.000000 UTC,2023-06-12 16:50:58.000000 UTC,12,5988,2023-06-15 23:14:10.000000 UTC,
1460d678-c780-43ab-b7e9-87a2e23701f6,weekly.2.49,7,,2023-04-07 01:03:05.000000 UTC,2023-05-10 13:23:25.000000 UTC,5,996,2023-05-10 16:13:19.000000 UTC,2023-04-07 01:03:05.000000 UTC
1462468c-63b8-433c-81f3-8368d5917c60,monthly.9.99.3d.trial,3,2023-04-01 19:05:14.000000 UTC,2023-04-01 19:05:14.000000 UTC,2023-05-30 11:05:39.000000 UTC,6,839053,2023-05-10 01:03:11.000000 UTC,
1472b25f-751f-4439-9f7e-bcdab3b294df,weekly.2.49,7,,2023-04-28 17:05:44.000000 UTC,2023-05-05 17:06:01.000000 UTC,2,498,2023-05-08 16:01:09.000000 UTC,
1496e976-c6e6-4976-aa69-0c20bc752e70,weekly.4.99.3d.trial,3,2023-03-07 04:35:17.000000 UTC,2023-03-07 04:35:17.000000 UTC,2023-03-07 04:35:17.000000 UTC,1,499,2023-03-07 00:46:54.000000 UTC,
149e2332-2ea2-4496-ac69-dcf3cd9720de,weekly.4.99.3d.trial,3,2023-04-25 12:58:08.000000 UTC,2023-04-25 12:58:08.000000 UTC,2023-10-12 03:09:28.000000 UTC,16,335176,,
14e62a3e-2761-4f36-b6c5-cd6666fe6a44,weekly.2.49,7,,2023-05-02 07:23:29.000000 UTC,2023-06-13 07:23:57.000000 UTC,7,1743,,
14fe95b1-98f1-42d5-a599-33d3c5f3d1f0,weekly.2.49,7,,2023-03-24 05:11:53.000000 UTC,2023-03-24 05:11:53.000000 UTC,1,249,2023-03-24 23:11:16.000000 UTC,
153ab7ca-c23e-4264-a67f-226b4eda72b6,weekly.2.49,7,,2023-05-18 12:38:30.000000 UTC,2023-06-22 12:38:06.000000 UTC,6,1494,2023-06-24 02:20:04.000000 UTC,
15651d40-5e1a-45f9-aa61-3939aa265767,weekly.2.49,7,,2023-05-14 19:02:51.000000 UTC,2023-05-27 07:12:29.000000 UTC,3,747,2023-05-31 20:46:34.000000 UTC,
158dbb2f-e91d-4a52-be3c-68b5dbd8527b,monthly.7.49,30,,2023-03-05 15:28:43.000000 UTC,2023-06-07 07:47:40.000000 UTC,11,8239,2023-05-19 22:05:57.000000 UTC,
15c8f10e-0df0-4019-93f1-0e72400bff16,weekly.2.49,7,,2023-06-06 01:29:45.000000 UTC,2023-10-18 01:29:37.000000 UTC,20,9589,,
15d785ff-563d-41a1-91cd-fe8082fe451a,weekly.2.49,7,,2023-08-04 17:56:21.000000 UTC,2023-08-04 17:56:21.000000 UTC,1,249,2023-08-05 19:13:03.000000 UTC,
15e05d57-9953-431d-8bed-55389a67b204,monthly.7.49,30,,2023-06-02 16:47:47.000000 UTC,2023-07-31 16:47:28.000000 UTC,6,4494,,
15e25102-ac8e-40a9-91e5-01b7a74a56d9,weekly.2.49,7,,2023-06-05 03:44:28.000000 UTC,2023-10-16 03:43:56.000000 UTC,20,223827,2023-10-16 20:26:40.000000 UTC,2023-06-19 03:43:06.000000 UTC
15e5bd03-0e33-40ea-b382-3455029cd8d0,weekly.2.49,7,,2023-03-26 00:56:50.000000 UTC,2023-03-26 00:56:50.000000 UTC,1,249,2023-04-01 22:52:19.000000 UTC,
15fe6c31-a87b-4d43-9fdf-2642080525bf,weekly.2.49,7,,2023-03-15 09:32:13.000000 UTC,2023-10-16 08:27:51.000000 UTC,31,7470,,2023-06-22 14:37:05.000000 UTC
1605bb4d-c4d4-4c43-96ee-5dac6bb03893,weekly.4.99.3d.trial,3,2023-03-25 07:46:57.000000 UTC,2023-03-25 07:46:57.000000 UTC,2023-03-25 07:46:57.000000 UTC,1,499,2023-03-25 01:16:07.000000 UTC,
160e56bd-1734-4f3f-946b-c1bc1d5c0c06,weekly.2.49,7,,2023-03-07 13:02:31.000000 UTC,2023-06-27 13:04:01.000000 UTC,17,4233,2023-06-28 13:15:19.000000 UTC,
16390888-8ae5-4b48-9e27-29adfc0e3d26,weekly.2.49,7,,2023-03-10 05:31:36.000000 UTC,2023-04-01 05:28:34.000000 UTC,4,996,2023-04-03 12:21:11.000000 UTC,
1652c7c2-65d8-4655-ba94-dcb1497751a0,monthly.9.99.3d.trial,3,2023-03-27 12:01:40.000000 UTC,2023-03-27 12:01:40.000000 UTC,2023-06-13 18:02:07.000000 UTC,9,749747,2023-06-03 20:24:06.000000 UTC,
1654d6ac-eaa4-45ba-8779-549090cea691,monthly.9.99.3d.trial,3,2023-03-09 15:22:14.000000 UTC,2023-03-09 15:22:14.000000 UTC,2023-07-14 15:22:02.000000 UTC,16,15984,2023-06-24 16:21:29.000000 UTC,
16d1cd94-d42c-404a-9d0a-b237c218a138,weekly.4.99.3d.trial,3,2023-04-16 16:54:42.000000 UTC,2023-04-16 16:54:42.000000 UTC,2023-05-13 16:55:54.000000 UTC,5,2495,,
16e46b23-b765-4465-a6e1-a3aa15ff62fe,weekly.2.49,7,,2023-05-18 23:43:54.000000 UTC,2023-05-18 23:43:54.000000 UTC,1,249,2023-05-22 18:32:51.000000 UTC,
16f7e47e-cd23-4c9e-8270-b22c09bd52a6,weekly.4.99.3d.trial,3,2023-03-05 11:03:57.000000 UTC,2023-03-05 11:03:57.000000 UTC,2023-03-12 10:02:25.000000 UTC,2,998,2023-03-17 19:32:36.000000 UTC,
1732f803-27bd-4064-9e1a-0c69e96f112c,monthly.7.49,30,,2023-03-10 10:16:22.000000 UTC,2023-06-26 10:16:11.000000 UTC,16,11984,2023-06-05 20:32:57.000000 UTC,
175b294c-d4f1-48ff-8dad-e4aef1c80c49,weekly.2.49,7,,2023-04-20 05:08:08.000000 UTC,2023-04-20 05:08:08.000000 UTC,1,249,2023-04-21 21:03:18.000000 UTC,
17892878-f996-4862-ae29-1a767cf1762f,weekly.2.49,7,,2023-07-20 08:35:16.000000 UTC,2023-07-20 08:35:16.000000 UTC,1,249,2023-07-20 08:38:58.000000 UTC,
17954cfc-8de2-4058-bcd8-e46f674c6631,weekly.2.49,7,,2023-05-29 11:53:17.000000 UTC,2023-05-29 11:53:17.000000 UTC,1,249,2023-06-02 15:20:45.000000 UTC,
179f3c46-f88e-4333-bf8c-1ebd5fe834ad,monthly.7.49,30,,2023-04-14 18:47:01.000000 UTC,2023-04-14 18:47:01.000000 UTC,1,749,,
17ae90f7-d94a-4dd8-a858-4e0932c245a4,weekly.4.99.3d.trial,3,2023-08-20 17:46:52.000000 UTC,2023-08-20 17:46:52.000000 UTC,2023-08-20 17:46:52.000000 UTC,1,172447,2023-04-09 18:35:03.000000 UTC,
17c3a76f-4e9e-4777-94e8-c744e79a8b5e,weekly.2.49,7,,2023-04-25 16:57:43.000000 UTC,2023-05-17 16:57:26.000000 UTC,4,996,2023-05-17 18:44:46.000000 UTC,
17c3fb3f-dc21-4843-92ef-e43588050052,weekly.4.99.3d.trial,3,2023-04-13 14:11:21.000000 UTC,2023-04-13 14:11:21.000000 UTC,2023-10-12 14:10:46.000000 UTC,27,13473,,
17c5f8c8-d9a8-45c4-894a-7cffb0425f1e,weekly.4.99.3d.trial,3,2023-03-30 13:11:07.000000 UTC,2023-03-30 13:11:07.000000 UTC,2023-03-30 13:11:07.000000 UTC,1,499,2023-03-29 15:34:41.000000 UTC,
17cd83a0-3216-4e36-8467-7b812947513a,weekly.2.49,7,,2023-05-26 02:37:54.000000 UTC,2023-05-26 02:37:54.000000 UTC,1,249,,
17d3f3f1-6b9d-430b-a64b-34391bedc0ed,weekly.4.99.3d.trial,3,2023-04-09 01:06:59.000000 UTC,2023-04-09 01:06:59.000000 UTC,2023-07-22 03:03:09.000000 UTC,16,193377,2023-07-28 20:48:04.000000 UTC,2023-04-29 03:02:23.000000 UTC
17d5b12c-c00a-46cc-87f1-5f479caf66db,weekly.4.99.3d.trial,3,2023-05-02 13:31:13.000000 UTC,2023-05-02 13:31:13.000000 UTC,2023-06-20 13:31:30.000000 UTC,8,3992,2023-06-24 03:48:29.000000 UTC,
17dafda8-4e32-467a-99e6-bad3b4b151b5,weekly.4.99.3d.trial,3,2023-04-04 05:52:51.000000 UTC,2023-04-04 05:52:51.000000 UTC,2023-04-11 05:52:24.000000 UTC,2,998,2023-04-17 00:22:14.000000 UTC,
17f42cc1-117b-4d90-bb1b-b9f60be321a4,monthly.9.99.3d.trial,3,2023-03-23 12:45:17.000000 UTC,2023-03-23 12:45:17.000000 UTC,2023-04-29 12:45:54.000000 UTC,3,2997,2023-04-06 17:25:28.000000 UTC,
17fb0ed5-3722-4dba-a9d3-6b7f8991057b,monthly.7.49,30,,2023-05-15 18:09:38.000000 UTC,2023-07-12 18:14:35.000000 UTC,6,4494,2023-06-25 05:57:13.000000 UTC,
1806efb1-7ef2-46b1-8c53-38912fb4a2a3,weekly.2.49,7,,2023-06-17 20:30:59.000000 UTC,2023-08-14 18:54:23.000000 UTC,2,498,,
1830f6c1-987d-410e-831e-4e7c79c248df,weekly.2.49,7,,2023-04-21 22:22:28.000000 UTC,2023-06-09 16:23:48.000000 UTC,8,1992,2023-06-09 16:41:16.000000 UTC,
184574a6-77ee-4a79-85a1-db37468b69c1,weekly.2.49,7,,2023-05-12 12:24:01.000000 UTC,2023-10-14 12:24:32.000000 UTC,23,430461,,
1866a95e-f65f-4183-b67b-97a3f342d1aa,monthly.7.49,30,,2023-05-08 05:56:30.000000 UTC,2023-05-08 05:56:30.000000 UTC,1,749,2023-05-12 02:59:42.000000 UTC,
188b2848-4cd7-45dd-95b5-acd5bb35b465,weekly.2.49,7,,2023-05-20 14:03:44.000000 UTC,2023-06-04 14:03:35.000000 UTC,3,747,2023-06-06 18:52:02.000000 UTC,
189acb66-89c3-4b2a-ba25-0c6b9a8d5407,weekly.2.49,7,,2023-06-01 09:41:05.000000 UTC,2023-10-03 14:45:21.000000 UTC,15,3735,2023-10-04 04:44:06.000000 UTC,
189fec78-3f8f-4ab4-a130-41fc8a7dd531,weekly.4.99.3d.trial,3,2023-03-09 02:15:40.000000 UTC,2023-03-09 02:15:40.000000 UTC,2023-03-09 02:15:40.000000 UTC,1,499,2023-03-08 14:10:47.000000 UTC,
18b7228b-5b67-4c86-ad89-3ef87c7a5981,weekly.4.99.3d.trial,3,2023-04-12 12:47:50.000000 UTC,2023-04-12 12:47:50.000000 UTC,2023-09-27 14:34:38.000000 UTC,16,7984,2023-09-21 18:41:20.000000 UTC,
18df4e3f-36e1-4d4d-8d12-5479e5cc5c74,weekly.2.49,7,,2023-04-19 05:14:16.000000 UTC,2023-06-15 05:13:40.000000 UTC,9,2241,2023-06-15 02:44:43.000000 UTC,
18e8be13-1dc5-4434-9717-5c2b020bfb40,weekly.2.49,7,,2023-04-01 10:29:05.000000 UTC,2023-04-09 04:28:57.000000 UTC,2,498,2023-04-07 00:20:27.000000 UTC,
18faa076-dea8-47bd-aa0c-8f91dc5012b7,weekly.4.99.3d.trial,3,2023-05-06 08:35:24.000000 UTC,2023-05-06 08:35:24.000000 UTC,2023-07-08 08:35:22.000000 UTC,10,4990,2023-07-12 05:34:49.000000 UTC,
190cd08b-2ff0-4f9b-8e20-8483d9ae4dcb,weekly.2.49,7,,2023-03-10 23:02:27.000000 UTC,2023-03-29 11:28:56.000000 UTC,4,996,,
1911ae54-c6c3-472a-bc6a-70f84344cab7,weekly.2.49,7,,2023-05-07 04:44:22.000000 UTC,2023-05-07 04:44:22.000000 UTC,1,249,2023-05-07 05:16:46.000000 UTC,
192dc874-c00e-4f88-b4a6-7112d193a6a3,weekly.4.99.3d.trial,3,2023-04-21 14:45:51.000000 UTC,2023-04-21 14:45:51.000000 UTC,2023-10-12 14:04:27.000000 UTC,27,13473,,
192f1b47-7d5b-4e3a-b8dc-b15a2dace1b3,weekly.4.99.3d.trial,3,2023-04-26 06:41:04.000000 UTC,2023-04-26 06:41:04.000000 UTC,2023-04-26 06:41:04.000000 UTC,1,499,2023-04-26 22:02:04.000000 UTC,
193419be-61ef-4fbf-9a0b-1f43bf1e0c71,weekly.4.99.3d.trial,3,2023-05-28 06:34:21.000000 UTC,2023-05-28 06:34:21.000000 UTC,2023-05-28 06:34:21.000000 UTC,1,499,2023-06-02 13:52:35.000000 UTC,
19395ecc-7dab-4bda-819d-355ac8a9c8d0,monthly.7.49,30,,2023-05-13 14:03:48.000000 UTC,2023-10-09 14:03:13.000000 UTC,19,98369,,
194369a9-db06-4b8b-85dc-13276eac87ef,weekly.2.49,7,,2023-05-02 14:23:32.000000 UTC,2023-05-24 14:22:56.000000 UTC,4,180676,2023-05-24 11:37:32.000000 UTC,
19476a23-0f52-4edc-b7d4-17f2b78ffc62,weekly.4.99.3d.trial,3,2023-03-03 22:03:34.000000 UTC,2023-03-03 22:03:34.000000 UTC,2023-09-03 13:04:16.000000 UTC,7,2994,,2023-07-07 00:21:25.000000 UTC
19769fbe-6f08-4f24-b242-2a1b8d63d5eb,monthly.9.99.3d.trial,3,2023-04-08 00:23:55.000000 UTC,2023-04-08 00:23:55.000000 UTC,2023-08-06 00:23:43.000000 UTC,15,14985,,
197f5984-ceee-4d07-b293-0fae8e8784f8,weekly.2.49,7,,2023-04-20 12:50:45.000000 UTC,2023-05-05 12:51:02.000000 UTC,3,747,2023-05-04 12:56:55.000000 UTC,
198c8c57-ab99-42dd-92da-ed0e8bd2d775,monthly.7.49,30,,2023-03-29 14:18:52.000000 UTC,2023-03-29 14:18:52.000000 UTC,1,749,2023-03-29 15:48:48.000000 UTC,
1995f0b2-8e5e-42dc-8b64-430ff331ae88,weekly.2.49,7,,2023-05-27 11:03:03.000000 UTC,2023-06-04 11:01:41.000000 UTC,2,498,2023-06-03 19:08:12.000000 UTC,
19a3a92b-26a2-4257-b1fe-901895901e4c,weekly.2.49,7,,2023-04-07 16:02:30.000000 UTC,2023-10-14 16:02:05.000000 UTC,28,99680,,2023-06-30 16:08:16.000000 UTC
19b700e8-f136-4331-9c61-9fd711a74f42,monthly.7.49,30,,2023-05-02 05:56:00.000000 UTC,2023-06-01 05:56:26.000000 UTC,2,1498,2023-05-14 22:12:18.000000 UTC,
19bedd28-5096-496d-850b-bdd694b4ee53,weekly.2.49,7,,2023-05-08 09:18:22.000000 UTC,2023-08-29 09:17:47.000000 UTC,17,4233,2023-08-29 09:01:52.000000 UTC,
1a2ba92a-c4f6-463c-8bfc-131ed09f62d9,weekly.2.49,7,,2023-04-28 02:29:45.000000 UTC,2023-09-29 02:29:47.000000 UTC,23,30717,,2023-06-16 02:29:20.000000 UTC
1a30ad79-447d-4063-9d21-e6b3702e8e86,weekly.2.49,7,,2023-04-18 05:38:21.000000 UTC,2023-04-18 05:38:21.000000 UTC,1,249,2023-04-19 08:16:39.000000 UTC,
1a34cc1f-608f-411b-b08a-9c9520415487,weekly.4.99.3d.trial,3,2023-03-05 15:21:08.000000 UTC,2023-03-05 15:21:08.000000 UTC,2023-03-05 15:21:08.000000 UTC,1,499,2023-03-06 14:53:17.000000 UTC,
1a5933c4-cb9d-4d7a-a669-8e401efc0824,weekly.4.99.3d.trial,3,2023-05-06 20:39:10.000000 UTC,2023-05-06 20:39:10.000000 UTC,2023-05-06 20:39:10.000000 UTC,1,499,2023-05-05 09:17:30.000000 UTC,
1a66d256-8008-423f-b612-6c1cc6afb682,monthly.9.99.3d.trial,3,2023-04-18 14:15:18.000000 UTC,2023-04-18 14:15:18.000000 UTC,2023-10-25 22:43:28.000000 UTC,25,790930,,
1a6fa175-5681-4056-90db-5aa9ba5834b9,weekly.2.49,7,,2023-03-29 07:47:56.000000 UTC,2023-03-29 07:47:56.000000 UTC,1,249,2023-03-29 17:44:04.000000 UTC,
1a7e1814-fcd0-4de4-8bb1-0ad418a4b471,weekly.4.99.3d.trial,3,2023-06-01 14:56:19.000000 UTC,2023-06-01 14:56:19.000000 UTC,2023-06-16 06:56:35.000000 UTC,3,1497,,
1a87dcdc-cf76-4370-b5f4-91664088b34a,monthly.9.99.3d.trial,3,2023-03-08 17:03:45.000000 UTC,2023-03-08 17:03:45.000000 UTC,2023-05-20 05:54:41.000000 UTC,9,8991,2023-04-23 05:59:28.000000 UTC,
1a8b5c78-042a-40b0-8b37-cc0238db1a5f,weekly.2.49,7,,2023-05-19 20:28:11.000000 UTC,2023-06-17 20:28:02.000000 UTC,5,1245,2023-06-21 03:17:14.000000 UTC,
1ae75e9a-4d1c-424f-bd77-e641f33f27df,weekly.2.49,7,,2023-05-03 07:30:17.000000 UTC,2023-05-03 07:30:17.000000 UTC,1,249,2023-05-07 00:34:33.000000 UTC,
1af00705-84db-4ef7-8456-02f4ff3a3a95,monthly.9.99.3d.trial,3,2023-05-16 19:51:38.000000 UTC,2023-05-16 19:51:38.000000 UTC,2023-05-16 19:51:38.000000 UTC,1,999,2023-05-18 07:24:09.000000 UTC,
1b3c596e-2f1c-47f5-a132-7d6913a36ad1,weekly.2.49,7,,2023-05-05 11:54:27.000000 UTC,2023-10-06 11:54:33.000000 UTC,23,5727,2023-10-10 14:48:19.000000 UTC,
1b522aac-8fa0-4f61-a473-415d5666d583,weekly.4.99.3d.trial,3,2023-04-07 10:58:52.000000 UTC,2023-04-07 10:58:52.000000 UTC,2023-06-08 10:54:55.000000 UTC,9,4491,2023-06-10 12:32:20.000000 UTC,
1b683bde-6618-470b-9ed6-1836da91c147,monthly.9.99.3d.trial,3,2023-05-13 13:51:52.000000 UTC,2023-05-13 13:51:52.000000 UTC,2023-06-12 19:52:02.000000 UTC,2,1998,2023-05-13 19:09:27.000000 UTC,
1b9f1f6f-c432-4673-ab06-d3fe3fa1df52,weekly.4.99.3d.trial,3,2023-03-27 04:41:25.000000 UTC,2023-03-27 04:41:25.000000 UTC,2023-03-27 04:41:25.000000 UTC,1,499,2023-03-26 10:52:32.000000 UTC,
1baf836a-769f-4362-af38-1491a9d30788,monthly.9.99.3d.trial,3,2023-05-23 09:11:56.000000 UTC,2023-05-23 09:11:56.000000 UTC,2023-07-27 09:11:25.000000 UTC,7,6993,2023-07-05 02:47:42.000000 UTC,
1bb0d0a0-184e-47b2-a4f1-cbf530831a9a,monthly.7.49,30,,2023-04-29 21:38:32.000000 UTC,2023-04-29 21:38:32.000000 UTC,1,749,2023-04-29 22:03:57.000000 UTC,
1bc9953e-4814-42e2-9535-c79005fe6a72,monthly.7.49,30,,2023-05-24 12:00:44.000000 UTC,2023-08-12 11:59:22.000000 UTC,9,6741,2023-07-24 06:41:02.000000 UTC,
1bce4a14-768f-4cd2-b531-d22585e9c761,weekly.4.99.3d.trial,3,2023-03-09 16:49:09.000000 UTC,2023-03-09 16:49:09.000000 UTC,2023-10-16 16:22:07.000000 UTC,28,142347,,
1bf4e57c-3cd8-4aad-9705-f4b880048b9e,weekly.4.99.3d.trial,3,2023-03-31 05:35:29.000000 UTC,2023-03-31 05:35:29.000000 UTC,2023-03-31 05:35:29.000000 UTC,1,499,2023-03-31 01:05:04.000000 UTC,
1c1e532c-ba50-4a41-8bfe-ed76cf0fa18b,weekly.2.49,7,,2023-07-03 22:53:39.000000 UTC,2023-09-11 22:53:06.000000 UTC,11,164152,2023-09-17 22:49:24.000000 UTC,
1c3218f8-6e27-4c17-860e-52fa55434757,monthly.9.99.3d.trial,3,2023-06-03 02:55:23.000000 UTC,2023-06-03 02:55:23.000000 UTC,2023-06-03 02:55:23.000000 UTC,1,999,2023-06-03 16:29:52.000000 UTC,
1c3807fd-e996-4fb9-874b-069303a66f2a,weekly.4.99.3d.trial,3,2023-05-02 10:26:12.000000 UTC,2023-05-02 10:26:12.000000 UTC,2023-05-02 10:26:12.000000 UTC,1,499,2023-05-02 15:37:18.000000 UTC,
1c51b68c-9fb3-4184-a940-cfc241abdbe1,weekly.2.49,7,,2023-04-24 13:23:11.000000 UTC,2023-05-02 13:20:02.000000 UTC,2,498,2023-05-02 00:47:40.000000 UTC,
1c53676a-e942-4f83-95f1-36f004a03af6,weekly.2.49,7,,2023-07-04 22:02:49.000000 UTC,2023-07-12 14:03:17.000000 UTC,2,498,2023-07-14 12:13:46.000000 UTC,
1c677fcd-218c-4ef0-9ddd-d278fdb8f55d,weekly.4.99.3d.trial,3,2023-04-20 06:07:01.000000 UTC,2023-04-20 06:07:01.000000 UTC,2023-04-27 06:03:31.000000 UTC,2,998,2023-04-27 18:29:55.000000 UTC,
1c7ff422-00e9-4132-be0d-06a561b9a1a1,monthly.9.99.3d.trial,3,2023-04-25 06:47:48.000000 UTC,2023-04-25 06:47:48.000000 UTC,2023-05-24 06:48:08.000000 UTC,2,1998,2023-05-05 16:06:15.000000 UTC,
1c9910d1-5ba3-4886-bf5c-ec3471832ff3,monthly.7.49,30,,2023-05-01 05:46:22.000000 UTC,2023-06-14 18:17:10.000000 UTC,4,2996,,
1c9e26f4-ad05-428d-b063-8aba59704365,weekly.4.99.3d.trial,3,2023-05-27 14:21:25.000000 UTC,2023-05-27 14:21:25.000000 UTC,2023-10-14 08:21:47.000000 UTC,21,106289,,
1cad1976-d83b-46e7-9e62-7244c02077f0,weekly.2.49,7,,2023-04-28 17:31:12.000000 UTC,2023-04-28 17:31:12.000000 UTC,1,249,2023-04-30 05:29:36.000000 UTC,
1cb64ed9-75a2-459e-851b-78263127839e,monthly.7.49,30,,2023-08-08 01:04:32.000000 UTC,2023-08-08 01:04:32.000000 UTC,1,749,2023-08-08 02:28:32.000000 UTC,
1cd277d3-71ed-4afe-9b55-b10bf1272842,monthly.9.99.3d.trial,3,2023-06-02 21:17:25.000000 UTC,2023-06-02 21:17:25.000000 UTC,2023-06-02 21:17:25.000000 UTC,1,999,2023-06-06 20:23:07.000000 UTC,
1ce1edf5-844c-4cb0-bfbb-8c88c6516ffd,monthly.7.49,30,,2023-03-12 08:44:58.000000 UTC,2023-03-12 08:44:58.000000 UTC,1,749,2023-03-17 16:24:09.000000 UTC,
1cf1e660-eb54-4264-a183-0f0682ba0866,weekly.2.49,7,,2023-04-20 07:22:28.000000 UTC,2023-04-28 07:22:15.000000 UTC,2,498,2023-04-27 20:51:40.000000 UTC,
1d09647d-7813-495a-9491-0208a1e4a4db,weekly.2.49,7,,2023-05-12 07:26:42.000000 UTC,2023-10-13 07:27:02.000000 UTC,23,5727,,
1d0d0743-348a-4db6-a082-f1eacfa3f778,weekly.4.99.3d.trial,3,2023-03-10 17:09:11.000000 UTC,2023-03-10 17:09:11.000000 UTC,2023-07-13 17:52:04.000000 UTC,18,8982,,
1d266714-2f41-4df7-91ec-7e6fd3593818,weekly.2.49,7,,2023-05-16 10:47:54.000000 UTC,2023-05-24 10:46:35.000000 UTC,2,498,2023-05-26 18:35:12.000000 UTC,
1d292c22-f87f-4906-a036-1ee2c9740ed3,monthly.7.49,30,,2023-03-10 18:02:54.000000 UTC,2023-11-08 21:59:17.000000 UTC,31,509265,,2023-06-16 18:03:21.000000 UTC
1d4d9a0a-1a33-4385-8982-51e5c23f35a0,monthly.9.99.3d.trial,3,2023-06-19 16:03:36.000000 UTC,2023-06-19 16:03:36.000000 UTC,2023-06-19 16:03:36.000000 UTC,1,999,2023-06-19 01:34:52.000000 UTC,
1d9e0d13-6651-4975-886e-2867d1e1c4fa,weekly.2.49,7,,2023-04-13 15:07:42.000000 UTC,2023-04-29 15:03:19.000000 UTC,3,747,2023-04-28 08:58:44.000000 UTC,
1dae7686-0b3b-4c73-a7d0-d1f82cfe8d88,monthly.9.99.3d.trial,3,2023-05-18 14:06:05.000000 UTC,2023-05-18 14:06:05.000000 UTC,2023-05-18 14:06:05.000000 UTC,1,999,2023-05-18 15:28:44.000000 UTC,
1de7fd94-ea44-4718-a7ec-038d6e6d7fbf,monthly.9.99.3d.trial,3,2023-07-22 04:31:25.000000 UTC,2023-07-22 04:31:25.000000 UTC,2023-08-27 20:31:17.000000 UTC,3,2997,2023-08-08 00:42:03.000000 UTC,
1def041a-a40d-493a-b67b-1c0b36d9ec29,weekly.4.99.3d.trial,3,2023-06-04 19:32:48.000000 UTC,2023-06-04 19:32:48.000000 UTC,2023-06-04 19:32:48.000000 UTC,1,436899,2023-06-05 23:56:29.000000 UTC,
1e14f7f4-3106-4557-8645-55351e0f99a7,weekly.2.49,7,,2023-04-02 15:52:45.000000 UTC,2023-06-11 15:55:04.000000 UTC,11,2739,2023-06-16 00:45:22.000000 UTC,
1e25c696-dcce-4f82-96e7-9f16fffe91d7,monthly.9.99.3d.trial,3,2023-03-07 19:52:03.000000 UTC,2023-03-07 19:52:03.000000 UTC,2023-04-19 18:53:09.000000 UTC,4,3996,2023-03-30 22:04:30.000000 UTC,
1e2d5fb6-ffca-4d6a-8ac3-323fd7191296,weekly.2.49,7,,2023-03-04 13:41:53.000000 UTC,2023-04-01 12:43:28.000000 UTC,5,1245,2023-04-07 16:14:25.000000 UTC,
1e3a261c-6fe5-43fe-bf36-ca2db28c7759,weekly.4.99.3d.trial,3,2023-03-26 15:55:50.000000 UTC,2023-03-26 15:55:50.000000 UTC,2023-03-26 15:55:50.000000 UTC,1,499,2023-03-29 12:08:58.000000 UTC,
1e3a413e-ab19-4360-893c-171f4ddc7ead,weekly.4.99.3d.trial,3,2023-05-06 07:33:35.000000 UTC,2023-05-06 07:33:35.000000 UTC,2023-05-13 07:32:06.000000 UTC,2,998,2023-05-12 12:15:04.000000 UTC,
1e3f0a6b-92f5-4d0a-bf40-0ae0dbc69bc7,weekly.4.99.3d.trial,3,2023-04-05 08:29:49.000000 UTC,2023-04-05 08:29:49.000000 UTC,2023-04-05 08:29:49.000000 UTC,1,499,2023-04-04 11:25:56.000000 UTC,
1e42b495-97ca-4c12-bd40-3b1fc0203fa5,weekly.4.99.3d.trial,3,2023-05-28 07:53:34.000000 UTC,2023-05-28 07:53:34.000000 UTC,2023-06-25 07:53:19.000000 UTC,5,2495,2023-06-24 12:18:28.000000 UTC,
1e4773d3-f7ec-450d-a6a0-4ea3a1baf7f8,weekly.2.49,7,,2023-05-02 14:13:01.000000 UTC,2023-07-24 03:30:10.000000 UTC,4,996,,
1e9eec5a-c023-415c-8b38-cf7ce12a61f0,weekly.2.49,7,,2023-03-30 11:25:22.000000 UTC,2023-04-09 19:47:14.000000 UTC,2,498,2023-04-09 20:17:38.000000 UTC,
1ea262a5-281c-4ba5-8bde-65d0f1d2cef6,weekly.4.99.3d.trial,3,2023-05-01 13:09:01.000000 UTC,2023-05-01 13:09:01.000000 UTC,2023-05-01 13:09:01.000000 UTC,1,499,2023-05-02 01:01:13.000000 UTC,
1ea4f6a8-5893-42fb-9fa8-0f230288fa9d,weekly.4.99.3d.trial,3,2023-03-22 07:41:01.000000 UTC,2023-03-22 07:41:01.000000 UTC,2023-03-22 07:41:01.000000 UTC,1,499,2023-03-27 23:50:03.000000 UTC,
1efc19b8-734b-4873-a5a3-072558b2b59c,weekly.4.99.3d.trial,3,2023-05-14 05:08:12.000000 UTC,2023-05-14 05:08:12.000000 UTC,2023-05-14 05:08:12.000000 UTC,1,499,2023-05-19 20:16:15.000000 UTC,
1f18cf35-6075-4ebd-92ac-afba6ff784bd,weekly.2.49,7,,2023-06-15 04:19:28.000000 UTC,2023-08-03 12:21:52.000000 UTC,8,1992,2023-08-09 19:32:45.000000 UTC,
1f22ada0-5914-4790-ab72-8a87cd36883c,weekly.2.49,7,,2023-05-06 22:56:59.000000 UTC,2023-06-03 22:56:57.000000 UTC,4,747,2023-06-10 02:23:02.000000 UTC,2023-05-21 19:01:49.000000 UTC
1f2f552f-1c46-4cd5-9494-3cffc176a519,monthly.7.49,30,,2023-05-10 16:15:25.000000 UTC,2023-05-10 16:15:25.000000 UTC,1,749,2023-05-14 13:00:25.000000 UTC,
1f5dd462-bfb5-42d6-b8a4-0050de46e84c,weekly.2.49,7,,2023-05-02 16:26:40.000000 UTC,2023-05-02 16:26:40.000000 UTC,1,249,2023-05-03 16:20:09.000000 UTC,
1f79eec4-54f9-436c-80db-d82c525ceda5,weekly.2.49,7,,2023-05-08 11:43:10.000000 UTC,2023-05-08 11:43:10.000000 UTC,1,249,2023-05-09 23:45:43.000000 UTC,
1f810942-647f-4e10-bca1-e665f356b0e8,monthly.7.49,30,,2023-06-23 06:17:20.000000 UTC,2023-09-11 06:17:36.000000 UTC,9,6741,2023-08-18 13:46:24.000000 UTC,
1f9602e4-4ea6-4bc3-89e3-f7136fb053cb,monthly.7.49,30,,2023-03-23 14:02:46.000000 UTC,2023-11-05 14:01:39.000000 UTC,30,166594,,
1fa60d2b-8b29-41ba-b7b1-670b5d2187ca,weekly.4.99.3d.trial,3,2023-06-05 16:54:32.000000 UTC,2023-06-05 16:54:32.000000 UTC,2023-06-05 16:54:32.000000 UTC,1,499,2023-06-07 06:27:34.000000 UTC,
1fbd1c09-a98c-46ea-8adb-eb8ec9be7faa,monthly.7.49,30,,2023-05-22 07:25:43.000000 UTC,2023-05-22 07:25:43.000000 UTC,1,749,2023-05-23 01:18:12.000000 UTC,
1fd3d3e3-b201-4368-a886-2c0bf6b8ff5e,weekly.4.99.3d.trial,3,2023-04-26 13:57:38.000000 UTC,2023-04-26 13:57:38.000000 UTC,2023-10-17 13:57:33.000000 UTC,27,378977,,
1ff778ea-8ae1-48b0-aacf-4894d9358fe9,weekly.2.49,7,,2023-03-25 18:46:54.000000 UTC,2023-03-25 18:46:54.000000 UTC,1,0,2023-03-29 01:50:51.000000 UTC,2023-03-25 18:46:54.000000 UTC
2014fa58-fda2-4dc1-a0ae-58527172e5b7,weekly.4.99.3d.trial,3,2023-04-05 13:07:45.000000 UTC,2023-04-05 13:07:45.000000 UTC,2023-04-19 13:07:45.000000 UTC,3,1497,2023-04-20 00:04:49.000000 UTC,
2023c210-0a70-47e8-ae6c-c28e3fb5d634,monthly.9.99.3d.trial,3,2023-04-28 10:54:11.000000 UTC,2023-04-28 10:54:11.000000 UTC,2023-06-04 10:54:05.000000 UTC,3,2997,2023-05-14 00:07:33.000000 UTC,
20349300-4878-4c65-8b29-df0fbf8d3ba6,weekly.2.49,7,,2023-03-29 14:07:03.000000 UTC,2023-03-29 14:07:03.000000 UTC,1,249,2023-03-30 17:54:32.000000 UTC,
20803f41-22ef-40db-9a68-8affb72105ea,weekly.4.99.3d.trial,3,2023-05-06 05:21:58.000000 UTC,2023-05-06 05:21:58.000000 UTC,2023-06-18 15:20:43.000000 UTC,2,998,2023-06-19 18:43:48.000000 UTC,
20ad8e32-dda9-49b6-b600-4ea361277f41,weekly.2.49,7,,2023-06-21 12:07:00.000000 UTC,2023-10-13 03:54:22.000000 UTC,18,4482,,
20c1d09e-d18c-47d9-81e2-7b14b22f7897,weekly.2.49,7,,2023-03-17 08:11:44.000000 UTC,2023-09-30 08:11:28.000000 UTC,29,171863,,
20c5c3c1-368f-44c9-8f87-9f3124b7f717,weekly.2.49,7,,2023-06-04 18:45:54.000000 UTC,2023-08-06 18:46:29.000000 UTC,10,197528,2023-08-10 05:25:28.000000 UTC,
20ddf73d-ef33-40e5-9a4c-e61dcc06c541,weekly.4.99.3d.trial,3,2023-05-21 03:08:48.000000 UTC,2023-05-21 03:08:48.000000 UTC,2023-07-16 03:10:06.000000 UTC,8,3992,2023-07-16 18:30:30.000000 UTC,
2130560a-9c90-4f84-a661-119cd87c4aa4,monthly.9.99.3d.trial,3,2023-05-27 02:46:12.000000 UTC,2023-05-27 02:46:12.000000 UTC,2023-10-10 06:34:37.000000 UTC,9,8991,,
2175da17-834d-4fd0-9d6b-f184dc6a7938,weekly.4.99.3d.trial,3,2023-04-22 14:57:42.000000 UTC,2023-04-22 14:57:42.000000 UTC,2023-10-15 08:57:41.000000 UTC,26,407206,,
21a50fe7-3135-4ef6-a170-45f3345df2cf,weekly.4.99.3d.trial,3,2023-05-25 20:35:11.000000 UTC,2023-05-25 20:35:11.000000 UTC,2023-05-25 20:35:11.000000 UTC,1,499,2023-05-28 17:50:48.000000 UTC,
21b78117-85d5-403e-8a5e-96551ca6dcab,weekly.2.49,7,,2023-03-04 18:51:48.000000 UTC,2023-03-04 18:51:48.000000 UTC,1,249,2023-03-05 04:48:28.000000 UTC,
21c719b8-3e97-420d-9a74-f2aa5add85a5,weekly.2.49,7,,2023-06-18 18:43:25.000000 UTC,2023-07-02 10:43:55.000000 UTC,3,747,,
21de353f-902c-4c71-9938-14a48ad1b691,weekly.2.49,7,,2023-03-14 10:15:39.000000 UTC,2023-03-14 10:15:39.000000 UTC,1,249,2023-03-14 19:34:02.000000 UTC,
21fabc10-c78d-4c9b-bb06-8cc05bd59830,weekly.2.49,7,,2023-03-21 15:48:24.000000 UTC,2023-04-05 15:47:45.000000 UTC,3,250009,2023-04-11 21:30:55.000000 UTC,
22281343-5064-4f12-ab4b-f69367659966,weekly.4.99.3d.trial,3,2023-04-14 14:09:40.000000 UTC,2023-04-14 14:09:40.000000 UTC,2023-04-14 14:09:40.000000 UTC,1,499,2023-04-14 14:25:14.000000 UTC,
222b970f-2f74-4eba-96a2-8019f9e56189,weekly.4.99.3d.trial,3,2023-04-16 05:03:06.000000 UTC,2023-04-16 05:03:06.000000 UTC,2023-08-26 05:00:58.000000 UTC,20,9980,2023-08-30 07:53:16.000000 UTC,
2289e953-cc2c-4f7a-a49c-dd1aaa713459,monthly.9.99.3d.trial,3,2023-03-17 05:18:51.000000 UTC,2023-03-17 05:18:51.000000 UTC,2023-09-02 05:19:15.000000 UTC,22,764862,,
229b31ca-7b12-4bf1-863e-24e61bafebd1,weekly.2.49,7,,2023-05-18 15:34:05.000000 UTC,2023-06-02 15:33:23.000000 UTC,3,747,2023-06-02 18:03:41.000000 UTC,
22a46d7a-e0e0-403a-b9d1-42880393b5e8,weekly.2.49,7,,2023-05-01 02:24:11.000000 UTC,2023-05-01 02:24:11.000000 UTC,1,249,,
22bb4b8c-4c7d-405f-b479-bfd9f62f53c3,weekly.2.49,7,,2023-05-23 18:55:37.000000 UTC,2023-05-23 18:55:37.000000 UTC,1,249,2023-05-23 18:58:31.000000 UTC,
22dd89e6-fb06-4029-9a4a-81d910e8f671,monthly.9.99.3d.trial,3,2023-07-10 12:31:41.000000 UTC,2023-07-10 12:31:41.000000 UTC,2023-08-08 12:32:10.000000 UTC,2,1998,,
2313a29b-4bd4-44d2-9b1e-988af96bacc6,weekly.2.49,7,,2023-05-23 07:28:10.000000 UTC,2023-06-21 07:25:46.000000 UTC,5,996,2023-06-26 15:51:25.000000 UTC,2023-05-30 07:25:29.000000 UTC
23141c62-d28b-4c1c-aa35-585f8cb2e248,weekly.2.49,7,,2023-05-16 10:57:25.000000 UTC,2023-05-30 10:58:23.000000 UTC,3,747,2023-05-30 16:23:15.000000 UTC,
2339b7be-05b8-46a8-8b8a-16391dcb8625,monthly.9.99.3d.trial,3,2023-05-19 07:17:12.000000 UTC,2023-05-19 07:17:12.000000 UTC,2023-05-19 07:17:12.000000 UTC,1,999,2023-05-22 15:02:06.000000 UTC,
2345053b-49dc-4e11-916c-b86c68e07ce8,weekly.4.99.3d.trial,3,2023-04-26 11:52:25.000000 UTC,2023-04-26 11:52:25.000000 UTC,2023-06-13 11:52:05.000000 UTC,8,3992,2023-06-17 15:05:37.000000 UTC,
23469dca-ffc4-4370-9de1-6e3b1724b49b,weekly.2.49,7,,2023-04-08 13:12:44.000000 UTC,2023-04-15 13:13:13.000000 UTC,2,218857,2023-06-02 02:39:05.000000 UTC,
2373ff08-9b70-4298-88ba-d3b9ec146af0,weekly.4.99.3d.trial,3,2023-04-30 13:24:19.000000 UTC,2023-04-30 13:24:19.000000 UTC,2023-05-08 13:24:26.000000 UTC,4,1996,2023-05-06 15:29:59.000000 UTC,
23788d65-a681-46cd-ad10-737c118e1092,weekly.2.49,7,,2023-03-07 21:37:28.000000 UTC,2023-07-04 04:28:30.000000 UTC,6,139116,,
239841b1-8665-4aed-9f16-55932305cb34,weekly.2.49,7,,2023-04-28 13:05:32.000000 UTC,2023-04-28 13:05:32.000000 UTC,1,249,2023-05-01 19:40:29.000000 UTC,
23b5e06e-b3fb-47b0-bbc2-7ee4783e544f,weekly.4.99.3d.trial,3,2023-04-21 08:29:26.000000 UTC,2023-04-21 08:29:26.000000 UTC,2023-08-25 16:03:45.000000 UTC,19,9481,2023-08-26 13:13:19.000000 UTC,
23c5aaf1-ea3c-4c0d-8b56-294e9d2a0255,weekly.4.99.3d.trial,3,2023-05-19 11:07:23.000000 UTC,2023-05-19 11:07:23.000000 UTC,2023-06-01 11:07:42.000000 UTC,3,1497,2023-06-03 20:03:19.000000 UTC,
23cf01c5-5201-49fd-8cbd-72108c64a194,weekly.4.99.3d.trial,3,2023-03-28 08:20:04.000000 UTC,2023-03-28 08:20:04.000000 UTC,2023-03-28 08:20:04.000000 UTC,1,499,2023-03-27 12:21:38.000000 UTC,
23db6594-fb09-458a-a322-372b6c5accd5,weekly.4.99.3d.trial,3,2023-03-27 11:41:49.000000 UTC,2023-03-27 11:41:49.000000 UTC,2023-09-11 11:41:09.000000 UTC,27,155949,2023-09-16 07:40:26.000000 UTC,
23e476af-639f-4312-8eb4-e86ec50c3020,weekly.2.49,7,,2023-06-25 12:09:41.000000 UTC,2023-07-09 12:10:53.000000 UTC,3,747,2023-07-10 03:53:26.000000 UTC,
23f36627-0491-4e1a-9f7e-aef0a5f6a006,weekly.2.49,7,,2023-05-01 14:45:45.000000 UTC,2023-05-23 14:44:34.000000 UTC,4,747,2023-05-26 18:17:59.000000 UTC,2023-05-01 14:45:45.000000 UTC
24212f40-9d05-4d1a-a5c9-246a182820b8,weekly.2.49,7,,2023-05-07 11:04:23.000000 UTC,2023-05-07 11:04:23.000000 UTC,1,249,2023-05-07 23:35:54.000000 UTC,
244b2486-21fe-45a6-b9b9-85763ce62c05,weekly.2.49,7,,2023-03-26 12:08:35.000000 UTC,2023-04-02 18:08:31.000000 UTC,3,747,,
2460a3eb-938f-4340-b01e-179511b2b161,monthly.9.99.3d.trial,3,2023-08-01 12:56:31.000000 UTC,2023-08-01 12:56:31.000000 UTC,2023-09-06 12:57:03.000000 UTC,3,1998,2023-08-17 05:11:50.000000 UTC,2023-07-31 12:56:31.000000 UTC
24770340-455d-4739-a0bf-fec0227b2406,weekly.4.99.3d.trial,3,2023-05-28 11:31:14.000000 UTC,2023-05-28 11:31:14.000000 UTC,2023-09-26 11:29:46.000000 UTC,13,219117,2023-09-26 14:48:30.000000 UTC,
2498a6eb-3cfd-48ac-8e1f-f0eca450c3fa,monthly.9.99.3d.trial,3,2023-03-10 03:10:52.000000 UTC,2023-03-10 03:10:52.000000 UTC,2023-09-09 03:10:56.000000 UTC,23,25391,,
24b0fdbe-beec-49a2-aa11-20cbd7e142cf,monthly.9.99.3d.trial,3,2023-05-22 01:30:31.000000 UTC,2023-05-22 01:30:31.000000 UTC,2023-05-22 01:30:31.000000 UTC,1,999,,
24b50d09-f4ea-4c1d-b030-ff7450f21d93,weekly.4.99.3d.trial,3,2023-05-11 18:15:56.000000 UTC,2023-05-11 18:15:56.000000 UTC,2023-06-14 18:17:15.000000 UTC,6,2994,2023-06-20 20:30:17.000000 UTC,
24bbe09a-e26c-4892-9063-51ba2ddc464f,weekly.4.99.3d.trial,3,2023-05-13 12:28:03.000000 UTC,2023-05-13 12:28:03.000000 UTC,2023-06-01 00:35:25.000000 UTC,2,998,2023-06-05 18:37:53.000000 UTC,
24c4d2e9-76e2-4c54-a99d-0f9eb2afcad2,weekly.4.99.3d.trial,3,2023-07-03 20:09:13.000000 UTC,2023-07-03 20:09:13.000000 UTC,2023-07-03 20:09:13.000000 UTC,1,499,2023-03-25 12:09:14.000000 UTC,
24c8e93d-04b4-4572-996a-a0dce215ba78,weekly.4.99.3d.trial,3,2023-05-13 16:35:42.000000 UTC,2023-05-13 16:35:42.000000 UTC,2023-05-13 16:35:42.000000 UTC,1,499,2023-05-13 16:36:16.000000 UTC,
24cd15c7-8156-46bd-b03e-d594626409f5,weekly.4.99.3d.trial,3,2023-05-21 20:01:52.000000 UTC,2023-05-21 20:01:52.000000 UTC,2023-05-21 20:01:52.000000 UTC,1,499,2023-05-22 20:52:37.000000 UTC,
24d32ecf-bec0-451b-833e-9f31856558cf,weekly.2.49,7,,2023-04-21 19:15:08.000000 UTC,2023-04-21 19:15:08.000000 UTC,1,249,2023-04-22 15:14:47.000000 UTC,
250814e4-6595-434d-aab5-e9f6efde7e19,weekly.2.49,7,,2023-03-26 13:16:54.000000 UTC,2023-07-02 13:17:09.000000 UTC,15,3735,2023-07-06 17:30:46.000000 UTC,
25274fda-d204-4c76-8a55-b2fd6c307a3a,monthly.9.99.3d.trial,3,2023-03-24 19:41:58.000000 UTC,2023-03-24 19:41:58.000000 UTC,2023-05-07 19:42:15.000000 UTC,4,3996,2023-04-16 00:33:15.000000 UTC,
252e8cd3-ea86-46ca-b556-1f52cfb5e62b,weekly.4.99.3d.trial,3,2023-05-14 15:07:31.000000 UTC,2023-05-14 15:07:31.000000 UTC,2023-05-21 21:08:09.000000 UTC,3,1497,2023-05-14 15:09:02.000000 UTC,
253b0756-b69c-466f-8a6a-bcdb4cfed59f,monthly.7.49,30,,2023-03-23 04:13:31.000000 UTC,2023-03-23 04:13:31.000000 UTC,1,749,2023-03-23 10:58:12.000000 UTC,
253f028f-ad3e-45f3-b482-99189f696105,monthly.7.49,30,,2023-03-24 18:04:47.000000 UTC,2023-03-24 18:04:47.000000 UTC,1,749,2023-03-25 23:39:24.000000 UTC,
25a013de-52dc-4fe8-b3fb-d64c7dbb0c11,weekly.4.99.3d.trial,3,2023-04-01 10:43:43.000000 UTC,2023-04-01 10:43:43.000000 UTC,2023-04-09 04:43:51.000000 UTC,2,998,,
25bb11c6-4954-4475-a6d9-db82ec4ad194,monthly.7.49,30,,2023-03-29 17:15:35.000000 UTC,2023-09-15 00:11:59.000000 UTC,7,5243,,
25caaa0e-492a-4db5-b902-f8b98cceebce,monthly.9.99.3d.trial,3,2023-05-06 09:07:15.000000 UTC,2023-05-06 09:07:15.000000 UTC,2023-07-31 09:06:02.000000 UTC,10,9990,2023-07-12 01:33:33.000000 UTC,
25d1ca1a-44d8-4558-997c-c0a4588c59f2,weekly.4.99.3d.trial,3,2023-03-07 13:44:42.000000 UTC,2023-03-07 13:44:42.000000 UTC,2023-03-07 13:44:42.000000 UTC,1,499,2023-03-11 03:12:47.000000 UTC,
260bcc96-94de-4809-82fb-5f28601d3cd6,weekly.4.99.3d.trial,3,2023-06-04 16:45:36.000000 UTC,2023-06-04 16:45:36.000000 UTC,2023-06-04 16:45:36.000000 UTC,1,155948,2023-06-06 12:56:38.000000 UTC,
26194a58-4057-4e7d-9b48-e2f823d1296e,weekly.4.99.3d.trial,3,2023-06-24 23:04:28.000000 UTC,2023-06-24 23:04:28.000000 UTC,2023-06-24 23:04:28.000000 UTC,1,499,,
265ba0dc-dbed-44b5-99fa-04473292b14d,weekly.2.49,7,,2023-03-25 18:10:54.000000 UTC,2023-09-19 20:44:18.000000 UTC,14,255523,2023-09-24 20:11:23.000000 UTC,
2682dd91-8129-4d54-aac9-11e86f08a3fb,weekly.4.99.3d.trial,3,2023-03-18 07:11:50.000000 UTC,2023-03-18 07:11:50.000000 UTC,2023-03-18 07:11:50.000000 UTC,1,499,2023-03-17 13:46:12.000000 UTC,
26910331-897a-48be-a015-0b75eecbbdd3,monthly.9.99.3d.trial,3,2023-06-01 20:48:39.000000 UTC,2023-06-01 20:48:39.000000 UTC,2023-09-03 20:46:11.000000 UTC,11,10989,2023-08-16 04:20:31.000000 UTC,
26d56ca9-3d08-4cd7-a2b5-0fc1d986c772,weekly.4.99.3d.trial,3,2023-05-11 08:04:56.000000 UTC,2023-05-11 08:04:56.000000 UTC,2023-06-14 08:05:18.000000 UTC,6,2994,2023-06-19 14:51:22.000000 UTC,
26d82fc7-f193-47cf-9375-e88aa79ffb59,weekly.2.49,7,,2023-05-26 18:30:57.000000 UTC,2023-05-26 18:30:57.000000 UTC,1,249,2023-05-26 23:32:00.000000 UTC,
27047c77-93a1-40c6-aa51-0ae4816a0f1d,weekly.2.49,7,,2023-03-28 13:20:19.000000 UTC,2023-04-22 06:06:08.000000 UTC,2,498,2023-04-21 16:48:02.000000 UTC,
2716ba9f-91f3-44c6-9469-9030e87d7851,monthly.7.49,30,,2023-05-10 07:13:09.000000 UTC,2023-08-12 07:10:42.000000 UTC,11,8239,,
2733b949-41b7-4fa0-b2ca-d3b29be09512,weekly.4.99.3d.trial,3,2023-04-16 08:58:34.000000 UTC,2023-04-16 08:58:34.000000 UTC,2023-04-16 08:58:34.000000 UTC,1,499,,
2738473d-5c8f-4ff9-b199-edb94d08390f,monthly.9.99.3d.trial,3,2023-04-06 08:46:19.000000 UTC,2023-04-06 08:46:19.000000 UTC,2023-11-03 02:30:51.000000 UTC,26,321882,,
2787800e-9ca3-413b-a350-2840cf202956,monthly.9.99.3d.trial,3,2023-03-26 14:55:34.000000 UTC,2023-03-26 14:55:34.000000 UTC,2023-08-07 23:46:16.000000 UTC,17,2217863,,2023-04-29 14:54:50.000000 UTC
27888e68-bd66-4ee7-add0-0a3dac4e2fc5,weekly.4.99.3d.trial,3,2023-05-06 10:04:27.000000 UTC,2023-05-06 10:04:27.000000 UTC,2023-05-12 10:04:29.000000 UTC,2,998,2023-05-12 12:48:06.000000 UTC,
27b4ebb5-c431-4662-bd0d-6440ef2ec23d,weekly.4.99.3d.trial,3,2023-03-22 13:39:11.000000 UTC,2023-03-22 13:39:11.000000 UTC,2023-03-22 13:39:11.000000 UTC,1,0,2023-03-22 03:40:54.000000 UTC,2023-03-21 13:39:11.000000 UTC
27db5475-ac51-438a-949b-2efbade587c6,weekly.2.49,7,,2023-03-31 19:20:30.000000 UTC,2023-03-31 19:20:30.000000 UTC,1,0,2023-03-31 20:11:16.000000 UTC,2023-03-31 19:20:30.000000 UTC
27f93cad-3bec-45f8-ad5a-b98e8f0e6cc4,weekly.2.49,7,,2023-04-07 06:27:53.000000 UTC,2023-04-07 06:27:53.000000 UTC,1,249,2023-04-12 12:59:21.000000 UTC,
280f4741-6f04-4c0c-a0bb-0c67c991ad52,monthly.9.99.3d.trial,3,2023-05-15 06:40:49.000000 UTC,2023-05-15 06:40:49.000000 UTC,2023-05-15 06:40:49.000000 UTC,1,999,2023-05-17 19:34:42.000000 UTC,
2834891b-48fb-40d9-b96b-3ec8049d377f,weekly.2.49,7,,2023-03-18 09:12:08.000000 UTC,2023-04-09 09:11:37.000000 UTC,4,996,2023-04-15 10:13:55.000000 UTC,
2884fb5e-59f9-4c97-a14a-8d82e56e1434,weekly.2.49,7,,2023-03-28 05:54:25.000000 UTC,2023-03-28 05:54:25.000000 UTC,1,91336,2023-03-29 12:52:48.000000 UTC,
28c9c309-d4c0-4341-9b0e-b5df94b668f3,weekly.4.99.3d.trial,3,2023-05-19 09:18:00.000000 UTC,2023-05-19 09:18:00.000000 UTC,2023-05-19 09:18:00.000000 UTC,1,499,2023-05-19 09:19:15.000000 UTC,
28d6732f-ba2b-487c-94a0-236092f401e3,weekly.2.49,7,,2023-03-18 04:10:46.000000 UTC,2023-04-27 04:10:14.000000 UTC,9,117463,,
28df211a-5510-459b-ba4c-7d303062238b,weekly.4.99.3d.trial,3,2023-04-22 16:11:17.000000 UTC,2023-04-22 16:11:17.000000 UTC,2023-04-22 16:11:17.000000 UTC,1,499,2023-04-22 16:11:17.000000 UTC,
29136374-a496-4eaa-868c-a632e79420ed,weekly.4.99.3d.trial,3,2023-03-05 09:36:06.000000 UTC,2023-03-05 09:36:06.000000 UTC,2023-03-25 08:36:52.000000 UTC,4,1996,,
29398c9f-e08f-4457-b398-8526eb237e41,monthly.9.99.3d.trial,3,2023-03-27 16:56:51.000000 UTC,2023-03-27 16:56:51.000000 UTC,2023-09-19 16:57:57.000000 UTC,23,21978,2023-08-31 15:23:05.000000 UTC,2023-07-09 16:56:53.000000 UTC
293a607d-459f-4583-a55f-93e346c448b7,weekly.2.49,7,,2023-03-08 04:31:52.000000 UTC,2023-03-22 04:32:03.000000 UTC,3,747,2023-03-25 04:16:07.000000 UTC,
2954c84d-fcad-43b2-9e0a-d7b71f05b2fe,weekly.4.99.3d.trial,3,2023-06-03 12:43:39.000000 UTC,2023-06-03 12:43:39.000000 UTC,2023-10-15 12:44:05.000000 UTC,20,546407,,
295c8a47-a4f9-4844-92d1-938a60110cb7,weekly.2.49,7,,2023-03-14 05:00:32.000000 UTC,2023-04-30 19:38:35.000000 UTC,5,1245,2023-05-01 20:45:51.000000 UTC,
29702058-ed70-45a1-a07f-cf5260026eb3,monthly.7.49,30,,2023-05-23 12:31:56.000000 UTC,2023-10-20 12:30:55.000000 UTC,19,14231,2023-09-26 13:08:02.000000 UTC,
297e028e-9f1a-4622-82b9-7381ed321ae1,weekly.4.99.3d.trial,3,2023-05-03 12:04:21.000000 UTC,2023-05-03 12:04:21.000000 UTC,2023-08-22 12:05:10.000000 UTC,17,464058,2023-08-25 12:17:08.000000 UTC,
297f3187-97dc-43e8-84fd-3b0c0fa9288e,weekly.4.99.3d.trial,3,2023-04-14 00:19:15.000000 UTC,2023-04-14 00:19:15.000000 UTC,2023-04-14 00:19:15.000000 UTC,1,499,2023-04-14 00:23:20.000000 UTC,
29891a22-2a4c-47b8-bbe9-449cba75ef6d,weekly.2.49,7,,2023-04-13 12:12:50.000000 UTC,2023-04-21 12:12:42.000000 UTC,2,498,2023-04-23 17:25:48.000000 UTC,
298f1162-5163-4d24-b78a-14bd7e2bda95,weekly.2.49,7,,2023-03-06 06:56:30.000000 UTC,2023-07-04 05:54:05.000000 UTC,18,4482,2023-07-08 21:25:16.000000 UTC,
299e4e4b-d412-4861-b9d2-55608138f979,weekly.4.99.3d.trial,3,2023-04-10 06:20:42.000000 UTC,2023-04-10 06:20:42.000000 UTC,2023-05-07 17:35:29.000000 UTC,3,106809,2023-05-06 09:25:40.000000 UTC,
29ab5595-a0f2-481f-adfc-089b5beddb85,weekly.4.99.3d.trial,3,2023-06-06 17:58:00.000000 UTC,2023-06-06 17:58:00.000000 UTC,2023-08-15 17:58:16.000000 UTC,11,5489,2023-08-17 05:26:22.000000 UTC,
29bb4e48-2643-49e5-9178-d780cca09b31,weekly.2.49,7,,2023-03-11 15:56:34.000000 UTC,2023-03-11 15:56:34.000000 UTC,1,249,2023-03-11 17:06:22.000000 UTC,
29c9db9e-3cda-45f0-92ca-25163a9d6eef,weekly.2.49,7,,2023-03-28 07:45:44.000000 UTC,2023-04-19 07:44:48.000000 UTC,4,996,2023-04-21 23:14:27.000000 UTC,
29d882e0-a9fc-4a24-9fcf-62abba0fe604,weekly.4.99.3d.trial,3,2023-03-07 14:43:59.000000 UTC,2023-03-07 14:43:59.000000 UTC,2023-03-14 13:43:28.000000 UTC,2,998,2023-03-19 03:47:51.000000 UTC,
29dd0ca2-7195-4b47-a1a9-4647890699fd,monthly.9.99.3d.trial,3,2023-06-17 19:06:03.000000 UTC,2023-06-17 19:06:03.000000 UTC,2023-06-17 19:06:03.000000 UTC,1,999,2023-06-17 19:19:56.000000 UTC,
29e10d8d-1756-4e8c-8aa9-1319c7b07745,monthly.7.49,30,,2023-04-20 08:12:53.000000 UTC,2023-11-05 08:11:57.000000 UTC,26,19474,,
29e1a1ef-ddc9-4945-9455-1135faafd27d,weekly.4.99.3d.trial,3,2023-05-08 16:49:19.000000 UTC,2023-05-08 16:49:19.000000 UTC,2023-05-28 16:50:52.000000 UTC,4,1996,2023-06-03 17:17:51.000000 UTC,
29e85bd0-40e9-4c74-8d00-ef8fea820a8a,weekly.2.49,7,,2023-04-14 10:08:40.000000 UTC,2023-04-14 10:08:40.000000 UTC,1,249,2023-04-18 19:15:18.000000 UTC,
29fd7616-0a2d-4e15-99ff-9e5c866dbd63,weekly.4.99.3d.trial,3,2023-03-16 10:20:18.000000 UTC,2023-03-16 10:20:18.000000 UTC,2023-03-16 10:20:18.000000 UTC,1,499,2023-03-19 12:58:25.000000 UTC,
2a018487-5d5a-4ac6-b6b6-f851b1e73a44,monthly.9.99.3d.trial,3,2023-04-20 11:48:51.000000 UTC,2023-04-20 11:48:51.000000 UTC,2023-06-15 02:47:15.000000 UTC,3,2997,2023-06-16 10:18:29.000000 UTC,
2a0993ad-7ea4-48cf-a4c1-256b19ba491a,weekly.2.49,7,,2023-05-14 22:37:25.000000 UTC,2023-05-23 04:37:04.000000 UTC,3,747,2023-05-16 05:04:32.000000 UTC,
2a421f9b-4db6-4931-87cb-ea90e97704e0,monthly.7.49,30,,2023-04-27 17:58:24.000000 UTC,2023-04-27 17:58:24.000000 UTC,1,749,2023-04-27 18:04:23.000000 UTC,
2a4ca062-1b9f-4228-bdb9-757b18435c9e,weekly.4.99.3d.trial,3,2023-03-23 13:10:44.000000 UTC,2023-03-23 13:10:44.000000 UTC,2023-07-19 13:09:54.000000 UTC,18,8982,,
2a55dc4b-ef56-43a3-b0c5-bf6fe2282a2f,weekly.4.99.3d.trial,3,2023-05-02 06:54:24.000000 UTC,2023-05-02 06:54:24.000000 UTC,2023-05-15 06:54:40.000000 UTC,3,1497,2023-05-21 16:16:33.000000 UTC,
2a77f9ef-e5dd-4239-8b80-44d849d8c256,monthly.9.99.3d.trial,3,2023-05-25 21:17:33.000000 UTC,2023-05-25 21:17:33.000000 UTC,2023-05-25 21:17:33.000000 UTC,1,999,2023-05-25 22:10:17.000000 UTC,
2ad1b4e0-f1e2-41fa-a87e-ed0de4423f84,weekly.2.49,7,,2023-03-13 01:18:44.000000 UTC,2023-04-01 01:17:58.000000 UTC,4,996,,
2adae804-ae82-4402-be1f-e8cdaff7bb3d,weekly.4.99.3d.trial,3,2023-06-04 13:25:31.000000 UTC,2023-06-04 13:25:31.000000 UTC,2023-06-11 13:26:50.000000 UTC,2,998,2023-06-12 14:44:33.000000 UTC,
2b4f0a5c-3e0f-472b-85b1-9d800ea1386a,weekly.4.99.3d.trial,3,2023-03-05 02:35:24.000000 UTC,2023-03-05 02:35:24.000000 UTC,2023-03-05 02:35:24.000000 UTC,1,499,2023-03-09 08:30:29.000000 UTC,
2b6912d5-9ed7-49c2-9323-2f38d1c396b6,weekly.2.49,7,,2023-04-27 02:59:08.000000 UTC,2023-04-27 02:59:08.000000 UTC,1,249,2023-04-27 11:12:29.000000 UTC,
2b78d6e6-f4da-4117-8b6d-f975fe8b7371,monthly.7.49,30,,2023-03-07 12:43:08.000000 UTC,2023-04-07 12:43:05.000000 UTC,2,1498,2023-03-20 16:45:11.000000 UTC,
2b811c34-d580-4d12-b4ab-234449159305,weekly.4.99.3d.trial,3,2023-05-14 07:26:51.000000 UTC,2023-05-14 07:26:51.000000 UTC,2023-06-04 07:26:17.000000 UTC,3,1497,2023-06-10 11:37:37.000000 UTC,
2b8706d4-e326-41e8-9d96-edaf8ac63961,monthly.9.99.3d.trial,3,2023-04-06 08:45:57.000000 UTC,2023-04-06 08:45:57.000000 UTC,2023-04-06 08:45:57.000000 UTC,1,999,2023-04-08 15:10:03.000000 UTC,
2b8a92a8-4c16-414c-8851-cbe489c6faff,monthly.7.49,30,,2023-03-24 21:11:01.000000 UTC,2023-04-23 23:32:16.000000 UTC,2,1498,,
2b91086d-96a0-4286-bbb1-6a335e75ee51,weekly.4.99.3d.trial,3,2023-03-25 12:15:23.000000 UTC,2023-03-25 12:15:23.000000 UTC,2023-03-25 12:15:23.000000 UTC,1,499,2023-03-25 11:50:08.000000 UTC,
2b9cffc6-d1c5-4dff-93b9-d6c59482942c,monthly.7.49,30,,2023-03-11 19:37:24.000000 UTC,2023-03-11 19:37:24.000000 UTC,1,749,2023-03-12 03:19:24.000000 UTC,
2bb3241f-5cd1-4649-8949-de47d69d79d7,weekly.4.99.3d.trial,3,2023-05-16 16:39:11.000000 UTC,2023-05-16 16:39:11.000000 UTC,2023-07-04 16:39:43.000000 UTC,8,3992,2023-07-07 21:35:24.000000 UTC,
2bb9457d-bd9c-47cd-9acf-be605e99db97,weekly.4.99.3d.trial,3,2023-03-24 04:29:48.000000 UTC,2023-03-24 04:29:48.000000 UTC,2023-04-13 04:28:26.000000 UTC,4,1996,2023-04-14 09:01:14.000000 UTC,
2bcda9bf-2ba8-4b99-8bdc-862d198d306b,weekly.2.49,7,,2023-03-12 04:53:30.000000 UTC,2023-09-03 16:48:00.000000 UTC,6,212113,2023-09-05 21:26:52.000000 UTC,
2bf7f039-9a37-494e-9f22-1f63e6fe2801,weekly.2.49,7,,2023-03-10 07:44:01.000000 UTC,2023-04-30 07:45:06.000000 UTC,8,1992,2023-04-28 20:01:19.000000 UTC,
2bfb10d5-7d08-4422-938b-0eebdcb07ec8,weekly.4.99.3d.trial,3,2023-06-06 18:07:45.000000 UTC,2023-06-06 18:07:45.000000 UTC,2023-07-25 18:07:08.000000 UTC,8,3992,2023-07-27 00:35:01.000000 UTC,
2c16e633-cc68-4e5a-8f70-cedd5bec93ac,weekly.4.99.3d.trial,3,2023-06-30 11:04:53.000000 UTC,2023-06-30 11:04:53.000000 UTC,2023-09-10 10:04:12.000000 UTC,8,221340,2023-09-16 15:27:10.000000 UTC,
2c22a8f2-4961-4c84-9130-0ac14e5c575d,weekly.2.49,7,,2023-05-20 17:06:55.000000 UTC,2023-05-27 23:05:49.000000 UTC,2,498,2023-05-20 23:10:33.000000 UTC,
2c32e8c5-7c49-4a66-b428-c7436a4f763a,weekly.4.99.3d.trial,3,2023-03-06 09:42:47.000000 UTC,2023-03-06 09:42:47.000000 UTC,2023-07-30 08:42:11.000000 UTC,21,628792,2023-07-31 20:48:12.000000 UTC,
2c54b9ce-267f-47e8-8a7b-847d8298d15b,weekly.4.99.3d.trial,3,2023-03-26 10:18:48.000000 UTC,2023-03-26 10:18:48.000000 UTC,2023-03-26 10:18:48.000000 UTC,1,499,2023-03-25 17:10:53.000000 UTC,
2c842477-e219-4ccb-9cae-c649246f444b,weekly.4.99.3d.trial,3,2023-03-08 07:35:55.000000 UTC,2023-03-08 07:35:55.000000 UTC,2023-03-22 23:36:00.000000 UTC,3,1497,2023-03-28 09:00:37.000000 UTC,
2c9ad496-4ac9-4616-92f2-2306453b214c,weekly.2.49,7,,2023-05-21 15:20:37.000000 UTC,2023-05-21 15:20:37.000000 UTC,1,249,2023-05-22 14:19:56.000000 UTC,
2ca2fcce-001a-4006-8834-2d146a8bc7fa,weekly.4.99.3d.trial,3,2023-04-22 15:53:42.000000 UTC,2023-04-22 15:53:42.000000 UTC,2023-08-19 09:53:14.000000 UTC,20,9980,2023-08-18 18:34:09.000000 UTC,
2caeb6cc-53a9-4dff-a86a-4dc75dc30d8b,weekly.2.49,7,,2023-06-19 19:53:43.000000 UTC,2023-06-19 19:53:43.000000 UTC,1,0,2023-06-20 02:49:25.000000 UTC,2023-06-19 19:53:43.000000 UTC
2cb14ffb-8449-4ac3-ae3b-c12a619b72ca,weekly.2.49,7,,2023-06-02 22:26:21.000000 UTC,2023-06-10 22:25:34.000000 UTC,2,498,2023-06-11 07:27:12.000000 UTC,
2cb7ec4b-c190-4a2e-b5cb-d3431f1ce90e,monthly.7.49,30,,2023-04-12 12:21:06.000000 UTC,2023-08-26 04:21:23.000000 UTC,19,14231,2023-08-05 12:32:29.000000 UTC,
2d4abf45-e33e-40d1-b6e5-9f2ad7dc4709,weekly.4.99.3d.trial,3,2023-03-07 13:13:20.000000 UTC,2023-03-07 13:13:20.000000 UTC,2023-03-07 13:13:20.000000 UTC,1,499,2023-05-10 18:10:46.000000 UTC,
2d6f6569-f7f9-44cd-b7ff-9d7da0b755a2,weekly.4.99.3d.trial,3,2023-03-16 15:52:07.000000 UTC,2023-03-16 15:52:07.000000 UTC,2023-03-16 15:52:07.000000 UTC,1,499,2023-03-21 22:42:10.000000 UTC,
2d7933c3-9369-4d77-be60-e0c45bf99778,monthly.7.49,30,,2023-05-13 10:48:32.000000 UTC,2023-11-09 10:06:52.000000 UTC,18,13482,,
2d82550d-abc7-4f25-9440-a642d40ae359,weekly.4.99.3d.trial,3,2023-03-14 07:14:40.000000 UTC,2023-03-14 07:14:40.000000 UTC,2023-05-08 07:14:33.000000 UTC,9,4491,2023-05-12 17:12:59.000000 UTC,
2dad020c-dba7-4f56-a730-504cfebb740d,monthly.7.49,30,,2023-03-17 17:46:36.000000 UTC,2023-05-21 17:50:11.000000 UTC,7,5243,2023-05-02 00:36:27.000000 UTC,
2daf64f2-e4b7-4a17-8bd1-fd8ce9822ab4,monthly.7.49,30,,2023-06-11 21:06:42.000000 UTC,2023-06-11 21:06:42.000000 UTC,1,749,2023-06-16 20:52:27.000000 UTC,
2dc1443b-8199-4ffa-a0a1-09b4488d4ac4,monthly.9.99.3d.trial,3,2023-04-29 03:46:01.000000 UTC,2023-04-29 03:46:01.000000 UTC,2023-11-07 03:45:49.000000 UTC,27,1184974,,2023-07-14 17:14:56.000000 UTC
2dc238c0-2b4a-47f7-a65b-ebcdce6dee7f,weekly.2.49,7,,2023-04-14 19:24:33.000000 UTC,2023-04-29 19:24:20.000000 UTC,3,747,2023-05-02 13:01:22.000000 UTC,
2dc8f56a-3477-4aee-8753-17c3a15b4a65,weekly.4.99.3d.trial,3,2023-03-11 01:21:45.000000 UTC,2023-03-11 01:21:45.000000 UTC,2023-03-11 01:21:45.000000 UTC,1,499,2023-03-11 13:02:23.000000 UTC,
2ddb810f-a87e-4611-a040-90501c140176,weekly.2.49,7,,2023-04-07 02:12:57.000000 UTC,2023-07-28 02:14:36.000000 UTC,17,4855,,
2df47274-68d4-4f2a-b4fa-bd064e457c23,weekly.4.99.3d.trial,3,2023-03-27 03:32:43.000000 UTC,2023-03-27 03:32:43.000000 UTC,2023-03-27 03:32:43.000000 UTC,1,499,2023-03-26 18:52:15.000000 UTC,
2dfe096e-8f7c-445d-bbf3-cadd1d9a103e,weekly.4.99.3d.trial,3,2023-04-05 05:13:27.000000 UTC,2023-04-05 05:13:27.000000 UTC,2023-07-29 12:06:50.000000 UTC,18,8982,,
2e0ff8ec-531b-46d3-9369-94c5f07afaf6,weekly.2.49,7,,2023-03-27 13:56:11.000000 UTC,2023-03-27 13:56:11.000000 UTC,1,249,2023-03-29 02:47:10.000000 UTC,
2e35a64f-0805-43a1-a4b9-3d6bab9945cf,weekly.4.99.3d.trial,3,2023-03-11 09:02:44.000000 UTC,2023-03-11 09:02:44.000000 UTC,2023-04-01 01:12:01.000000 UTC,4,1996,2023-03-26 01:12:01.000000 UTC,
2e67c2e1-1933-4439-8d42-ea49da3887e3,monthly.7.49,30,,2023-05-13 23:46:56.000000 UTC,2023-06-13 15:47:07.000000 UTC,2,1498,2023-05-21 19:00:37.000000 UTC,
2e692fc0-ea5a-400e-8dae-56892ce33e9a,monthly.9.99.3d.trial,3,2023-04-16 01:04:56.000000 UTC,2023-04-16 01:04:56.000000 UTC,2023-04-16 01:04:56.000000 UTC,1,999,2023-04-16 01:07:07.000000 UTC,
2e706052-424c-4efb-92aa-6d2f9d012639,weekly.2.49,7,,2023-03-10 14:58:18.000000 UTC,2023-04-01 14:57:49.000000 UTC,4,996,2023-04-02 21:13:42.000000 UTC,
2e716c4c-dc34-47cb-ae95-00d1f8af67f5,weekly.4.99.3d.trial,3,2023-05-20 10:14:17.000000 UTC,2023-05-20 10:14:17.000000 UTC,2023-05-20 10:14:17.000000 UTC,1,499,2023-05-25 22:44:20.000000 UTC,
2e9a2e98-6f31-4ff3-b0b3-acf9488b1776,weekly.4.99.3d.trial,3,2023-03-14 11:43:12.000000 UTC,2023-03-14 11:43:12.000000 UTC,2023-03-14 11:43:12.000000 UTC,1,19967,2023-03-15 22:09:51.000000 UTC,
2eb2f456-32bb-49d9-a521-02af988f4f24,weekly.4.99.3d.trial,3,2023-05-28 09:00:46.000000 UTC,2023-05-28 09:00:46.000000 UTC,2023-05-28 09:00:46.000000 UTC,1,499,2023-05-27 09:26:52.000000 UTC,
2eb8e968-b22f-415d-90c9-4ac4aff96411,monthly.7.49,30,,2023-03-12 06:50:05.000000 UTC,2023-11-08 06:49:31.000000 UTC,31,1041499,,
2ee8620b-db8e-482a-a64e-20e8302b9ae1,monthly.9.99.3d.trial,3,2023-05-27 18:28:04.000000 UTC,2023-05-27 18:28:04.000000 UTC,2023-10-23 12:27:35.000000 UTC,19,136987,,
2f2f7e6c-b2f0-41f8-91d8-19f33f6fe9c9,weekly.4.99.3d.trial,3,2023-05-18 16:52:21.000000 UTC,2023-05-18 16:52:21.000000 UTC,2023-06-01 16:53:34.000000 UTC,3,1497,2023-06-04 04:24:12.000000 UTC,
2f3516fb-5383-4e84-9ef0-1114eec81ef6,weekly.2.49,7,,2023-05-14 14:20:28.000000 UTC,2023-09-04 14:19:20.000000 UTC,16,3984,,
2f413770-014b-428d-8cc6-8d32d95f8488,weekly.2.49,7,,2023-03-24 13:47:48.000000 UTC,2023-03-24 13:47:48.000000 UTC,1,0,2023-03-24 19:10:03.000000 UTC,2023-03-24 13:47:48.000000 UTC
2f4f4d1c-27fe-425f-bdb2-be4de1104d41,weekly.2.49,7,,2023-05-23 15:16:39.000000 UTC,2023-05-23 15:16:39.000000 UTC,1,249,2023-05-30 10:53:22.000000 UTC,
2f502a57-ebb0-4773-8e12-abb91de9428b,weekly.4.99.3d.trial,3,2023-06-05 16:37:28.000000 UTC,2023-06-05 16:37:28.000000 UTC,2023-06-05 16:37:28.000000 UTC,1,499,2023-06-10 21:06:50.000000 UTC,
2f5339de-c0e9-4546-991b-fe804f2c3ed2,monthly.9.99.3d.trial,3,2023-04-16 11:14:52.000000 UTC,2023-04-16 11:14:52.000000 UTC,2023-11-03 06:06:56.000000 UTC,20,625266,,
2f651d61-a6c8-4dd9-bc25-a23b8d79611a,weekly.2.49,7,,2023-03-15 04:24:25.000000 UTC,2023-03-15 04:24:25.000000 UTC,1,249,2023-03-16 03:38:16.000000 UTC,
2f8e09b1-fddf-49e3-a70b-c30df666919e,weekly.2.49,7,,2023-05-18 06:29:52.000000 UTC,2023-10-06 20:49:58.000000 UTC,23,365784,2023-10-12 00:47:54.000000 UTC,2023-08-03 06:29:17.000000 UTC
2fa75819-6a2d-4ca0-b0ec-83b81f50c57a,weekly.4.99.3d.trial,3,2023-04-06 06:44:24.000000 UTC,2023-04-06 06:44:24.000000 UTC,2023-05-03 06:44:34.000000 UTC,5,347205,,
2fb7b40f-626c-45b8-8f48-c9ec9d43dae9,weekly.2.49,7,,2023-03-06 09:55:50.000000 UTC,2023-05-30 12:56:17.000000 UTC,5,1245,,
2fde6dc0-66c9-43f1-afec-ce55663df067,weekly.2.49,7,,2023-06-06 14:06:06.000000 UTC,2023-07-11 14:05:23.000000 UTC,6,1494,2023-07-17 23:53:19.000000 UTC,
2fe0bfc3-8fbe-4ed3-b42c-c520253ee8ab,monthly.9.99.3d.trial,3,2023-05-05 07:58:38.000000 UTC,2023-05-05 07:58:38.000000 UTC,2023-06-17 08:00:26.000000 UTC,4,3996,,
2ff5d4e8-028e-4dd4-a94b-9c6f2ffaed31,monthly.9.99.3d.trial,3,2023-05-07 14:45:52.000000 UTC,2023-05-07 14:45:52.000000 UTC,2023-05-07 14:45:52.000000 UTC,1,949879,,
3046e166-0b8f-4b90-a174-648558ae6210,weekly.4.99.3d.trial,3,2023-03-17 10:13:24.000000 UTC,2023-03-17 10:13:24.000000 UTC,2023-10-12 10:13:38.000000 UTC,31,307496,,
30519e14-1931-4396-b255-ee4cd78fb14d,weekly.4.99.3d.trial,3,2023-03-18 07:36:55.000000 UTC,2023-03-18 07:36:55.000000 UTC,2023-04-22 13:37:24.000000 UTC,6,2994,2023-04-28 01:02:33.000000 UTC,
308b9c7f-1b9b-4b68-bee5-28c5af1b1be5,weekly.2.49,7,,2023-06-04 13:26:14.000000 UTC,2023-06-11 19:26:06.000000 UTC,2,498,,
30a50ec1-f310-480c-99c9-37cec2696935,monthly.9.99.3d.trial,3,2023-04-08 19:01:52.000000 UTC,2023-04-08 19:01:52.000000 UTC,2023-09-26 02:22:28.000000 UTC,5,4995,2023-08-27 14:29:11.000000 UTC,
30a9d305-e347-4140-a987-1df0bd41fc48,weekly.4.99.3d.trial,3,2023-03-25 09:46:48.000000 UTC,2023-03-25 09:46:48.000000 UTC,2023-04-07 09:51:17.000000 UTC,3,1497,2023-04-09 23:12:03.000000 UTC,
30d58abc-4acc-483f-9628-0c43bcf777ff,weekly.2.49,7,,2023-03-14 11:59:56.000000 UTC,2023-03-14 11:59:56.000000 UTC,1,249,2023-03-18 09:58:45.000000 UTC,
30ddb246-058d-4be2-9b14-0f259ddbb3c3,weekly.2.49,7,,2023-05-13 06:29:25.000000 UTC,2023-07-08 06:29:16.000000 UTC,9,1992,2023-07-11 11:01:44.000000 UTC,2023-05-20 06:28:34.000000 UTC
30f02d97-360c-49e5-a051-a09363e9060a,weekly.2.49,7,,2023-05-27 09:49:31.000000 UTC,2023-06-24 09:48:53.000000 UTC,5,1245,2023-06-27 23:24:55.000000 UTC,
31025599-0f0f-442a-a25e-9838a607b50f,weekly.2.49,7,,2023-03-16 01:02:05.000000 UTC,2023-03-23 01:02:49.000000 UTC,2,498,2023-03-27 06:50:31.000000 UTC,
3108968b-eddc-4ff2-9377-f09aea6fd86a,monthly.9.99.3d.trial,3,2023-06-15 19:41:43.000000 UTC,2023-06-15 19:41:43.000000 UTC,2023-09-09 11:41:57.000000 UTC,10,100889,2023-08-24 15:25:37.000000 UTC,
31104cf5-77b5-4fc1-ba37-8783961e61c8,monthly.9.99.3d.trial,3,2023-06-03 08:21:14.000000 UTC,2023-06-03 08:21:14.000000 UTC,2023-06-03 08:21:14.000000 UTC,1,999,2023-06-08 03:45:09.000000 UTC,
3110ec23-c91f-4137-8238-1526dec3004c,weekly.2.49,7,,2023-03-24 06:54:26.000000 UTC,2023-03-24 06:54:26.000000 UTC,1,249,2023-03-26 21:17:30.000000 UTC,
314756b5-c239-4c07-85b4-c0a64030ad05,weekly.4.99.3d.trial,3,2023-06-04 19:52:41.000000 UTC,2023-06-04 19:52:41.000000 UTC,2023-06-26 09:49:59.000000 UTC,3,1497,2023-06-28 05:08:07.000000 UTC,
31572f5d-5477-4863-ae17-94bee9fed052,weekly.2.49,7,,2023-04-18 05:56:13.000000 UTC,2023-05-02 05:54:14.000000 UTC,3,747,2023-05-06 10:33:01.000000 UTC,
3187ba66-9121-4fb3-b927-95853106b050,monthly.7.49,30,,2023-04-29 14:27:12.000000 UTC,2023-11-08 09:43:31.000000 UTC,22,16478,,
319c0944-7e34-41d2-a53b-c62eb3c44b8c,weekly.4.99.3d.trial,3,2023-04-13 21:28:29.000000 UTC,2023-04-13 21:28:29.000000 UTC,2023-05-25 21:27:33.000000 UTC,7,220062,2023-05-25 12:38:29.000000 UTC,
319f8601-27d7-4726-9c00-ab0044aae926,weekly.4.99.3d.trial,3,2023-04-08 09:14:51.000000 UTC,2023-04-08 09:14:51.000000 UTC,2023-09-08 09:13:08.000000 UTC,23,11477,2023-09-11 17:36:14.000000 UTC,
31a12eb9-e532-43b9-8eeb-4a14c97af711,weekly.4.99.3d.trial,3,2023-04-22 14:38:43.000000 UTC,2023-04-22 14:38:43.000000 UTC,2023-05-19 01:18:30.000000 UTC,7,3493,2023-05-21 16:32:55.000000 UTC,
31cee2c2-b55b-4412-a3e2-36e357cd4870,weekly.2.49,7,,2023-06-02 19:53:10.000000 UTC,2023-06-26 19:56:32.000000 UTC,3,747,2023-07-03 14:54:24.000000 UTC,
322991cd-91a6-4280-9370-302ba502b0ba,weekly.2.49,7,,2023-05-06 17:23:18.000000 UTC,2023-06-16 23:48:02.000000 UTC,8,1992,2023-06-24 07:05:26.000000 UTC,
3238f417-58a0-4fd1-a05d-d235d12519b2,weekly.2.49,7,,2023-04-08 01:33:21.000000 UTC,2023-09-24 03:06:53.000000 UTC,23,139906,2023-09-28 07:56:58.000000 UTC,2023-08-12 01:33:04.000000 UTC
32466bda-4010-49b1-af82-a979b03c8b8c,monthly.7.49,30,,2023-03-31 14:53:06.000000 UTC,2023-03-31 14:53:06.000000 UTC,1,749,2023-04-01 18:11:54.000000 UTC,
3259ce49-5d29-4215-98ff-e142f5d873bc,weekly.2.49,7,,2023-05-16 15:28:20.000000 UTC,2023-06-06 15:31:06.000000 UTC,4,996,2023-06-08 15:25:22.000000 UTC,
329e4bd6-caf3-471d-a67e-ba8233dcfd11,weekly.4.99.3d.trial,3,2023-05-06 14:49:30.000000 UTC,2023-05-06 14:49:30.000000 UTC,2023-05-06 14:49:30.000000 UTC,1,499,2023-05-07 15:36:49.000000 UTC,
32b37884-cea6-4b53-ad75-b0fd8a7d8658,weekly.4.99.3d.trial,3,2023-03-25 09:51:18.000000 UTC,2023-03-25 09:51:18.000000 UTC,2023-03-25 09:51:18.000000 UTC,1,499,2023-03-31 03:22:19.000000 UTC,
32b559a3-9a63-4e5a-a04f-6bb865877d6f,weekly.4.99.3d.trial,3,2023-03-11 09:26:29.000000 UTC,2023-03-11 09:26:29.000000 UTC,2023-06-17 09:26:28.000000 UTC,15,59892,2023-06-20 21:32:36.000000 UTC,
32f7c790-bfb4-4fa9-811e-ad6fae7455f3,monthly.9.99.3d.trial,3,2023-03-29 14:55:34.000000 UTC,2023-03-29 14:55:34.000000 UTC,2023-03-29 14:55:34.000000 UTC,1,999,2023-03-29 15:49:44.000000 UTC,
332dcf82-e16b-4903-9298-e5ec3fe373ae,monthly.9.99.3d.trial,3,2023-03-31 16:06:26.000000 UTC,2023-03-31 16:06:26.000000 UTC,2023-03-31 16:06:26.000000 UTC,1,999,2023-03-31 00:27:14.000000 UTC,
334d677a-c8b4-40bd-8640-9824abcbb302,monthly.7.49,30,,2023-03-30 06:45:42.000000 UTC,2023-11-04 06:48:07.000000 UTC,29,364409,,
335edee1-102b-402d-99d2-390f1ef87deb,monthly.9.99.3d.trial,3,2023-04-01 21:36:35.000000 UTC,2023-04-01 21:36:35.000000 UTC,2023-04-01 21:36:35.000000 UTC,1,999,2023-04-03 00:44:56.000000 UTC,
33906fa3-063a-493e-a167-e3a2e4813436,monthly.7.49,30,,2023-03-08 16:18:10.000000 UTC,2023-05-06 16:18:50.000000 UTC,6,4494,2023-04-16 19:53:44.000000 UTC,
33983dd5-01e3-42b0-a93f-8b0f7c4acd53,monthly.7.49,30,,2023-05-05 20:50:01.000000 UTC,2023-06-26 20:49:10.000000 UTC,5,3745,2023-06-07 17:59:37.000000 UTC,
33a37f7f-01ab-4995-afdb-1cf8462d889d,monthly.9.99.3d.trial,3,2023-05-18 16:44:14.000000 UTC,2023-05-18 16:44:14.000000 UTC,2023-08-05 18:47:44.000000 UTC,9,8991,,
33facb28-5a71-4406-bdc8-549c4f36c3aa,weekly.4.99.3d.trial,3,2023-03-16 02:06:19.000000 UTC,2023-03-16 02:06:19.000000 UTC,2023-05-19 18:32:46.000000 UTC,4,1996,,
342b4422-0bdf-4fc2-b52b-9fb1ceeeca5d,weekly.2.49,7,,2023-04-30 14:25:35.000000 UTC,2023-04-30 14:25:35.000000 UTC,1,249,2023-05-03 11:26:57.000000 UTC,
344ed645-d698-4041-a692-80fe639159a7,weekly.2.49,7,,2023-03-12 03:47:52.000000 UTC,2023-03-12 03:47:52.000000 UTC,1,249,2023-03-14 11:10:06.000000 UTC,
345735be-f0a4-40b2-bf55-f54d83f79268,monthly.9.99.3d.trial,3,2023-05-08 11:53:11.000000 UTC,2023-05-08 11:53:11.000000 UTC,2023-05-08 11:53:11.000000 UTC,1,999,2023-05-07 14:54:24.000000 UTC,
3475cdb4-bd0d-457f-950c-5371fbe9959d,monthly.7.49,30,,2023-04-16 17:40:43.000000 UTC,2023-04-16 17:40:43.000000 UTC,1,749,2023-04-19 17:41:50.000000 UTC,
34790e6a-657a-4dcd-81f6-9d31a2273a32,monthly.7.49,30,,2023-03-25 19:36:14.000000 UTC,2023-03-25 19:36:14.000000 UTC,1,749,2023-03-25 23:46:49.000000 UTC,
34b091a0-196a-447f-9e18-35022f02a077,weekly.4.99.3d.trial,3,2023-06-05 02:29:33.000000 UTC,2023-06-05 02:29:33.000000 UTC,2023-06-13 02:29:16.000000 UTC,2,998,2023-06-15 03:51:15.000000 UTC,
34c2be78-2717-47e4-bacc-cb7f34ca2615,monthly.9.99.3d.trial,3,2023-05-14 14:53:19.000000 UTC,2023-05-14 14:53:19.000000 UTC,2023-06-21 14:53:36.000000 UTC,3,953511,2023-05-31 17:02:47.000000 UTC,
34d287a5-b678-41ac-bc68-1dc5b1275d46,weekly.2.49,7,,2023-06-06 12:15:58.000000 UTC,2023-07-12 12:15:59.000000 UTC,6,1494,2023-07-16 14:08:48.000000 UTC,
34e98fbb-88c0-4b26-a3da-a65e2cdffc68,weekly.2.49,7,,2023-03-17 04:20:44.000000 UTC,2023-03-17 04:20:44.000000 UTC,1,249,2023-03-19 18:00:32.000000 UTC,
34f09881-5da5-4b88-b458-8198c94f598a,weekly.4.99.3d.trial,3,2023-05-26 12:11:37.000000 UTC,2023-05-26 12:11:37.000000 UTC,2023-06-22 12:10:29.000000 UTC,5,2495,2023-06-26 13:47:27.000000 UTC,
34f522b9-f408-49ab-a437-ac62b5e1892e,weekly.4.99.3d.trial,3,2023-03-29 08:48:32.000000 UTC,2023-03-29 08:48:32.000000 UTC,2023-06-21 08:48:42.000000 UTC,13,5988,2023-06-22 20:27:21.000000 UTC,2023-05-30 08:49:31.000000 UTC
3512ad22-37e7-45fc-9c4b-a6a8c4198ad8,weekly.2.49,7,,2023-04-14 14:54:24.000000 UTC,2023-04-14 14:54:24.000000 UTC,1,249,2023-04-15 04:23:30.000000 UTC,
352ef346-f295-4ad8-b705-9747ef357afa,monthly.7.49,30,,2023-05-28 21:42:09.000000 UTC,2023-05-28 21:42:09.000000 UTC,1,749,,
353c9848-65e8-46ca-a04e-bdbabc45f3a7,weekly.4.99.3d.trial,3,2023-08-28 02:31:35.000000 UTC,2023-08-28 02:31:35.000000 UTC,2023-10-16 02:30:08.000000 UTC,8,3992,,
35935d27-8db4-4127-8982-36b77d498c1e,weekly.2.49,7,,2023-03-09 10:15:33.000000 UTC,2023-04-07 10:14:41.000000 UTC,5,32397,2023-04-06 16:49:28.000000 UTC,
35a74e42-1da4-4729-98a4-1f6dc55f3d7c,weekly.2.49,7,,2023-04-21 19:45:23.000000 UTC,2023-04-21 19:45:23.000000 UTC,1,249,2023-04-22 11:58:01.000000 UTC,
35bb2b0b-c087-4f13-910c-bb44e2f4ead1,monthly.7.49,30,,2023-03-11 17:25:39.000000 UTC,2023-05-09 17:24:44.000000 UTC,6,4494,2023-04-19 17:25:51.000000 UTC,
35e72b2a-376c-4bc5-ab25-76eddf424cdf,weekly.2.49,7,,2023-05-17 11:51:26.000000 UTC,2023-06-07 11:51:51.000000 UTC,4,996,2023-06-11 13:30:19.000000 UTC,
35f2b720-a980-42e5-aba4-8e362de06a25,weekly.2.49,7,,2023-07-30 14:31:46.000000 UTC,2023-07-30 14:31:46.000000 UTC,1,249,2023-08-04 03:37:22.000000 UTC,
360a7af5-a256-48b3-a6f7-e05322fe736f,monthly.9.99.3d.trial,3,2023-03-27 13:33:14.000000 UTC,2023-03-27 13:33:14.000000 UTC,2023-04-26 13:33:03.000000 UTC,2,1998,2023-04-03 19:24:17.000000 UTC,
3614faf8-7ff7-4f25-8669-cade5a701972,weekly.2.49,7,,2023-04-16 18:14:28.000000 UTC,2023-04-23 18:15:40.000000 UTC,2,498,2023-04-28 03:30:20.000000 UTC,
36265d8e-cb09-4797-a2c5-e8745010d5f4,monthly.9.99.3d.trial,3,2023-03-18 10:27:37.000000 UTC,2023-03-18 10:27:37.000000 UTC,2023-11-08 06:47:09.000000 UTC,29,1165013,2023-10-16 13:45:02.000000 UTC,2023-09-15 10:28:02.000000 UTC
36365f33-f9a5-4e3c-bd76-757c3cd29cc4,weekly.2.49,7,,2023-04-22 09:48:23.000000 UTC,2023-04-22 09:48:23.000000 UTC,1,249,2023-04-22 15:20:58.000000 UTC,
3643e047-cf5e-4f1c-b17c-baaf772d9ab5,weekly.4.99.3d.trial,3,2023-06-28 22:58:15.000000 UTC,2023-06-28 22:58:15.000000 UTC,2023-07-05 22:58:16.000000 UTC,2,998,2023-06-28 23:58:46.000000 UTC,
364ca188-ece6-4169-a764-cfa197fbcc35,weekly.4.99.3d.trial,3,2023-05-18 18:38:21.000000 UTC,2023-05-18 18:38:21.000000 UTC,2023-10-09 11:41:51.000000 UTC,4,1996,2023-10-10 12:43:57.000000 UTC,
36557547-638e-4add-bab3-a82f589e5001,weekly.4.99.3d.trial,3,2023-04-19 13:26:03.000000 UTC,2023-04-19 13:26:03.000000 UTC,2023-08-01 13:26:52.000000 UTC,16,7984,2023-08-03 23:23:32.000000 UTC,
3687d980-4ba3-4a20-82cf-36ceac8ce41e,weekly.2.49,7,,2023-05-18 12:09:54.000000 UTC,2023-10-13 12:10:25.000000 UTC,22,159235,,
36a6518f-f528-487c-a420-e99bdad086fd,weekly.4.99.3d.trial,3,2023-04-03 17:11:09.000000 UTC,2023-04-03 17:11:09.000000 UTC,2023-04-03 17:11:09.000000 UTC,1,499,2023-04-06 01:03:44.000000 UTC,
36ded031-3e96-43a7-b8f7-dc9993fe5def,weekly.2.49,7,,2023-04-12 07:42:33.000000 UTC,2023-10-11 07:42:58.000000 UTC,27,139715,,
36e06265-9f00-49bf-915e-0eff3456974a,weekly.4.99.3d.trial,3,2023-05-20 14:34:11.000000 UTC,2023-05-20 14:34:11.000000 UTC,2023-05-20 14:34:11.000000 UTC,1,499,2023-05-19 14:55:11.000000 UTC,
36f68fbb-3464-4345-853b-9a1fb8b9a831,weekly.4.99.3d.trial,3,2023-09-15 10:01:47.000000 UTC,2023-09-15 10:01:47.000000 UTC,2023-09-15 10:01:47.000000 UTC,1,499,2023-03-17 16:34:40.000000 UTC,
37119b84-0f07-475d-827f-e3d269694fea,monthly.9.99.3d.trial,3,2023-05-26 11:18:56.000000 UTC,2023-05-26 11:18:56.000000 UTC,2023-06-25 11:18:10.000000 UTC,2,1998,2023-06-07 10:16:44.000000 UTC,
374000e6-b387-4393-a330-dfb10a08804b,monthly.7.49,30,,2023-04-25 08:04:28.000000 UTC,2023-04-25 08:04:28.000000 UTC,1,749,2023-04-26 19:52:50.000000 UTC,
374071d6-9ed1-4528-a304-400773442468,monthly.9.99.3d.trial,3,2023-08-03 07:55:44.000000 UTC,2023-08-03 07:55:44.000000 UTC,2023-09-30 07:54:52.000000 UTC,6,4995,2023-09-07 03:22:22.000000 UTC,2023-09-06 07:54:52.000000 UTC
374e50ab-6261-46c0-ae5d-c9b07398353c,monthly.9.99.3d.trial,3,2023-05-13 08:23:43.000000 UTC,2023-05-13 08:23:43.000000 UTC,2023-06-19 08:27:28.000000 UTC,3,2997,,
375a2bd1-5f7c-450e-ab65-2ad2d08fa5d0,monthly.9.99.3d.trial,3,2023-03-17 17:33:44.000000 UTC,2023-03-17 17:33:44.000000 UTC,2023-07-16 17:33:27.000000 UTC,14,13986,2023-06-27 19:34:11.000000 UTC,
37654feb-298f-40ab-a18f-99296e97ce90,weekly.4.99.3d.trial,3,2023-04-19 17:31:03.000000 UTC,2023-04-19 17:31:03.000000 UTC,2023-04-19 17:31:03.000000 UTC,1,499,2023-04-23 02:10:47.000000 UTC,
377b4cd3-2092-4f21-8a59-adced2e3f98d,monthly.9.99.3d.trial,3,2023-05-28 09:56:09.000000 UTC,2023-05-28 09:56:09.000000 UTC,2023-05-28 09:56:09.000000 UTC,1,999,2023-05-31 14:21:36.000000 UTC,
37b4c293-af7d-4ef3-ae0c-6eded10e8f61,weekly.2.49,7,,2023-07-26 16:44:56.000000 UTC,2023-07-26 16:44:56.000000 UTC,1,249,2023-07-26 16:48:21.000000 UTC,
37cd5882-799e-4bd8-abf6-1e502dcc27b4,monthly.7.49,30,,2023-05-13 03:40:00.000000 UTC,2023-06-26 03:40:06.000000 UTC,4,2996,2023-06-08 19:34:13.000000 UTC,
387d505b-2f1d-4f3a-825f-6b26a668e214,weekly.2.49,7,,2023-04-14 10:33:00.000000 UTC,2023-10-14 10:32:08.000000 UTC,27,6723,,
38b1be08-3fa3-47b6-b1e9-61eb0d4edf8c,weekly.4.99.3d.trial,3,2023-05-13 17:13:03.000000 UTC,2023-05-13 17:13:03.000000 UTC,2023-07-15 19:15:38.000000 UTC,4,1996,,
38b5a3e3-4e2b-491c-92e7-ac2d245b099d,weekly.2.49,7,,2023-05-21 23:06:08.000000 UTC,2023-05-21 23:06:08.000000 UTC,1,249,2023-05-22 02:32:41.000000 UTC,
38ea005f-2821-47cb-99ac-2f939e512878,monthly.7.49,30,,2023-04-23 06:42:57.000000 UTC,2023-09-26 06:42:44.000000 UTC,19,873251,,
39213ae6-fe4d-4660-bc1a-fbb8d5091aab,weekly.2.49,7,,2023-03-07 07:45:20.000000 UTC,2023-03-07 07:45:20.000000 UTC,1,249,2023-03-10 03:02:19.000000 UTC,
397cc67c-0126-4b40-b588-ce1d5979efbc,weekly.2.49,7,,2023-03-24 11:40:04.000000 UTC,2023-03-24 11:40:04.000000 UTC,1,249,2023-03-24 19:26:48.000000 UTC,
39ae90e6-1d01-4862-905e-61ada3d4c8f6,weekly.2.49,7,,2023-03-07 14:43:56.000000 UTC,2023-03-14 14:44:01.000000 UTC,2,498,2023-03-18 12:13:47.000000 UTC,
39b2c067-bd93-4f6c-a427-f9785dba91cb,weekly.2.49,7,,2023-05-09 18:04:01.000000 UTC,2023-05-17 10:03:50.000000 UTC,2,498,2023-05-21 17:03:36.000000 UTC,
39b3b1a2-4cd0-4126-99e2-7567d286f9ee,monthly.9.99.3d.trial,3,2023-06-05 11:43:14.000000 UTC,2023-06-05 11:43:14.000000 UTC,2023-07-19 11:43:06.000000 UTC,4,3996,2023-06-30 16:12:56.000000 UTC,
39b53334-6754-4d64-b12d-4a36ad518b5c,weekly.2.49,7,,2023-03-06 06:43:42.000000 UTC,2023-03-06 06:43:42.000000 UTC,1,249,2023-03-08 22:52:15.000000 UTC,
39cec1dc-0f1c-408f-82b5-3b24bf732bd6,weekly.2.49,7,,2023-05-16 10:57:54.000000 UTC,2023-05-16 10:57:54.000000 UTC,1,249,2023-05-17 16:39:06.000000 UTC,
39e15ce8-2292-4de7-9e0c-b408f175a5ac,weekly.4.99.3d.trial,3,2023-05-25 09:10:31.000000 UTC,2023-05-25 09:10:31.000000 UTC,2023-05-25 09:10:31.000000 UTC,1,499,2023-05-29 12:02:00.000000 UTC,
39e32961-003d-494b-a436-30f3b19a8cb2,weekly.4.99.3d.trial,3,2023-03-19 01:07:26.000000 UTC,2023-03-19 01:07:26.000000 UTC,2023-03-26 07:07:21.000000 UTC,2,998,2023-03-19 08:02:48.000000 UTC,
39e6fc0e-e0cf-47d4-b0f7-602a6117829a,monthly.9.99.3d.trial,3,2023-06-04 14:28:32.000000 UTC,2023-06-04 14:28:32.000000 UTC,2023-06-04 14:28:32.000000 UTC,1,999,2023-06-06 02:32:09.000000 UTC,
3a35f920-67b9-4379-b66e-67367520d148,weekly.2.49,7,,2023-06-02 23:20:58.000000 UTC,2023-06-02 23:20:58.000000 UTC,1,249,,
3a75466d-d494-4e13-9e61-3df0c37b5001,weekly.2.49,7,,2023-03-16 09:42:11.000000 UTC,2023-05-04 09:42:42.000000 UTC,7,1743,2023-05-09 18:24:17.000000 UTC,
3ab8ff9e-8f95-4693-9e40-633e0ff8986b,weekly.4.99.3d.trial,3,2023-04-25 21:36:32.000000 UTC,2023-04-25 21:36:32.000000 UTC,2023-09-23 19:40:32.000000 UTC,13,481343,,
3ae8b8c7-deda-448d-9e72-1f22b8c8773e,weekly.4.99.3d.trial,3,2023-03-22 21:49:53.000000 UTC,2023-03-22 21:49:53.000000 UTC,2023-05-11 15:56:31.000000 UTC,10,324767,2023-05-16 10:40:56.000000 UTC,
3aea1ab9-73bb-4f48-b05a-22dab569b557,monthly.7.49,30,,2023-03-16 04:53:10.000000 UTC,2023-06-13 14:46:44.000000 UTC,7,5243,2023-06-15 21:25:21.000000 UTC,
3af46218-1db2-4545-8516-0ce893f7ae76,monthly.9.99.3d.trial,3,2023-05-25 14:49:18.000000 UTC,2023-05-25 14:49:18.000000 UTC,2023-10-20 14:48:47.000000 UTC,19,18981,2023-10-01 22:55:59.000000 UTC,
3b0431ae-d253-4773-88d0-52008a036c4c,weekly.2.49,7,,2023-05-16 13:37:11.000000 UTC,2023-10-17 13:36:43.000000 UTC,23,186542,,2023-05-16 13:37:11.000000 UTC
3b6c0a7f-5a15-4c3e-8db0-abd1e8a0dd61,weekly.2.49,7,,2023-04-22 02:47:52.000000 UTC,2023-04-22 02:47:52.000000 UTC,1,249,2023-04-22 02:47:52.000000 UTC,
3b84f0f1-26ba-4b45-b257-fd9c5bf364d8,weekly.2.49,7,,2023-06-05 16:18:48.000000 UTC,2023-06-05 16:18:48.000000 UTC,1,249,2023-06-07 15:09:52.000000 UTC,
3bd51209-4c0b-4281-9974-925795ece6e6,weekly.2.49,7,,2023-05-14 07:51:29.000000 UTC,2023-10-16 11:15:05.000000 UTC,13,3237,,
3c0de37b-6ba2-4a87-a105-c99de368fc69,weekly.4.99.3d.trial,3,2023-06-09 22:45:22.000000 UTC,2023-06-09 22:45:22.000000 UTC,2023-06-17 14:45:40.000000 UTC,3,366063,2023-06-22 02:18:40.000000 UTC,
3c1b4f06-0bc8-405f-9c4a-d46a3f1883e7,monthly.9.99.3d.trial,3,2023-05-17 02:10:46.000000 UTC,2023-05-17 02:10:46.000000 UTC,2023-06-17 02:10:08.000000 UTC,2,1998,,
3c3cb04a-6652-4f19-a1cd-373ade9741f1,weekly.2.49,7,,2023-05-24 23:57:37.000000 UTC,2023-06-01 23:57:29.000000 UTC,2,498,2023-06-06 05:36:58.000000 UTC,
3c72b25c-90a3-4a94-93d1-84bdeab7a7e9,weekly.2.49,7,,2023-04-09 10:23:45.000000 UTC,2023-10-15 10:23:52.000000 UTC,27,6723,,
3c8259cd-935a-4a8a-82b3-127bd3466d54,weekly.2.49,7,,2023-03-19 06:27:08.000000 UTC,2023-03-19 06:27:08.000000 UTC,1,249,2023-03-22 09:43:46.000000 UTC,
3c8cbf6c-1d00-424a-ae92-59d8d519c35a,monthly.9.99.3d.trial,3,2023-03-13 20:44:46.000000 UTC,2023-03-13 20:44:46.000000 UTC,2023-04-18 20:44:10.000000 UTC,3,609129,2023-03-27 22:57:58.000000 UTC,
3cb5db31-73d2-4bde-bed5-816567b616aa,weekly.2.49,7,,2023-04-17 05:53:49.000000 UTC,2023-04-28 18:43:52.000000 UTC,3,747,2023-04-28 22:27:52.000000 UTC,
3cb75ebf-9f8c-42c6-b138-417737e45066,weekly.2.49,7,,2023-04-03 14:00:52.000000 UTC,2023-04-24 14:02:00.000000 UTC,4,996,2023-04-25 17:37:18.000000 UTC,
3cbdc83f-3c6e-4a46-85f3-4998ec4a3015,weekly.2.49,7,,2023-03-16 10:49:38.000000 UTC,2023-03-16 10:49:38.000000 UTC,1,249,2023-03-21 22:10:14.000000 UTC,
3cc72bd5-18e8-45de-902e-c7c5809bf524,weekly.2.49,7,,2023-07-23 13:52:50.000000 UTC,2023-07-23 13:52:50.000000 UTC,1,249,2023-07-24 19:51:42.000000 UTC,
3cca0186-b0b2-4a8e-8b6c-538a2a7deeb0,weekly.2.49,7,,2023-05-18 06:37:09.000000 UTC,2023-05-26 06:36:15.000000 UTC,2,498,2023-05-26 09:02:34.000000 UTC,
3d3c6185-77d4-4b18-83ee-7e49eeb9bbf8,weekly.2.49,7,,2023-04-21 16:32:17.000000 UTC,2023-04-29 05:48:06.000000 UTC,2,498,2023-04-28 14:58:03.000000 UTC,
3d4e07b3-503d-4676-985e-d105ff52af1a,weekly.2.49,7,,2023-03-24 11:56:33.000000 UTC,2023-04-01 11:53:24.000000 UTC,2,498,2023-04-04 15:58:05.000000 UTC,
3d5d7b6b-b3d6-480e-bf8e-ec1b92256e45,weekly.4.99.3d.trial,3,2023-05-06 12:25:02.000000 UTC,2023-05-06 12:25:02.000000 UTC,2023-05-14 06:24:44.000000 UTC,2,998,2023-05-10 18:08:32.000000 UTC,
3d7282f4-7e72-4418-b1fb-c90cd850c67c,monthly.9.99.3d.trial,3,2023-05-04 15:20:53.000000 UTC,2023-05-04 15:20:53.000000 UTC,2023-10-10 06:25:31.000000 UTC,17,16983,,
3d8f4cd9-623d-47d7-a970-31418ab9bdf4,weekly.4.99.3d.trial,3,2023-03-20 07:17:03.000000 UTC,2023-03-20 07:17:03.000000 UTC,2023-07-05 18:36:06.000000 UTC,18,164545,2023-07-12 16:31:54.000000 UTC,
3db9f7c4-3e71-47a5-9456-381931251657,weekly.2.49,7,,2023-03-14 09:28:40.000000 UTC,2023-03-14 09:28:40.000000 UTC,1,249,2023-03-14 16:33:00.000000 UTC,
3dd2f58a-0f0f-4f7e-81ec-0a6940fe4a24,monthly.9.99.3d.trial,3,2023-06-07 15:18:24.000000 UTC,2023-06-07 15:18:24.000000 UTC,2023-06-07 15:18:24.000000 UTC,1,999,2023-06-13 19:35:46.000000 UTC,
3e3e4978-9723-418f-b063-471c884fcb03,weekly.2.49,7,,2023-04-10 17:29:18.000000 UTC,2023-06-14 12:45:38.000000 UTC,3,747,2023-06-14 15:36:40.000000 UTC,
3e422545-ab22-404a-ab1f-419d0d419bea,monthly.9.99.3d.trial,3,2023-03-18 09:38:37.000000 UTC,2023-03-18 09:38:37.000000 UTC,2023-04-16 09:38:44.000000 UTC,2,1998,2023-03-29 03:04:56.000000 UTC,
3e49a320-19db-4bd7-8e71-f024537c0bc1,weekly.2.49,7,,2023-04-12 00:08:16.000000 UTC,2023-04-20 00:06:46.000000 UTC,2,498,2023-04-25 12:44:38.000000 UTC,
3e68f8b9-41b4-41ef-8635-02f72c48ca28,monthly.9.99.3d.trial,3,2023-10-15 19:32:26.000000 UTC,2023-10-15 19:32:26.000000 UTC,2023-10-15 19:32:26.000000 UTC,1,999,2023-10-15 19:36:57.000000 UTC,
3e70d758-6405-4cb6-87b7-3dcf633d084a,weekly.2.49,7,,2023-03-27 18:53:48.000000 UTC,2023-04-03 18:53:54.000000 UTC,2,498,2023-04-04 20:32:24.000000 UTC,
3e9177b3-c72c-4b19-9476-9d632c8bdb91,monthly.7.49,30,,2023-06-05 10:55:14.000000 UTC,2023-10-26 10:54:46.000000 UTC,18,13482,2023-10-07 03:56:42.000000 UTC,
3f03a2ca-9fb4-4382-8c5b-c4a110cdacbf,weekly.2.49,7,,2023-03-14 14:45:15.000000 UTC,2023-03-29 14:44:34.000000 UTC,3,747,2023-03-28 21:40:56.000000 UTC,
3f06bd0a-cb86-4322-9507-4e2d9224a461,weekly.4.99.3d.trial,3,2023-03-16 16:24:32.000000 UTC,2023-03-16 16:24:32.000000 UTC,2023-03-23 16:23:25.000000 UTC,2,998,2023-03-23 15:34:20.000000 UTC,
3f4d0fc3-7519-41da-8d43-88e7e67b5b06,monthly.9.99.3d.trial,3,2023-05-14 21:03:22.000000 UTC,2023-05-14 21:03:22.000000 UTC,2023-08-29 21:02:58.000000 UTC,13,12987,2023-08-09 13:58:35.000000 UTC,
3f6932d5-beba-4027-8e25-9285c409b1a6,monthly.7.49,30,,2023-04-19 11:26:21.000000 UTC,2023-04-19 11:26:21.000000 UTC,1,749,2023-04-22 08:03:23.000000 UTC,
3f75b568-0ebe-4131-a9d0-c321bacbd227,weekly.4.99.3d.trial,3,2023-03-15 11:42:47.000000 UTC,2023-03-15 11:42:47.000000 UTC,2023-03-15 11:42:47.000000 UTC,1,499,2023-03-18 23:25:00.000000 UTC,
3f8502de-19fd-4518-80df-24cc5947257b,monthly.7.49,30,,2023-03-29 04:52:55.000000 UTC,2023-03-29 04:52:55.000000 UTC,1,749,2023-03-29 10:40:52.000000 UTC,
3f8aa33a-1821-4595-8bd0-33f9828ebc3c,weekly.4.99.3d.trial,3,2023-05-19 08:47:01.000000 UTC,2023-05-19 08:47:01.000000 UTC,2023-10-16 07:31:30.000000 UTC,21,10479,,
3fc07550-b003-42fc-b0ea-c325cf134998,weekly.2.49,7,,2023-05-10 00:08:05.000000 UTC,2023-05-17 00:08:07.000000 UTC,2,498,2023-05-17 06:11:23.000000 UTC,
3fcbd10d-3391-4622-b6bf-8dbc2a1cb8eb,weekly.2.49,7,,2023-04-11 17:49:59.000000 UTC,2023-08-23 17:48:38.000000 UTC,20,4980,2023-08-24 03:16:22.000000 UTC,
3fe0f86d-4e9a-4c0d-887f-141930922787,weekly.4.99.3d.trial,3,2023-05-15 10:51:35.000000 UTC,2023-05-15 10:51:35.000000 UTC,2023-10-16 10:46:19.000000 UTC,23,449791,,2023-09-10 10:46:23.000000 UTC
3ffb8cfd-10a6-4497-b8f2-248a4603d750,weekly.4.99.3d.trial,3,2023-05-08 14:08:13.000000 UTC,2023-05-08 14:08:13.000000 UTC,2023-08-22 06:08:28.000000 UTC,16,206985,2023-08-27 08:15:02.000000 UTC,2023-07-10 06:08:42.000000 UTC
4025ae03-20e9-4754-bf1e-eb8fccf9ad77,weekly.2.49,7,,2023-05-02 07:32:12.000000 UTC,2023-07-19 07:31:54.000000 UTC,12,2739,2023-07-22 18:55:19.000000 UTC,2023-06-06 07:32:45.000000 UTC
4054aa2d-9db2-408a-a9a9-bfe58ebf98b9,weekly.2.49,7,,2023-03-12 09:22:57.000000 UTC,2023-03-26 09:21:59.000000 UTC,3,747,2023-03-26 15:10:01.000000 UTC,
405d324a-3fc1-4446-8624-0328a3ea31ad,monthly.9.99.3d.trial,3,2023-07-28 11:29:55.000000 UTC,2023-07-28 11:29:55.000000 UTC,2023-09-03 11:30:00.000000 UTC,3,2997,,
407f44f7-bdfa-4d2e-b64e-75ef67684d3b,weekly.2.49,7,,2023-06-02 18:38:38.000000 UTC,2023-08-05 14:52:54.000000 UTC,2,1872,,
40931e9b-2d67-4caa-bd27-077a6322ed8b,weekly.2.49,7,,2023-05-07 21:34:46.000000 UTC,2023-07-31 10:54:01.000000 UTC,12,315971,2023-07-31 05:02:37.000000 UTC,
40a1f55b-83f9-4d8c-ba67-1e0be0ab6eb4,weekly.2.49,7,,2023-05-13 08:08:55.000000 UTC,2023-05-20 08:10:36.000000 UTC,2,498,2023-05-23 20:46:56.000000 UTC,
40b26543-e344-4502-b261-1c055f439306,weekly.4.99.3d.trial,3,2023-06-06 11:19:26.000000 UTC,2023-06-06 11:19:26.000000 UTC,2023-06-06 11:19:26.000000 UTC,1,499,2023-06-06 13:25:46.000000 UTC,
40c6e30a-99e9-4a22-bca3-e993539b4a25,weekly.4.99.3d.trial,3,2023-04-26 09:44:11.000000 UTC,2023-04-26 09:44:11.000000 UTC,2023-05-03 09:42:09.000000 UTC,2,998,2023-05-03 14:04:29.000000 UTC,
40d18aac-9345-442a-882d-c8d4aa0afb19,monthly.9.99.3d.trial,3,2023-03-05 04:10:50.000000 UTC,2023-03-05 04:10:50.000000 UTC,2023-03-05 04:10:50.000000 UTC,1,999,2023-03-04 15:48:33.000000 UTC,
412fabd4-f1c1-4ef8-b695-35a144be5825,weekly.2.49,7,,2023-04-22 11:06:53.000000 UTC,2023-05-26 05:07:12.000000 UTC,6,1494,2023-05-27 15:15:56.000000 UTC,
413ccfab-c07e-4892-8c38-4e814a824546,weekly.4.99.3d.trial,3,2023-06-03 19:57:59.000000 UTC,2023-06-03 19:57:59.000000 UTC,2023-06-03 19:57:59.000000 UTC,1,499,2023-06-05 06:29:24.000000 UTC,
415f9f39-fbb1-401e-9a40-561b91789e1b,weekly.4.99.3d.trial,3,2023-03-31 10:11:29.000000 UTC,2023-03-31 10:11:29.000000 UTC,2023-05-05 10:11:28.000000 UTC,6,2994,2023-05-04 17:32:56.000000 UTC,
41835827-20dd-4995-a9cc-978d2e94797f,weekly.4.99.3d.trial,3,2023-05-29 16:43:12.000000 UTC,2023-05-29 16:43:12.000000 UTC,2023-10-16 16:45:14.000000 UTC,21,10479,,
4197e5e3-7228-4b39-b7c1-0ee265b11dfb,weekly.4.99.3d.trial,3,2023-08-17 17:44:01.000000 UTC,2023-08-17 17:44:01.000000 UTC,2023-08-17 17:44:01.000000 UTC,1,499,,
41a3ea3e-1cff-4fd3-952e-ac537d46055c,monthly.9.99.3d.trial,3,2023-05-27 15:20:15.000000 UTC,2023-05-27 15:20:15.000000 UTC,2023-05-27 15:20:15.000000 UTC,1,999,,
41a417f8-9d7c-4090-a0ec-362d3e72a713,monthly.7.49,30,,2023-03-13 14:40:43.000000 UTC,2023-04-12 14:42:59.000000 UTC,2,1498,2023-03-23 14:49:34.000000 UTC,
41b78375-4bf1-42b1-9906-ff783c673e34,weekly.2.49,7,,2023-03-17 13:41:32.000000 UTC,2023-03-17 13:41:32.000000 UTC,1,249,2023-03-20 02:37:29.000000 UTC,
41e71062-c41e-4e91-aaa7-9c53f35af2f1,weekly.2.49,7,,2023-03-05 23:09:05.000000 UTC,2023-10-05 03:32:41.000000 UTC,20,170605,,
41f0d837-28df-40e0-84dd-74d5d90a9fd0,weekly.4.99.3d.trial,3,2023-03-06 11:49:55.000000 UTC,2023-03-06 11:49:55.000000 UTC,2023-05-01 10:49:43.000000 UTC,9,4491,2023-05-02 18:56:56.000000 UTC,
42325dd4-f83d-4706-ac09-330874a768c7,weekly.2.49,7,,2023-05-13 16:32:58.000000 UTC,2023-06-03 08:33:48.000000 UTC,5,1245,2023-06-04 19:05:39.000000 UTC,
42541248-8b67-4374-9e92-913b8c67161a,weekly.2.49,7,,2023-05-04 16:11:56.000000 UTC,2023-05-04 16:11:56.000000 UTC,1,249,2023-05-05 00:31:59.000000 UTC,
4268664a-91e8-4def-9f6e-41fca38e4518,weekly.2.49,7,,2023-04-25 01:41:02.000000 UTC,2023-07-24 17:43:46.000000 UTC,14,39064,2023-03-31 03:43:02.000000 UTC,
426f5900-caa5-4ee5-aa57-367b74670f66,weekly.4.99.3d.trial,3,2023-05-27 03:20:09.000000 UTC,2023-05-27 03:20:09.000000 UTC,2023-07-21 03:21:57.000000 UTC,9,4491,2023-07-21 07:22:36.000000 UTC,
4273e73b-d620-4445-8f29-aea2cb9684a4,monthly.9.99.3d.trial,3,2023-10-06 09:05:14.000000 UTC,2023-10-06 09:05:14.000000 UTC,2023-11-05 09:05:15.000000 UTC,2,1998,2023-10-06 09:24:21.000000 UTC,
427eee43-a4b5-43ce-aa45-134d23714161,weekly.4.99.3d.trial,3,2023-05-19 16:35:17.000000 UTC,2023-05-19 16:35:17.000000 UTC,2023-08-10 16:35:36.000000 UTC,13,5988,,2023-06-29 16:36:09.000000 UTC
42c63b32-91e1-48a6-8cba-3aaffa021b51,weekly.4.99.3d.trial,3,2023-04-27 12:30:34.000000 UTC,2023-04-27 12:30:34.000000 UTC,2023-05-10 12:30:34.000000 UTC,3,1497,2023-05-14 04:29:16.000000 UTC,
42c9dd93-14d1-4a0a-a073-eab1a159b238,weekly.2.49,7,,2023-05-06 08:50:20.000000 UTC,2023-05-13 08:52:54.000000 UTC,2,498,2023-05-15 00:23:20.000000 UTC,
430f1c2e-111b-4be4-bf19-ad1cffbaacad,weekly.2.49,7,,2023-03-14 14:51:50.000000 UTC,2023-05-16 14:56:03.000000 UTC,10,2490,2023-05-19 20:51:34.000000 UTC,
43423c06-ffdc-4d91-80b2-a542d8c4c39b,weekly.2.49,7,,2023-04-11 05:59:54.000000 UTC,2023-05-03 05:59:07.000000 UTC,4,996,2023-05-03 17:53:52.000000 UTC,
434e4c23-74c4-4696-b386-c8cb9e8f35e8,monthly.9.99.3d.trial,3,2023-03-11 10:35:19.000000 UTC,2023-03-11 10:35:19.000000 UTC,2023-04-10 10:32:49.000000 UTC,2,85900,2023-03-19 19:59:58.000000 UTC,
43a7f33e-de25-4d38-9dff-e9874a29035c,weekly.4.99.3d.trial,3,2023-05-27 23:08:45.000000 UTC,2023-05-27 23:08:45.000000 UTC,2023-06-23 23:08:36.000000 UTC,5,2495,,
43b53fe0-47ce-4202-a637-4eceb23177e4,monthly.9.99.3d.trial,3,2023-05-06 04:57:27.000000 UTC,2023-05-06 04:57:27.000000 UTC,2023-06-05 04:55:04.000000 UTC,2,1998,2023-05-12 09:38:49.000000 UTC,
43be8c04-1a6f-4ff7-91f3-ae3b9cf5eeee,weekly.2.49,7,,2023-09-26 09:26:57.000000 UTC,2023-09-26 09:26:57.000000 UTC,1,249,2023-09-26 14:13:33.000000 UTC,
43cdf717-e030-4b9a-86f4-9daf9574f7ad,weekly.2.49,7,,2023-04-25 03:44:39.000000 UTC,2023-05-03 03:44:30.000000 UTC,2,498,2023-05-05 09:59:45.000000 UTC,
43d6a5bc-c9c3-4e38-ab48-9fea190ffdfc,monthly.7.49,30,,2023-07-17 23:29:35.000000 UTC,2023-09-27 11:37:26.000000 UTC,8,5992,2023-09-07 19:09:53.000000 UTC,
44060217-af66-4100-920c-10b369e4c710,weekly.4.99.3d.trial,3,2023-04-04 12:21:04.000000 UTC,2023-04-04 12:21:04.000000 UTC,2023-04-04 12:21:04.000000 UTC,1,499,2023-04-04 17:37:06.000000 UTC,
4411cd69-b3c9-483c-92c7-06be43894289,monthly.9.99.3d.trial,3,2023-04-25 08:03:26.000000 UTC,2023-04-25 08:03:26.000000 UTC,2023-11-08 08:05:55.000000 UTC,26,25974,,
4482dfaa-d166-4bc5-a748-2da7603612e2,weekly.2.49,7,,2023-05-11 04:32:19.000000 UTC,2023-05-26 04:31:50.000000 UTC,3,747,,
4491195b-860e-42a9-924d-3a051943e4c7,monthly.9.99.3d.trial,3,2023-06-06 02:23:57.000000 UTC,2023-06-06 02:23:57.000000 UTC,2023-06-06 02:23:57.000000 UTC,1,999,2023-06-07 16:15:18.000000 UTC,
4497bdc3-5022-4ab8-ba12-8abc5ff2d5cb,weekly.4.99.3d.trial,3,2023-03-11 06:56:13.000000 UTC,2023-03-11 06:56:13.000000 UTC,2023-10-14 06:56:14.000000 UTC,31,399125,,2023-03-24 06:56:36.000000 UTC
44b65620-7cd2-4fbb-a987-b41a50f8dfdc,weekly.2.49,7,,2023-06-04 04:28:58.000000 UTC,2023-06-04 04:28:58.000000 UTC,1,249,2023-06-10 12:55:32.000000 UTC,
44d4ec86-2f4a-4a6a-83f1-c3a6bc250bd0,weekly.4.99.3d.trial,3,2023-04-12 19:56:36.000000 UTC,2023-04-12 19:56:36.000000 UTC,2023-05-24 19:56:05.000000 UTC,7,3493,2023-05-24 20:42:05.000000 UTC,
44d8571e-fb85-4845-99da-b6ae6ad6251b,weekly.2.49,7,,2023-04-01 03:26:22.000000 UTC,2023-04-01 03:26:22.000000 UTC,1,249,2023-04-01 16:25:43.000000 UTC,
44e5dd4f-38fe-494a-9c05-f5d263dbecbe,weekly.2.49,7,,2023-05-01 18:15:07.000000 UTC,2023-05-09 18:14:09.000000 UTC,2,498,2023-05-13 23:22:40.000000 UTC,
4508c4bd-d217-4b6b-9268-0514de2f4955,weekly.2.49,7,,2023-05-13 09:36:24.000000 UTC,2023-05-13 09:36:24.000000 UTC,1,249,2023-05-14 11:01:15.000000 UTC,
45284b3b-9c09-4fb5-a58a-0aa08efa231b,weekly.2.49,7,,2023-07-04 18:20:28.000000 UTC,2023-07-04 18:20:28.000000 UTC,1,249,2023-07-07 20:58:03.000000 UTC,
4575f0ea-9f92-43c0-817b-01bc28e1b718,weekly.2.49,7,,2023-04-10 04:34:27.000000 UTC,2023-06-13 04:34:31.000000 UTC,10,2490,2023-06-15 12:01:19.000000 UTC,
4598f99b-41b0-4d06-bd12-deaecbc27579,weekly.2.49,7,,2023-05-21 06:55:05.000000 UTC,2023-08-24 21:49:47.000000 UTC,7,1743,2023-08-25 16:03:24.000000 UTC,
465a0bbb-f645-4044-bd17-60325d4dfd00,monthly.9.99.3d.trial,3,2023-04-05 10:01:19.000000 UTC,2023-04-05 10:01:19.000000 UTC,2023-04-05 10:01:19.000000 UTC,1,999,2023-04-04 15:31:00.000000 UTC,
4676ab76-e7e7-44ac-be2a-00fa065bd9fb,weekly.4.99.3d.trial,3,2023-04-12 09:39:53.000000 UTC,2023-04-12 09:39:53.000000 UTC,2023-05-20 04:58:41.000000 UTC,7,45332,2023-05-12 12:36:10.000000 UTC,
46783b7a-e8c6-433b-a2aa-018966342300,monthly.9.99.3d.trial,3,2023-04-26 15:37:28.000000 UTC,2023-04-26 15:37:28.000000 UTC,2023-11-09 15:38:14.000000 UTC,26,953864,,
468a3b86-2775-403b-865f-9fd6005c1af0,weekly.4.99.3d.trial,3,2023-05-04 15:37:32.000000 UTC,2023-05-04 15:37:32.000000 UTC,2023-05-12 09:37:13.000000 UTC,3,1497,2023-05-04 10:39:50.000000 UTC,
46a2c754-7a22-43e1-ae63-2b47896d2dfb,monthly.9.99.3d.trial,3,2023-03-28 11:18:22.000000 UTC,2023-03-28 11:18:22.000000 UTC,2023-05-03 11:21:46.000000 UTC,3,2997,2023-04-15 03:13:59.000000 UTC,
46a65a55-1b2c-47ee-8a36-791cf202cdb7,monthly.9.99.3d.trial,3,2023-04-06 10:42:15.000000 UTC,2023-04-06 10:42:15.000000 UTC,2023-11-04 01:30:40.000000 UTC,28,621259,,
46d658d5-5ace-4d60-bb36-d1a64bd97995,monthly.9.99.3d.trial,3,2023-05-20 12:29:55.000000 UTC,2023-05-20 12:29:55.000000 UTC,2023-05-20 12:29:55.000000 UTC,1,999,,
46e7d4b8-080d-4b18-b219-b28ee9762218,weekly.4.99.3d.trial,3,2023-04-18 13:25:07.000000 UTC,2023-04-18 13:25:07.000000 UTC,2023-04-18 13:25:07.000000 UTC,1,499,2023-04-22 04:09:18.000000 UTC,
46f91c4d-da8c-4094-a7cd-d7741d50dab6,weekly.4.99.3d.trial,3,2023-04-22 15:53:03.000000 UTC,2023-04-22 15:53:03.000000 UTC,2023-07-21 09:54:47.000000 UTC,14,6986,2023-07-26 12:40:03.000000 UTC,
471c2603-b3d7-4114-a759-b668ad125aeb,weekly.4.99.3d.trial,3,2023-03-25 06:47:31.000000 UTC,2023-03-25 06:47:31.000000 UTC,2023-03-25 06:47:31.000000 UTC,1,499,2023-03-28 14:00:10.000000 UTC,
47232b4b-ceda-486a-b10c-d6c3864d325b,weekly.2.49,7,,2023-05-06 23:39:57.000000 UTC,2023-06-17 06:09:31.000000 UTC,8,1992,2023-06-17 15:30:10.000000 UTC,
472c7802-9548-48b1-b992-5c3a63cf1a10,weekly.2.49,7,,2023-05-12 22:35:15.000000 UTC,2023-05-12 22:35:15.000000 UTC,1,249,2023-05-12 22:36:47.000000 UTC,
473d4346-fb0c-476b-8e1a-323f8c349b55,weekly.2.49,7,,2023-05-17 13:04:06.000000 UTC,2023-05-17 13:04:06.000000 UTC,1,249,2023-05-22 17:04:07.000000 UTC,
474289db-7650-49ad-aec9-ff1ebaa26b92,weekly.4.99.3d.trial,3,2023-03-09 08:15:03.000000 UTC,2023-03-09 08:15:03.000000 UTC,2023-03-09 08:15:03.000000 UTC,1,499,2023-03-09 00:31:21.000000 UTC,
4787a034-8f77-4eda-ab68-11879ce9e615,weekly.2.49,7,,2023-03-26 21:54:42.000000 UTC,2023-03-26 21:54:42.000000 UTC,1,249,,
47a4c3ef-6522-4f35-a03d-11e3b9cdb269,monthly.7.49,30,,2023-04-19 17:10:48.000000 UTC,2023-04-19 17:10:48.000000 UTC,1,749,2023-04-22 07:02:39.000000 UTC,
47bd506a-561a-4c25-89b7-06efa58808c5,weekly.2.49,7,,2023-03-05 10:01:11.000000 UTC,2023-03-05 10:01:11.000000 UTC,1,249,2023-03-06 15:17:03.000000 UTC,
47dc95f0-0e69-41db-8deb-c7e2a05edb9a,weekly.2.49,7,,2023-04-22 10:33:21.000000 UTC,2023-04-30 10:33:54.000000 UTC,4,18054,2023-04-22 04:42:25.000000 UTC,
47f2f614-7cfe-440b-80df-001e2baea6ee,weekly.2.49,7,,2023-03-11 12:14:10.000000 UTC,2023-05-07 12:14:41.000000 UTC,9,2241,,
480ab387-d450-4713-bce2-2eeedb767066,weekly.4.99.3d.trial,3,2023-03-29 05:28:21.000000 UTC,2023-03-29 05:28:21.000000 UTC,2023-04-26 05:25:20.000000 UTC,5,2495,2023-04-26 17:04:17.000000 UTC,
481d1d11-13eb-4924-97ce-f4170ebfedc5,monthly.9.99.3d.trial,3,2023-06-03 09:58:12.000000 UTC,2023-06-03 09:58:12.000000 UTC,2023-06-03 09:58:12.000000 UTC,1,999,2023-06-07 14:03:00.000000 UTC,
48506f63-e5b2-4ee1-a23d-ad526a3c304b,monthly.7.49,30,,2023-05-15 10:26:09.000000 UTC,2023-11-08 10:26:30.000000 UTC,23,503223,,
485157ce-af67-42b9-bf08-95794a649a60,weekly.2.49,7,,2023-05-04 03:51:31.000000 UTC,2023-05-04 03:51:31.000000 UTC,1,249,2023-05-10 04:31:47.000000 UTC,
486abaee-60d9-48c7-9b56-38729aaad6cc,weekly.2.49,7,,2023-04-30 08:18:10.000000 UTC,2023-07-03 08:18:23.000000 UTC,9,2241,2023-07-08 06:22:27.000000 UTC,
487dd9d1-87c9-46f6-a5e6-736c2458db9c,monthly.9.99.3d.trial,3,2023-03-09 14:00:25.000000 UTC,2023-03-09 14:00:25.000000 UTC,2023-04-22 13:59:44.000000 UTC,4,3996,2023-03-31 17:35:40.000000 UTC,
48805095-f393-42cb-82cf-5207778f528d,weekly.4.99.3d.trial,3,2023-05-20 15:09:59.000000 UTC,2023-05-20 15:09:59.000000 UTC,2023-05-20 15:09:59.000000 UTC,1,499,2023-05-27 08:15:35.000000 UTC,
4889408e-f4e2-488f-863a-154a2295370c,weekly.4.99.3d.trial,3,2023-03-26 07:49:32.000000 UTC,2023-03-26 07:49:32.000000 UTC,2023-04-23 07:48:10.000000 UTC,5,2495,2023-04-26 18:42:27.000000 UTC,
48ac477b-4887-43a4-b28a-7914aff33e2c,weekly.4.99.3d.trial,3,2023-04-01 14:19:08.000000 UTC,2023-04-01 14:19:08.000000 UTC,2023-04-07 14:21:19.000000 UTC,2,998,2023-04-10 06:14:34.000000 UTC,
48c4f0f6-714d-43d3-90fa-fef068829ddc,weekly.4.99.3d.trial,3,2023-03-12 18:48:01.000000 UTC,2023-03-12 18:48:01.000000 UTC,2023-06-17 18:47:23.000000 UTC,15,7485,2023-06-21 13:10:39.000000 UTC,
48cc952a-8e18-4484-9002-7482066b7983,weekly.4.99.3d.trial,3,2023-05-05 17:36:06.000000 UTC,2023-05-05 17:36:06.000000 UTC,2023-05-05 17:36:06.000000 UTC,1,499,2023-05-05 07:18:30.000000 UTC,
48ee0637-72fc-45c9-aa7a-4b4cd4e7fced,weekly.2.49,7,,2023-05-22 00:31:19.000000 UTC,2023-05-22 00:31:19.000000 UTC,1,249,2023-05-22 10:04:50.000000 UTC,
4962ba66-ca95-42ea-81bd-eac9447eb4dc,monthly.7.49,30,,2023-03-16 00:07:20.000000 UTC,2023-04-16 00:06:56.000000 UTC,2,1498,2023-03-28 21:00:30.000000 UTC,
49be4d3c-a971-4ad2-bc56-3e4c01ff2e96,weekly.2.49,7,,2023-05-20 14:54:14.000000 UTC,2023-05-20 14:54:14.000000 UTC,1,249,2023-05-20 14:58:32.000000 UTC,
49d150d1-4582-4b65-90ba-e85d986683ac,weekly.2.49,7,,2023-05-22 07:38:04.000000 UTC,2023-06-26 07:40:20.000000 UTC,6,1494,2023-07-01 23:40:56.000000 UTC,
49d91481-25e9-400d-9823-9edf4e5bceef,monthly.7.49,30,,2023-03-09 17:20:55.000000 UTC,2023-03-09 17:20:55.000000 UTC,1,749,2023-03-11 14:17:33.000000 UTC,
4a1d39a4-3c40-436c-bf5b-98e9f8f10544,weekly.4.99.3d.trial,3,2023-03-24 22:59:24.000000 UTC,2023-03-24 22:59:24.000000 UTC,2023-03-24 22:59:24.000000 UTC,1,499,,
4a2e62aa-5e05-4635-b0b8-b44c4452b6b5,weekly.2.49,7,,2023-04-08 12:41:22.000000 UTC,2023-08-12 12:37:35.000000 UTC,19,153719,2023-08-15 16:30:37.000000 UTC,
4a2e7c77-a4cf-4f23-b1a9-06a07aa25d12,weekly.2.49,7,,2023-05-17 19:01:24.000000 UTC,2023-05-17 19:01:24.000000 UTC,1,249,2023-05-24 10:15:09.000000 UTC,
4a47f16e-576d-4892-89aa-7b2f69d51e90,weekly.2.49,7,,2023-05-20 15:36:12.000000 UTC,2023-05-20 15:36:12.000000 UTC,1,249,,
4a6f33f2-93f7-49cd-b1b6-a849fc65308a,monthly.9.99.3d.trial,3,2023-03-24 08:23:09.000000 UTC,2023-03-24 08:23:09.000000 UTC,2023-11-05 08:22:56.000000 UTC,30,29970,,
4abb94c7-b1a5-41ac-9994-793fa8dc8125,weekly.2.49,7,,2023-04-06 20:39:52.000000 UTC,2023-04-29 20:41:11.000000 UTC,4,996,2023-04-28 08:55:13.000000 UTC,
4ad5007e-0867-4fdc-9a33-5b232b3ff8f4,weekly.2.49,7,,2023-07-19 19:07:03.000000 UTC,2023-09-04 04:46:01.000000 UTC,5,1245,2023-08-30 05:11:23.000000 UTC,
4aea5829-c958-4bc1-9cf5-b244f6333d78,weekly.4.99.3d.trial,3,2023-06-06 14:06:53.000000 UTC,2023-06-06 14:06:53.000000 UTC,2023-10-12 01:19:50.000000 UTC,18,8982,,
4aed1d29-b6e7-45cc-9f51-0eb365f32055,weekly.2.49,7,,2023-04-25 13:34:38.000000 UTC,2023-05-16 13:35:43.000000 UTC,4,996,2023-05-20 21:09:10.000000 UTC,
4af6784f-0891-40c4-8f81-2f6626d1e867,weekly.2.49,7,,2023-05-08 00:10:17.000000 UTC,2023-05-08 00:10:17.000000 UTC,1,249,2023-05-08 19:59:02.000000 UTC,
4b0ada31-279c-467b-b0ad-5216b041f353,weekly.4.99.3d.trial,3,2023-04-03 08:08:46.000000 UTC,2023-04-03 08:08:46.000000 UTC,2023-04-03 08:08:46.000000 UTC,1,499,2023-04-05 12:31:38.000000 UTC,
4b1b3b38-57b0-401b-ae79-62e7601c29f7,weekly.2.49,7,,2023-06-07 09:31:26.000000 UTC,2023-07-26 09:27:06.000000 UTC,8,1992,2023-07-27 17:02:33.000000 UTC,
4b27b3d8-2f61-4460-8e08-a1502d006d6f,weekly.4.99.3d.trial,3,2023-05-22 02:45:53.000000 UTC,2023-05-22 02:45:53.000000 UTC,2023-07-11 02:44:47.000000 UTC,8,178887,2023-07-11 09:53:48.000000 UTC,
4b34e5c4-ced5-4994-ba84-2e43bf11c87e,weekly.2.49,7,,2023-05-28 18:19:52.000000 UTC,2023-09-04 12:18:11.000000 UTC,15,3735,,
4b38c1e1-a1f3-4d6c-b4a6-9d341425ee01,weekly.4.99.3d.trial,3,2023-03-27 19:45:18.000000 UTC,2023-03-27 19:45:18.000000 UTC,2023-04-02 19:46:01.000000 UTC,2,998,2023-04-07 22:19:28.000000 UTC,
4b426a4f-e94e-4b26-86ef-7f3af6025932,monthly.9.99.3d.trial,3,2023-05-10 12:19:11.000000 UTC,2023-05-10 12:19:11.000000 UTC,2023-05-10 12:19:11.000000 UTC,1,0,2023-05-14 13:03:27.000000 UTC,2023-05-09 12:19:11.000000 UTC
4b5b2172-05c3-46a5-92c9-9166496f140a,monthly.7.49,30,,2023-04-14 13:33:01.000000 UTC,2023-04-14 13:33:01.000000 UTC,1,749,,
4b6a413a-4a2c-4355-99cf-356c6dc36ea7,weekly.2.49,7,,2023-05-20 08:29:46.000000 UTC,2023-05-20 08:29:46.000000 UTC,1,249,2023-05-20 16:24:43.000000 UTC,
4b93b965-0d98-4c98-a474-30a37c7c794d,weekly.4.99.3d.trial,3,2023-05-26 18:03:04.000000 UTC,2023-05-26 18:03:04.000000 UTC,2023-09-24 09:44:58.000000 UTC,6,2994,,
4bbeef88-cfe8-40db-b70c-a8d59775af56,weekly.2.49,7,,2023-04-13 00:40:43.000000 UTC,2023-07-20 00:42:50.000000 UTC,15,193527,2023-07-20 21:03:23.000000 UTC,
4bc2b366-d12f-4eef-9a26-2813a9ec78e0,weekly.2.49,7,,2023-04-26 09:18:37.000000 UTC,2023-06-08 09:19:29.000000 UTC,7,406625,2023-06-12 16:35:42.000000 UTC,
4bcee688-f0b6-469c-939b-fe665c87a960,weekly.2.49,7,,2023-08-20 11:31:43.000000 UTC,2023-09-03 11:32:22.000000 UTC,4,141730,2023-09-07 23:47:58.000000 UTC,
4bd51474-be54-4ee1-bd95-bc5c62ae44e3,weekly.4.99.3d.trial,3,2023-05-12 07:46:32.000000 UTC,2023-05-12 07:46:32.000000 UTC,2023-05-12 07:46:32.000000 UTC,1,499,2023-05-11 13:33:33.000000 UTC,
4c0bd510-cf99-494c-abf4-8005eb20ed00,weekly.4.99.3d.trial,3,2023-03-28 03:55:23.000000 UTC,2023-03-28 03:55:23.000000 UTC,2023-03-28 03:55:23.000000 UTC,1,214584,,
4c4ecabc-384b-4682-9c0b-3809c9ab2d6f,weekly.4.99.3d.trial,3,2023-05-16 05:51:12.000000 UTC,2023-05-16 05:51:12.000000 UTC,2023-06-20 05:50:21.000000 UTC,6,6986,2023-06-19 14:11:45.000000 UTC,
4c68177c-28c1-4a5a-8f30-bfb1390e91f8,weekly.2.49,7,,2023-04-30 09:06:03.000000 UTC,2023-05-07 09:06:11.000000 UTC,2,498,,
4c7d4331-4cf7-4b12-a9db-df057796dc2e,monthly.9.99.3d.trial,3,2023-10-14 09:06:42.000000 UTC,2023-10-14 09:06:42.000000 UTC,2023-10-14 09:06:42.000000 UTC,1,999,,
4c7d524d-d54d-487f-b031-f68971b20834,monthly.9.99.3d.trial,3,2023-04-26 10:15:22.000000 UTC,2023-04-26 10:15:22.000000 UTC,2023-11-10 10:14:57.000000 UTC,26,1001505,,2023-05-09 10:15:08.000000 UTC
4cd0e541-bda2-497c-a2aa-b26d12f5bdc3,weekly.4.99.3d.trial,3,2023-04-15 07:24:03.000000 UTC,2023-04-15 07:24:03.000000 UTC,2023-04-15 07:24:03.000000 UTC,1,499,2023-04-15 07:27:20.000000 UTC,
4cd670c7-07c2-4227-8d05-fb0cbaaa6150,weekly.2.49,7,,2023-05-01 09:58:46.000000 UTC,2023-05-01 09:58:46.000000 UTC,1,249,2023-05-01 10:15:53.000000 UTC,
4cd6db36-e1f0-4213-8844-2e763cad602c,weekly.2.49,7,,2023-05-15 06:37:07.000000 UTC,2023-05-15 06:37:07.000000 UTC,1,249,2023-05-22 01:08:55.000000 UTC,
4ce466f6-90e6-41a1-b19e-a3335bf99747,weekly.4.99.3d.trial,3,2023-04-15 06:21:14.000000 UTC,2023-04-15 06:21:14.000000 UTC,2023-08-12 05:15:38.000000 UTC,18,8982,2023-08-12 12:44:21.000000 UTC,
4cfa2216-ce51-4252-98ca-c4f99e905d7f,monthly.9.99.3d.trial,3,2023-05-19 18:08:12.000000 UTC,2023-05-19 18:08:12.000000 UTC,2023-06-25 10:07:32.000000 UTC,6,5994,2023-06-06 00:09:08.000000 UTC,
4d00635e-6823-40d3-9fb0-2cb87c4c517a,monthly.9.99.3d.trial,3,2023-05-10 10:45:44.000000 UTC,2023-05-10 10:45:44.000000 UTC,2023-06-30 10:45:34.000000 UTC,5,4995,2023-06-07 12:23:50.000000 UTC,
4d0f1106-2660-4a25-a531-db276a1a67dd,monthly.7.49,30,,2023-03-29 08:54:34.000000 UTC,2023-04-28 08:56:18.000000 UTC,2,749,,2023-04-05 08:56:18.000000 UTC
4d2e2399-e981-4898-9205-18465626c90e,monthly.9.99.3d.trial,3,2023-05-24 18:32:24.000000 UTC,2023-05-24 18:32:24.000000 UTC,2023-10-19 18:33:57.000000 UTC,19,18981,2023-10-01 18:06:58.000000 UTC,
4d39909e-3ab3-4521-84f2-284d96c3755c,weekly.4.99.3d.trial,3,2023-05-30 02:10:01.000000 UTC,2023-05-30 02:10:01.000000 UTC,2023-05-30 02:10:01.000000 UTC,1,499,2023-05-30 07:57:31.000000 UTC,
4d6110fc-c6f7-4e68-9bc2-2f4c85b10543,weekly.2.49,7,,2023-03-22 21:44:54.000000 UTC,2023-03-31 03:45:22.000000 UTC,3,747,,
4d6d16e3-81d2-4230-beac-953a4ecb3619,weekly.2.49,7,,2023-03-29 23:13:08.000000 UTC,2023-05-10 23:12:53.000000 UTC,7,1743,2023-05-12 22:55:24.000000 UTC,
4d711cad-dff6-4c32-95ab-282069f7469b,weekly.2.49,7,,2023-03-03 18:41:40.000000 UTC,2023-04-21 17:40:59.000000 UTC,8,1992,2023-04-27 05:53:34.000000 UTC,
4d9b57bb-a992-491b-a6da-e81e8a9db449,weekly.2.49,7,,2023-05-12 07:11:35.000000 UTC,2023-05-26 07:12:12.000000 UTC,3,747,,
4db7f9d9-7e3a-4ffe-9d2e-f07ff4d54a97,weekly.2.49,7,,2023-05-17 10:43:38.000000 UTC,2023-07-27 10:42:58.000000 UTC,11,2739,2023-07-29 03:53:28.000000 UTC,
4dc3f5ef-ef17-4c29-94ae-3938c7d82de0,weekly.4.99.3d.trial,3,2023-05-27 06:15:32.000000 UTC,2023-05-27 06:15:32.000000 UTC,2023-06-10 06:12:48.000000 UTC,3,1497,2023-06-10 05:37:22.000000 UTC,
4dc914f2-d696-4a4b-9c84-eb78607fab78,monthly.7.49,30,,2023-05-22 14:44:56.000000 UTC,2023-10-05 14:43:41.000000 UTC,17,736697,2023-09-14 16:32:13.000000 UTC,
4df11e86-0c4c-4590-a9c4-179611e6f17c,weekly.2.49,7,,2023-05-23 12:02:43.000000 UTC,2023-07-02 08:53:11.000000 UTC,5,1245,2023-07-05 15:42:36.000000 UTC,
4e0a6f7c-8261-4f34-9de1-b48a790680ba,weekly.4.99.3d.trial,3,2023-05-19 03:57:50.000000 UTC,2023-05-19 03:57:50.000000 UTC,2023-05-19 03:57:50.000000 UTC,1,499,2023-05-19 04:11:01.000000 UTC,
4eb5b4d1-54ef-4998-9127-1ab88837b30a,weekly.4.99.3d.trial,3,2023-05-08 12:28:46.000000 UTC,2023-05-08 12:28:46.000000 UTC,2023-05-08 12:28:46.000000 UTC,1,499,2023-05-10 14:18:39.000000 UTC,
4ec46514-982b-49f8-b911-53ec8e2b1ba1,weekly.4.99.3d.trial,3,2023-03-30 12:08:40.000000 UTC,2023-03-30 12:08:40.000000 UTC,2023-06-28 12:10:18.000000 UTC,14,96983,2023-07-03 12:23:00.000000 UTC,
4ec817d6-f5d2-4fcc-97bb-a8126f8927dd,weekly.2.49,7,,2023-04-01 11:00:50.000000 UTC,2023-06-18 11:00:52.000000 UTC,11,2739,2023-06-22 20:02:26.000000 UTC,
4ef9d20b-f4f3-43fa-a554-1bf2e474d4f8,weekly.2.49,7,,2023-05-18 23:11:00.000000 UTC,2023-10-12 15:12:20.000000 UTC,23,244125,2023-05-12 13:11:50.000000 UTC,
4f18b2bf-0974-475d-bab8-e131ca8695af,monthly.7.49,30,,2023-04-03 07:42:47.000000 UTC,2023-10-18 00:45:53.000000 UTC,26,19474,2023-09-27 08:55:50.000000 UTC,
4f1ab2dd-c5d6-4d6f-b843-c1dd0598bf0e,monthly.9.99.3d.trial,3,2023-10-01 18:42:08.000000 UTC,2023-10-01 18:42:08.000000 UTC,2023-10-01 18:42:08.000000 UTC,1,999,2023-10-01 18:43:16.000000 UTC,
4f314a82-85bf-43c5-96a2-6c669ec33d92,monthly.9.99.3d.trial,3,2023-06-26 15:09:32.000000 UTC,2023-06-26 15:09:32.000000 UTC,2023-10-26 07:09:31.000000 UTC,15,128233,2023-10-07 12:57:51.000000 UTC,
4f4ee0f3-f3c6-4467-8317-b3dc2e773f64,weekly.4.99.3d.trial,3,2023-07-09 16:29:46.000000 UTC,2023-07-09 16:29:46.000000 UTC,2023-07-23 08:29:48.000000 UTC,3,1497,2023-07-27 10:13:18.000000 UTC,
4f504845-2bc0-4155-b1e6-b5fa9a3f8004,weekly.2.49,7,,2023-05-29 13:16:21.000000 UTC,2023-07-18 05:16:32.000000 UTC,8,1992,2023-07-20 09:57:29.000000 UTC,
4f5f7de1-5cf0-4aca-bbf5-8347242af062,monthly.9.99.3d.trial,3,2023-05-20 09:56:22.000000 UTC,2023-05-20 09:56:22.000000 UTC,2023-09-24 09:54:01.000000 UTC,16,415831,2023-09-01 22:24:15.000000 UTC,
4f758e00-7a40-458f-899f-ec538b503a48,weekly.2.49,7,,2023-05-06 01:54:22.000000 UTC,2023-06-02 17:55:48.000000 UTC,5,1245,2023-06-07 18:08:58.000000 UTC,
4f7febec-f8f5-491a-a719-bddb7af58b36,weekly.2.49,7,,2023-03-19 13:17:43.000000 UTC,2023-03-27 13:16:12.000000 UTC,2,498,2023-03-28 18:48:57.000000 UTC,
4f97ef94-0df4-4e6f-93bb-718af305b2ea,weekly.2.49,7,,2023-05-13 04:13:22.000000 UTC,2023-05-13 04:13:22.000000 UTC,1,249,2023-05-17 12:40:42.000000 UTC,
4f9cf128-f05a-487c-a215-8051e4bc58a3,weekly.4.99.3d.trial,3,2023-06-06 04:16:59.000000 UTC,2023-06-06 04:16:59.000000 UTC,2023-06-06 04:16:59.000000 UTC,1,499,2023-06-06 18:33:07.000000 UTC,
4f9fc02e-afc0-4e7e-b9ec-602e0ae5f6c4,monthly.9.99.3d.trial,3,2023-05-25 06:23:29.000000 UTC,2023-05-25 06:23:29.000000 UTC,2023-11-04 06:22:55.000000 UTC,21,985672,2023-10-15 16:54:07.000000 UTC,
4fd4ced0-7619-471d-9f5d-8ab855c38114,monthly.9.99.3d.trial,3,2023-03-13 06:19:09.000000 UTC,2023-03-13 06:19:09.000000 UTC,2023-03-13 06:19:09.000000 UTC,1,999,2023-03-12 10:19:46.000000 UTC,
4ffd6f81-717c-4c48-b52c-8ff69a283a7c,weekly.4.99.3d.trial,3,2023-05-14 15:27:00.000000 UTC,2023-05-14 15:27:00.000000 UTC,2023-05-14 15:27:00.000000 UTC,1,499,2023-05-14 19:42:54.000000 UTC,
5015bea1-2e42-498f-aff3-e4b83c0914a3,weekly.2.49,7,,2023-04-14 11:28:51.000000 UTC,2023-10-12 10:04:12.000000 UTC,28,6972,,
502930ef-fe7b-4fd2-b7e6-6d456e68857b,weekly.2.49,7,,2023-04-24 21:51:46.000000 UTC,2023-05-02 21:51:38.000000 UTC,2,498,2023-05-03 23:18:51.000000 UTC,
502cb036-dc9e-477a-9384-a0e489910337,weekly.2.49,7,,2023-03-12 04:52:01.000000 UTC,2023-03-12 04:52:01.000000 UTC,1,249,2023-03-16 00:03:56.000000 UTC,
502ef915-91a2-4fb1-9f7b-13bba0087135,weekly.4.99.3d.trial,3,2023-06-04 16:21:26.000000 UTC,2023-06-04 16:21:26.000000 UTC,2023-09-10 16:21:21.000000 UTC,15,7485,2023-09-11 14:01:40.000000 UTC,
50867e90-5c37-4a23-b591-4e8972ef5394,monthly.9.99.3d.trial,3,2023-04-07 08:18:10.000000 UTC,2023-04-07 08:18:10.000000 UTC,2023-05-07 08:14:59.000000 UTC,2,1998,2023-04-26 18:54:56.000000 UTC,
5093b9dd-8a34-4f07-9b7a-afa2c63a99c1,weekly.4.99.3d.trial,3,2023-04-20 12:43:30.000000 UTC,2023-04-20 12:43:30.000000 UTC,2023-10-18 21:59:35.000000 UTC,15,7485,2023-10-15 03:23:29.000000 UTC,
50b7746e-8009-4853-9aae-1956fc55bc38,monthly.9.99.3d.trial,3,2023-04-06 10:30:45.000000 UTC,2023-04-06 10:30:45.000000 UTC,2023-09-09 10:30:23.000000 UTC,20,19980,2023-08-16 18:42:13.000000 UTC,
50c783ab-4c41-43c7-93f5-015e66bb3bff,weekly.2.49,7,,2023-03-17 23:28:17.000000 UTC,2023-03-17 23:28:17.000000 UTC,1,249,2023-03-18 04:37:21.000000 UTC,
50cc3aaa-b91e-4241-b377-279df08bf101,monthly.7.49,30,,2023-04-06 13:56:28.000000 UTC,2023-04-06 13:56:28.000000 UTC,1,749,2023-04-06 13:57:20.000000 UTC,
50f37932-5c8b-4266-9a88-1eebc894b609,weekly.2.49,7,,2023-05-05 06:30:40.000000 UTC,2023-08-05 06:30:01.000000 UTC,14,3486,2023-08-04 17:24:03.000000 UTC,
50f4dd7a-ad87-4321-90cf-7c46d62bcaac,monthly.9.99.3d.trial,3,2023-05-15 06:16:36.000000 UTC,2023-05-15 06:16:36.000000 UTC,2023-11-09 06:15:06.000000 UTC,23,711802,,
511038bd-f36e-4c92-ae7c-2237e8f4b738,weekly.4.99.3d.trial,3,2023-05-13 08:16:25.000000 UTC,2023-05-13 08:16:25.000000 UTC,2023-06-04 08:09:57.000000 UTC,4,63561,2023-06-07 04:39:36.000000 UTC,
51143197-a9a8-4cdd-aec0-6ca4e8471823,weekly.4.99.3d.trial,3,2023-04-30 18:42:18.000000 UTC,2023-04-30 18:42:18.000000 UTC,2023-08-05 18:42:41.000000 UTC,15,208257,2023-08-12 02:47:15.000000 UTC,
514a4ae8-b093-4fb8-be52-22898a9bba45,weekly.2.49,7,,2023-06-07 04:50:53.000000 UTC,2023-06-15 04:48:01.000000 UTC,2,498,2023-06-17 11:35:38.000000 UTC,
51a15015-5540-438e-a830-fb38220b22ac,weekly.2.49,7,,2023-05-16 10:41:25.000000 UTC,2023-06-03 09:38:58.000000 UTC,3,747,,
51b1e20c-1c98-4995-8afe-c1fdf908af00,weekly.4.99.3d.trial,3,2023-04-12 13:36:56.000000 UTC,2023-04-12 13:36:56.000000 UTC,2023-04-26 13:36:57.000000 UTC,3,315873,2023-04-28 17:27:42.000000 UTC,
51b296bc-dd2d-411b-8dd6-378185d66f78,weekly.2.49,7,,2023-04-28 13:41:56.000000 UTC,2023-06-03 13:40:34.000000 UTC,6,1494,2023-06-06 17:23:19.000000 UTC,
51c2db65-5726-4883-b9d1-21ca38277e0f,weekly.2.49,7,,2023-03-30 10:15:58.000000 UTC,2023-10-14 18:58:26.000000 UTC,6,1494,2023-05-14 15:08:42.000000 UTC,
51d7ecc0-307a-4b0f-b0bd-1fdd630c51bd,monthly.9.99.3d.trial,3,2023-04-12 14:40:58.000000 UTC,2023-04-12 14:40:58.000000 UTC,2023-05-11 14:41:30.000000 UTC,2,1998,2023-04-22 02:17:38.000000 UTC,
51ea7865-1a00-4032-9047-0418192428d8,weekly.2.49,7,,2023-03-30 17:08:18.000000 UTC,2023-04-13 17:10:16.000000 UTC,3,13203,2023-04-15 21:08:38.000000 UTC,
5229cd59-5cff-4637-ac9f-0a61843df4a7,monthly.7.49,30,,2023-06-29 17:07:15.000000 UTC,2023-09-02 09:09:41.000000 UTC,8,146097,2023-08-17 00:20:33.000000 UTC,
5243eaf0-00f8-4944-ac58-48156c58cf30,monthly.9.99.3d.trial,3,2023-05-06 12:51:33.000000 UTC,2023-05-06 12:51:33.000000 UTC,2023-08-17 15:51:48.000000 UTC,11,10989,2023-07-26 14:16:07.000000 UTC,
525ee515-7282-477e-8568-d015b29412be,weekly.4.99.3d.trial,3,2023-05-12 14:17:51.000000 UTC,2023-05-12 14:17:51.000000 UTC,2023-07-07 06:18:41.000000 UTC,10,4990,2023-07-11 10:28:04.000000 UTC,
5270b150-98b3-4e86-95cd-bcd25154f7ca,monthly.9.99.3d.trial,3,2023-05-13 14:38:09.000000 UTC,2023-05-13 14:38:09.000000 UTC,2023-06-13 14:39:20.000000 UTC,4,3996,,
529241bd-4ea1-42de-85a3-3b8f5a4b3977,weekly.4.99.3d.trial,3,2023-03-27 13:12:31.000000 UTC,2023-03-27 13:12:31.000000 UTC,2023-03-27 13:12:31.000000 UTC,1,499,2023-03-26 22:13:10.000000 UTC,
52caad87-2646-4f63-8fae-bcaca80d3d18,weekly.4.99.3d.trial,3,2023-03-18 04:26:51.000000 UTC,2023-03-18 04:26:51.000000 UTC,2023-04-07 04:27:01.000000 UTC,4,1996,2023-04-11 02:24:48.000000 UTC,
52dd999e-145f-4422-8e64-4f955846d689,weekly.4.99.3d.trial,3,2023-03-13 06:25:41.000000 UTC,2023-03-13 06:25:41.000000 UTC,2023-07-29 14:04:27.000000 UTC,21,432148,2023-08-02 22:05:15.000000 UTC,
52f03d42-e5ec-413b-965f-3972e4306ed5,monthly.7.49,30,,2023-03-07 13:52:20.000000 UTC,2023-11-10 13:51:58.000000 UTC,33,24717,,
52f61d93-611f-4089-8f6a-600cc86a4a41,monthly.9.99.3d.trial,3,2023-05-22 07:35:13.000000 UTC,2023-05-22 07:35:13.000000 UTC,2023-09-13 07:35:55.000000 UTC,14,13986,2023-08-26 19:13:57.000000 UTC,
530e6140-e45a-4dbe-8f2e-7f1e4dae3e43,weekly.4.99.3d.trial,3,2023-06-07 08:21:31.000000 UTC,2023-06-07 08:21:31.000000 UTC,2023-07-19 08:21:34.000000 UTC,7,3493,,
532da7ba-14f8-486c-9fa3-a826d2b9c132,monthly.9.99.3d.trial,3,2023-04-08 11:20:35.000000 UTC,2023-04-08 11:20:35.000000 UTC,2023-06-19 11:20:05.000000 UTC,8,7992,2023-06-02 00:22:59.000000 UTC,
536823cd-bacf-4787-968a-feca3c5ca9f5,weekly.2.49,7,,2023-06-05 16:17:55.000000 UTC,2023-06-13 16:16:29.000000 UTC,2,498,2023-06-16 00:57:34.000000 UTC,
536bf164-2378-4d62-8897-4c028d06778d,weekly.2.49,7,,2023-06-09 15:38:55.000000 UTC,2023-06-16 15:39:31.000000 UTC,2,498,2023-06-17 08:42:07.000000 UTC,
5389542a-cd98-4752-9361-243110b6df41,weekly.2.49,7,,2023-06-06 08:37:49.000000 UTC,2023-06-20 08:36:01.000000 UTC,3,747,2023-06-20 13:22:45.000000 UTC,
53a2bab6-354d-4d97-aa76-280c1ddc739c,weekly.2.49,7,,2023-09-18 01:27:26.000000 UTC,2023-10-16 01:23:19.000000 UTC,5,1245,,
53a413c0-6a20-4fab-bb3a-436cc644d536,weekly.4.99.3d.trial,3,2023-05-02 17:12:56.000000 UTC,2023-05-02 17:12:56.000000 UTC,2023-10-17 12:39:43.000000 UTC,25,308286,,2023-06-12 12:45:21.000000 UTC
53f3f808-231f-4cb3-8c34-cdeb76e84e19,weekly.2.49,7,,2023-05-19 07:39:48.000000 UTC,2023-06-03 07:39:43.000000 UTC,3,747,2023-06-03 13:51:52.000000 UTC,
5415ded7-0026-4155-ad8e-b4a41c0fbbea,weekly.2.49,7,,2023-04-19 17:51:22.000000 UTC,2023-06-21 09:51:32.000000 UTC,11,2490,2023-06-25 19:27:15.000000 UTC,2023-05-03 09:51:19.000000 UTC
541b4f2a-e582-4e3e-83b0-c71e5c285b7e,weekly.2.49,7,,2023-05-21 02:56:48.000000 UTC,2023-05-21 02:56:48.000000 UTC,1,249,,
5429b012-7ddf-4910-aef0-acd086ecc2fb,weekly.4.99.3d.trial,3,2023-04-29 15:04:54.000000 UTC,2023-04-29 15:04:54.000000 UTC,2023-04-29 15:04:54.000000 UTC,1,499,2023-05-02 00:59:56.000000 UTC,
544db38c-a3db-4c01-b169-d806adb2d7c9,weekly.2.49,7,,2023-09-03 08:48:38.000000 UTC,2023-09-03 08:48:38.000000 UTC,1,249,,
5453acce-d5ec-4d02-b542-6ad1b00c99f9,weekly.2.49,7,,2023-06-04 16:11:07.000000 UTC,2023-06-19 16:11:02.000000 UTC,3,747,2023-06-22 16:28:05.000000 UTC,
545af74f-9ae9-4637-b5d7-0c6f3d0e84d4,weekly.2.49,7,,2023-03-26 04:08:37.000000 UTC,2023-04-23 04:09:15.000000 UTC,5,1245,2023-04-30 00:30:56.000000 UTC,
5474e79e-ab8c-4d3b-926e-e76d90297af3,weekly.2.49,7,,2023-03-05 07:05:42.000000 UTC,2023-08-25 23:43:19.000000 UTC,22,238128,2023-08-30 09:06:36.000000 UTC,
54937664-f102-4961-9e2d-f2e268733e85,monthly.9.99.3d.trial,3,2023-08-28 17:45:14.000000 UTC,2023-08-28 17:45:14.000000 UTC,2023-10-18 14:44:51.000000 UTC,6,4995,2023-09-22 18:59:08.000000 UTC,2023-09-04 09:08:58.000000 UTC
54c9dda1-1147-40c6-bdf3-21c60bb7d01a,weekly.2.49,7,,2023-05-26 06:22:39.000000 UTC,2023-05-26 06:22:39.000000 UTC,1,249,2023-05-30 21:40:14.000000 UTC,
54ce96b4-52c5-4b06-af1e-fc187e947ee0,weekly.4.99.3d.trial,3,2023-05-19 21:48:24.000000 UTC,2023-05-19 21:48:24.000000 UTC,2023-07-01 21:48:09.000000 UTC,7,3493,2023-07-05 05:14:26.000000 UTC,
550fee64-2daa-4eab-8fe8-aa6d3298776a,weekly.2.49,7,,2023-04-18 09:08:42.000000 UTC,2023-05-07 05:42:03.000000 UTC,4,996,2023-05-02 14:04:09.000000 UTC,
551a4e12-6915-4e51-a438-fdc879cb9065,weekly.2.49,7,,2023-05-05 09:49:05.000000 UTC,2023-10-15 09:49:02.000000 UTC,24,411449,,
551aea9a-845a-4d89-818b-5c4dbe8a0faf,monthly.7.49,30,,2023-05-16 14:34:11.000000 UTC,2023-06-22 14:34:54.000000 UTC,3,2247,,
552377ba-6267-435e-9c77-0efa63568f6f,monthly.9.99.3d.trial,3,2023-03-29 16:24:24.000000 UTC,2023-03-29 16:24:24.000000 UTC,2023-06-13 18:17:56.000000 UTC,6,5994,2023-05-26 11:50:43.000000 UTC,
55270196-e17c-4f4a-af5f-cb4f2f52870d,weekly.4.99.3d.trial,3,2023-03-06 17:54:03.000000 UTC,2023-03-06 17:54:03.000000 UTC,2023-03-31 05:36:10.000000 UTC,4,1996,,
552add93-7211-4921-a189-09c456ef7fe6,weekly.2.49,7,,2023-08-21 15:34:53.000000 UTC,2023-08-21 15:34:53.000000 UTC,1,249,2023-08-26 07:43:18.000000 UTC,
5535659f-f2da-4c10-9d50-fdacc08e81e8,monthly.7.49,30,,2023-03-06 07:35:15.000000 UTC,2023-03-06 07:35:15.000000 UTC,1,749,2023-03-06 12:49:00.000000 UTC,
556dcf01-d0da-4509-bcda-a6e46da0237e,weekly.4.99.3d.trial,3,2023-03-08 11:59:43.000000 UTC,2023-03-08 11:59:43.000000 UTC,2023-10-04 11:58:06.000000 UTC,31,335430,2023-10-03 20:57:03.000000 UTC,2023-09-26 11:58:38.000000 UTC
55a55702-34b1-4909-b123-e2e339903eec,weekly.4.99.3d.trial,3,2023-05-15 05:21:16.000000 UTC,2023-05-15 05:21:16.000000 UTC,2023-07-24 05:20:56.000000 UTC,10,4491,2023-07-28 16:41:38.000000 UTC,2023-07-16 05:21:35.000000 UTC
55b482ba-335c-4c74-a0a2-d43ea326f9a8,weekly.2.49,7,,2023-03-08 16:08:38.000000 UTC,2023-03-16 16:07:46.000000 UTC,2,498,2023-03-20 19:36:28.000000 UTC,
55c5878e-44d6-4c97-8b1d-7e9e6a04ea1c,weekly.2.49,7,,2023-05-05 02:14:24.000000 UTC,2023-05-05 02:14:24.000000 UTC,1,249,2023-05-05 07:23:42.000000 UTC,
55dd3230-4375-4aa3-9a26-fb20c939041d,weekly.4.99.3d.trial,3,2023-03-05 05:11:55.000000 UTC,2023-03-05 05:11:55.000000 UTC,2023-09-03 04:12:27.000000 UTC,27,13473,2023-09-05 14:05:17.000000 UTC,
55e951dd-1a5a-4d7a-b9bd-a7f4ef685fe4,weekly.2.49,7,,2023-04-28 10:44:35.000000 UTC,2023-04-28 10:44:35.000000 UTC,1,249,2023-04-28 14:11:56.000000 UTC,
55fab9cb-31df-4b1f-8329-a6110349de5f,weekly.4.99.3d.trial,3,2023-03-05 10:52:41.000000 UTC,2023-03-05 10:52:41.000000 UTC,2023-03-05 10:52:41.000000 UTC,1,499,2023-03-07 18:27:22.000000 UTC,
5600d514-19e2-45a1-b3d6-526a23af8535,monthly.7.49,30,,2023-05-16 12:42:17.000000 UTC,2023-07-07 12:42:13.000000 UTC,5,3745,2023-06-19 14:14:28.000000 UTC,
560bc589-e209-4c69-a3d4-db5258fa0bc6,weekly.2.49,7,,2023-05-18 19:26:07.000000 UTC,2023-05-18 19:26:07.000000 UTC,1,249,,
5628e973-7d7e-4298-b298-952b2e9bc254,weekly.4.99.3d.trial,3,2023-03-13 08:47:20.000000 UTC,2023-03-13 08:47:20.000000 UTC,2023-05-21 14:47:25.000000 UTC,11,34043,2023-06-02 19:12:41.000000 UTC,2023-03-19 08:47:34.000000 UTC
562c3643-491c-4e85-97b3-b2c520f92dad,weekly.2.49,7,,2023-03-29 12:39:10.000000 UTC,2023-05-04 12:35:55.000000 UTC,6,75049,2023-05-03 19:39:30.000000 UTC,
5660fa37-e20f-4d25-a808-6cd35aa752e4,weekly.2.49,7,,2023-04-28 17:17:50.000000 UTC,2023-10-06 01:08:14.000000 UTC,4,248012,2023-09-29 04:10:20.000000 UTC,
566162f5-a5f5-4017-9b6d-b6dd6aa578bc,weekly.2.49,7,,2023-06-07 12:25:08.000000 UTC,2023-10-04 12:25:19.000000 UTC,18,4482,2023-10-10 07:36:03.000000 UTC,
5663269b-0039-4b0a-baa5-2fceb9608bbd,monthly.7.49,30,,2023-04-26 16:05:53.000000 UTC,2023-07-03 01:32:25.000000 UTC,3,232370,2023-06-04 19:02:38.000000 UTC,2023-04-26 16:05:53.000000 UTC
567852ac-de9e-42c9-86c8-b520e8f4a8c3,weekly.2.49,7,,2023-04-04 15:48:45.000000 UTC,2023-04-04 15:48:45.000000 UTC,1,249,2023-04-04 16:25:07.000000 UTC,
567964bf-2a9c-4d8b-a09b-ffd36a2d0ed1,weekly.2.49,7,,2023-04-23 02:04:45.000000 UTC,2023-07-02 22:51:17.000000 UTC,12,177213,2023-07-03 02:15:33.000000 UTC,
567efc48-552b-4043-a3fe-17ea6eda20ac,weekly.2.49,7,,2023-03-22 10:04:06.000000 UTC,2023-08-31 10:04:24.000000 UTC,24,87130,2023-09-03 16:05:27.000000 UTC,
56921617-67c8-4448-8664-171eb7196745,weekly.4.99.3d.trial,3,2023-03-27 04:59:51.000000 UTC,2023-03-27 04:59:51.000000 UTC,2023-06-21 06:58:24.000000 UTC,4,1996,2023-06-25 14:25:35.000000 UTC,
56b9036e-0943-4aba-b9f9-802eadb97fae,weekly.2.49,7,,2023-05-19 09:15:49.000000 UTC,2023-08-20 23:10:12.000000 UTC,11,2739,2023-08-25 19:18:27.000000 UTC,
56db99ad-c6f6-4851-aa60-65d1513a0171,weekly.2.49,7,,2023-03-22 10:03:33.000000 UTC,2023-06-01 10:03:41.000000 UTC,11,2739,2023-05-31 14:55:48.000000 UTC,
56f7f892-6d50-48fe-bde2-1fb00f9c5712,weekly.2.49,7,,2023-06-10 18:08:24.000000 UTC,2023-06-17 18:08:56.000000 UTC,2,498,,
56ff2b29-c0b5-467e-84cd-8dadcbf79380,weekly.2.49,7,,2023-03-06 20:01:00.000000 UTC,2023-04-25 18:59:45.000000 UTC,8,1992,2023-04-30 11:56:03.000000 UTC,
5716f315-6e4a-475e-bc20-6981fe49cd4b,weekly.4.99.3d.trial,3,2023-05-03 23:20:49.000000 UTC,2023-05-03 23:20:49.000000 UTC,2023-05-03 23:20:49.000000 UTC,1,499,2023-05-03 06:30:48.000000 UTC,
571821e3-82a1-41d6-ba7a-61044f4fce3a,weekly.4.99.3d.trial,3,2023-03-12 10:31:07.000000 UTC,2023-03-12 10:31:07.000000 UTC,2023-03-25 10:32:19.000000 UTC,3,1497,2023-03-25 14:55:47.000000 UTC,
572ec8b9-efc4-4318-91b1-43ac24207e5e,weekly.2.49,7,,2023-03-23 19:21:19.000000 UTC,2023-07-11 22:04:46.000000 UTC,4,163014,,
573d766e-f8c8-4b2a-b42d-eca9d4b1ee97,monthly.7.49,30,,2023-05-17 04:11:18.000000 UTC,2023-06-23 04:11:33.000000 UTC,3,2247,2023-06-01 09:16:43.000000 UTC,
575a945e-8b0e-47e3-94d8-8e6531a09788,weekly.4.99.3d.trial,3,2023-06-29 11:36:51.000000 UTC,2023-06-29 11:36:51.000000 UTC,2023-08-20 04:14:23.000000 UTC,7,3493,,
57886c6c-7bac-45f8-ac61-5a2257491bd2,monthly.7.49,30,,2023-08-06 13:51:39.000000 UTC,2023-08-06 13:51:39.000000 UTC,1,749,2023-08-13 02:27:36.000000 UTC,
578a69ca-470b-46e5-bdd7-7026b9993753,weekly.4.99.3d.trial,3,2023-03-16 10:56:28.000000 UTC,2023-03-16 10:56:28.000000 UTC,2023-10-16 10:59:37.000000 UTC,31,734250,,
578f0823-ff28-419c-a942-b82b5e603f6c,monthly.9.99.3d.trial,3,2023-08-22 06:39:23.000000 UTC,2023-08-22 06:39:23.000000 UTC,2023-08-22 06:39:23.000000 UTC,1,999,2023-08-28 00:17:27.000000 UTC,
57a16b2d-3182-48f0-a291-0b987fe9e118,weekly.4.99.3d.trial,3,2023-03-18 06:31:08.000000 UTC,2023-03-18 06:31:08.000000 UTC,2023-03-18 06:31:08.000000 UTC,1,499,2023-03-23 01:16:00.000000 UTC,
581f8551-47a6-4e92-8643-d515e11752fb,weekly.2.49,7,,2023-05-08 14:27:24.000000 UTC,2023-10-08 06:27:01.000000 UTC,6,1494,,
582bde9b-9e87-41a4-91aa-a3d08b9cb9a2,weekly.4.99.3d.trial,3,2023-05-09 02:18:47.000000 UTC,2023-05-09 02:18:47.000000 UTC,2023-07-17 02:23:00.000000 UTC,11,5489,,
5836eef5-1991-42cc-94ed-01dbf3908815,weekly.4.99.3d.trial,3,2023-05-28 09:57:43.000000 UTC,2023-05-28 09:57:43.000000 UTC,2023-10-15 09:57:40.000000 UTC,21,10479,,
5857e96f-c398-4f32-85c4-afb874f61e9f,weekly.2.49,7,,2023-06-04 08:44:26.000000 UTC,2023-06-18 08:44:26.000000 UTC,3,747,2023-06-20 18:55:10.000000 UTC,
58a416a3-e7e0-484d-a663-45f10edb84c6,monthly.9.99.3d.trial,3,2023-03-05 02:35:58.000000 UTC,2023-03-05 02:35:58.000000 UTC,2023-03-05 02:35:58.000000 UTC,1,999,2023-03-09 01:48:18.000000 UTC,
58a584ff-f535-4ca4-bcf9-e8c85186f4f4,weekly.4.99.3d.trial,3,2023-05-02 09:28:45.000000 UTC,2023-05-02 09:28:45.000000 UTC,2023-05-02 09:28:45.000000 UTC,1,499,2023-05-01 15:49:19.000000 UTC,
58bf4aba-d4d1-41ef-851e-90ea26fddc5f,weekly.2.49,7,,2023-04-22 14:04:18.000000 UTC,2023-04-22 14:04:18.000000 UTC,1,249,2023-04-22 16:32:14.000000 UTC,
58d81d1f-92bf-413a-a9fb-acdcb1e73956,weekly.4.99.3d.trial,3,2023-05-15 03:28:32.000000 UTC,2023-05-15 03:28:32.000000 UTC,2023-07-11 03:28:33.000000 UTC,9,4491,2023-07-15 04:12:42.000000 UTC,
58eca27f-b35f-49eb-a4c0-2b125dcfd45c,weekly.2.49,7,,2023-04-14 06:24:33.000000 UTC,2023-09-15 06:25:29.000000 UTC,22,5478,,
59507ccb-0154-4ae4-bfb1-ebdb186adbd4,weekly.4.99.3d.trial,3,2023-10-05 01:03:25.000000 UTC,2023-10-05 01:03:25.000000 UTC,2023-10-12 01:05:12.000000 UTC,2,998,,
595196b8-99be-40bc-ace2-4b169e5ddc57,monthly.9.99.3d.trial,3,2023-04-20 07:45:00.000000 UTC,2023-04-20 07:45:00.000000 UTC,2023-06-24 07:41:20.000000 UTC,7,6993,,
5957d1c4-f98a-459b-92b5-b1351c075ac2,weekly.4.99.3d.trial,3,2023-06-09 03:10:06.000000 UTC,2023-06-09 03:10:06.000000 UTC,2023-06-09 03:10:06.000000 UTC,1,499,2023-06-09 15:51:54.000000 UTC,
596f8130-2d1f-4128-b57e-8979086350fe,weekly.4.99.3d.trial,3,2023-05-17 06:14:28.000000 UTC,2023-05-17 06:14:28.000000 UTC,2023-05-24 06:13:15.000000 UTC,2,998,2023-05-23 12:34:39.000000 UTC,
599373a0-df03-49ee-971a-0ce62bb9ae21,monthly.9.99.3d.trial,3,2023-06-06 20:10:30.000000 UTC,2023-06-06 20:10:30.000000 UTC,2023-06-06 20:10:30.000000 UTC,1,999,2023-06-07 09:57:30.000000 UTC,
59d58aae-a365-4df6-b0c3-fda761557d0f,weekly.2.49,7,,2023-04-18 09:54:14.000000 UTC,2023-05-02 09:54:12.000000 UTC,3,747,2023-05-05 01:48:54.000000 UTC,
59e3bc31-78ad-4c0c-9836-386f1caea7f2,weekly.4.99.3d.trial,3,2023-06-18 19:34:41.000000 UTC,2023-06-18 19:34:41.000000 UTC,2023-07-09 19:34:57.000000 UTC,4,1996,2023-07-14 13:51:12.000000 UTC,
5a067966-db8a-4ac9-955a-1cb5deb12639,monthly.7.49,30,,2023-04-23 14:16:50.000000 UTC,2023-06-13 14:16:18.000000 UTC,5,3745,2023-06-02 20:50:20.000000 UTC,
5a251701-b201-4327-9025-2bd951ca4dab,weekly.2.49,7,,2023-05-09 10:12:06.000000 UTC,2023-05-24 19:33:53.000000 UTC,3,747,2023-05-25 15:49:04.000000 UTC,
5a33ba1e-e221-4342-a893-586188e3c48a,monthly.9.99.3d.trial,3,2023-06-06 10:07:07.000000 UTC,2023-06-06 10:07:07.000000 UTC,2023-11-09 10:08:08.000000 UTC,20,19980,,
5a3aabf1-78b8-42e9-b193-35361319a9bf,weekly.2.49,7,,2023-04-11 17:16:42.000000 UTC,2023-10-18 17:14:54.000000 UTC,28,151746,,
5a8af439-07cf-4734-b524-18ed6fd92b54,monthly.9.99.3d.trial,3,2023-05-20 06:38:21.000000 UTC,2023-05-20 06:38:21.000000 UTC,2023-05-20 06:38:21.000000 UTC,1,999,2023-05-20 00:43:10.000000 UTC,
5a9332d4-9979-480c-8ba7-6ba99a9faafb,weekly.2.49,7,,2023-05-19 00:33:00.000000 UTC,2023-05-19 00:33:00.000000 UTC,1,249,,
5abe6ca6-addd-4aee-97b8-9bd0e63563d3,weekly.2.49,7,,2023-03-22 11:17:47.000000 UTC,2023-03-22 11:17:47.000000 UTC,1,249,2023-03-27 02:52:05.000000 UTC,
5ad1a866-43f4-48c5-8ff2-0f109906ba91,monthly.9.99.3d.trial,3,2023-03-14 13:15:48.000000 UTC,2023-03-14 13:15:48.000000 UTC,2023-05-10 13:15:08.000000 UTC,6,152536,2023-04-18 22:40:54.000000 UTC,
5afec7cb-fe23-4aa9-9efa-8ea5ea7a0dcf,weekly.2.49,7,,2023-04-16 13:52:52.000000 UTC,2023-04-16 13:52:52.000000 UTC,1,249,2023-04-16 13:56:03.000000 UTC,
5b23e06a-297b-4898-a24a-9c535bf5fef3,weekly.2.49,7,,2023-04-23 07:24:14.000000 UTC,2023-04-23 07:24:14.000000 UTC,1,249,2023-04-25 17:18:39.000000 UTC,
5b329763-c4b3-45c9-8b9c-71431921f9cf,monthly.9.99.3d.trial,3,2023-07-07 19:51:22.000000 UTC,2023-07-07 19:51:22.000000 UTC,2023-09-12 11:51:29.000000 UTC,7,6993,2023-08-21 14:11:04.000000 UTC,
5b4daca7-55e0-4d11-9749-74fed902ac5a,monthly.9.99.3d.trial,3,2023-04-21 08:00:53.000000 UTC,2023-04-21 08:00:53.000000 UTC,2023-05-29 05:51:37.000000 UTC,3,2997,2023-05-01 23:07:58.000000 UTC,
5b597516-6029-48b5-b4ba-3c6e28bd1fb6,monthly.7.49,30,,2023-03-17 12:05:23.000000 UTC,2023-04-28 12:04:44.000000 UTC,3,326944,2023-03-31 14:53:49.000000 UTC,
5b616535-6681-4555-8a57-1f1e3a4ad5aa,weekly.4.99.3d.trial,3,2023-03-05 07:43:32.000000 UTC,2023-03-05 07:43:32.000000 UTC,2023-10-14 06:43:51.000000 UTC,33,115203,,
5b8065eb-7e7c-4e9e-8369-4cd4152a0f1e,weekly.2.49,7,,2023-03-14 11:46:11.000000 UTC,2023-10-14 19:04:44.000000 UTC,30,7470,,
5b871a04-6001-4b50-92cf-cc47e3897be1,weekly.4.99.3d.trial,3,2023-07-18 16:58:30.000000 UTC,2023-07-18 16:58:30.000000 UTC,2023-08-14 16:59:14.000000 UTC,5,1996,2023-08-20 00:49:52.000000 UTC,2023-07-24 16:58:27.000000 UTC
5b894f70-f9e1-44af-ad31-892026d660c1,weekly.2.49,7,,2023-04-15 13:15:33.000000 UTC,2023-05-04 04:57:36.000000 UTC,5,9275,,
5c22811d-662b-4551-98c0-8ba76703cb67,weekly.2.49,7,,2023-03-06 10:56:51.000000 UTC,2023-03-06 10:56:51.000000 UTC,1,249,2023-03-06 15:19:39.000000 UTC,
5c22c096-0253-455b-a6ee-146416bc54c8,weekly.2.49,7,,2023-05-18 15:50:22.000000 UTC,2023-10-12 15:50:48.000000 UTC,23,5727,,
5c36b73e-0849-43be-94a2-ed971b2b78d0,monthly.7.49,30,,2023-03-23 21:59:37.000000 UTC,2023-08-06 22:00:13.000000 UTC,17,1126226,,2023-06-29 22:01:24.000000 UTC
5c41dca8-d9a2-4b94-80e8-0d829d1cba28,monthly.9.99.3d.trial,3,2023-05-10 15:29:44.000000 UTC,2023-05-10 15:29:44.000000 UTC,2023-06-17 05:50:52.000000 UTC,3,2997,2023-06-05 17:05:10.000000 UTC,
5c5defd5-9538-4517-adcc-0bb5881284b7,weekly.2.49,7,,2023-03-28 09:43:00.000000 UTC,2023-04-26 09:41:38.000000 UTC,5,194221,2023-04-26 16:35:02.000000 UTC,2023-04-11 09:41:55.000000 UTC
5c70988c-7b21-48b5-a792-704b4496d1f3,weekly.2.49,7,,2023-05-05 14:22:52.000000 UTC,2023-05-26 14:22:55.000000 UTC,4,83603,2023-06-02 13:42:02.000000 UTC,
5c7c66f4-caf3-42bb-8449-e5c4b6ba8e5b,monthly.9.99.3d.trial,3,2023-03-26 06:21:03.000000 UTC,2023-03-26 06:21:03.000000 UTC,2023-03-26 06:21:03.000000 UTC,1,999,2023-03-28 19:39:34.000000 UTC,
5c829428-838d-49d2-8888-fbe5e09e60d1,monthly.9.99.3d.trial,3,2023-03-27 22:05:16.000000 UTC,2023-03-27 22:05:16.000000 UTC,2023-11-08 22:03:46.000000 UTC,32,31968,,
5c9656dd-3826-428f-a6fa-b1a13fab5770,weekly.4.99.3d.trial,3,2023-04-20 12:49:46.000000 UTC,2023-04-20 12:49:46.000000 UTC,2023-05-17 12:43:04.000000 UTC,5,409869,2023-05-22 13:52:44.000000 UTC,2023-04-19 12:49:46.000000 UTC
5cf9eed0-b377-41bb-89be-bc534f8df861,weekly.4.99.3d.trial,3,2023-04-22 14:09:45.000000 UTC,2023-04-22 14:09:45.000000 UTC,2023-10-15 08:09:08.000000 UTC,26,12475,,2023-07-21 08:10:13.000000 UTC
5d0d139e-bb2b-4ae7-90a1-af15f772b4b2,weekly.4.99.3d.trial,3,2023-06-21 01:01:30.000000 UTC,2023-06-21 01:01:30.000000 UTC,2023-06-21 01:01:30.000000 UTC,1,499,2023-06-21 01:11:47.000000 UTC,
5d1ffb1c-9e0e-4d54-adfd-090b996686cb,weekly.2.49,7,,2023-06-01 07:35:40.000000 UTC,2023-06-01 07:35:40.000000 UTC,1,249,2023-06-01 07:45:11.000000 UTC,
5d3dbf5c-2f7b-4d42-bdf0-d86e8ea564fb,weekly.4.99.3d.trial,3,2023-06-05 08:47:49.000000 UTC,2023-06-05 08:47:49.000000 UTC,2023-07-10 08:49:20.000000 UTC,6,2495,2023-07-10 16:04:20.000000 UTC,2023-07-10 08:49:20.000000 UTC
5d4839d3-7b3b-4d54-9bca-85fc6ff22edb,weekly.4.99.3d.trial,3,2023-05-27 12:23:01.000000 UTC,2023-05-27 12:23:01.000000 UTC,2023-06-16 12:24:37.000000 UTC,4,1996,,
5d960893-25f5-4335-aa4f-9cd5adf4f226,weekly.4.99.3d.trial,3,2023-07-26 11:15:55.000000 UTC,2023-07-26 11:15:55.000000 UTC,2023-08-09 11:15:30.000000 UTC,3,1497,2023-08-11 14:25:23.000000 UTC,
5dc350dd-1c21-4934-ab4e-a3adf9f7716d,weekly.4.99.3d.trial,3,2023-04-29 15:44:09.000000 UTC,2023-04-29 15:44:09.000000 UTC,2023-05-06 15:43:34.000000 UTC,2,998,2023-05-06 15:40:54.000000 UTC,
5de5e004-8b03-43bc-9acf-9834105e7488,weekly.4.99.3d.trial,3,2023-06-03 07:09:00.000000 UTC,2023-06-03 07:09:00.000000 UTC,2023-06-10 07:09:54.000000 UTC,2,998,2023-06-13 23:33:56.000000 UTC,
5debc65f-dbb8-4f05-ab7e-f4ebb1f5bdf5,weekly.2.49,7,,2023-03-17 19:35:24.000000 UTC,2023-04-06 23:13:23.000000 UTC,3,747,,
5df03ec0-09e3-4c03-9bd3-a1208beeb0cb,weekly.4.99.3d.trial,3,2023-03-10 19:27:03.000000 UTC,2023-03-10 19:27:03.000000 UTC,2023-03-10 19:27:03.000000 UTC,1,499,2023-03-13 00:25:37.000000 UTC,
5df41101-7927-4d76-9dac-ab07dfed44bb,weekly.2.49,7,,2023-03-29 03:06:25.000000 UTC,2023-08-31 03:06:05.000000 UTC,23,153254,2023-09-03 11:54:10.000000 UTC,2023-03-29 03:06:25.000000 UTC
5e0c2909-c1a6-43f8-9862-067dd266a0a3,weekly.2.49,7,,2023-06-07 08:26:45.000000 UTC,2023-08-09 08:25:51.000000 UTC,10,22111,2023-08-12 12:09:19.000000 UTC,2023-07-26 08:22:52.000000 UTC
5e1587aa-48d8-4860-b306-876b5cdbc97e,weekly.2.49,7,,2023-03-24 09:45:49.000000 UTC,2023-04-14 09:47:13.000000 UTC,4,996,2023-04-15 16:07:05.000000 UTC,
5e322bf4-7c23-494d-9df8-8b28eff1ef27,monthly.9.99.3d.trial,3,2023-05-22 04:17:11.000000 UTC,2023-05-22 04:17:11.000000 UTC,2023-06-21 20:47:58.000000 UTC,2,1998,,
5e48b2af-d852-4595-9e13-5464d7682f08,weekly.4.99.3d.trial,3,2023-03-28 06:11:54.000000 UTC,2023-03-28 06:11:54.000000 UTC,2023-05-14 19:43:21.000000 UTC,7,3493,,
5e57458c-bcd0-491b-99d7-44bdbf757857,weekly.4.99.3d.trial,3,2023-03-05 16:53:06.000000 UTC,2023-03-05 16:53:06.000000 UTC,2023-06-24 15:54:09.000000 UTC,17,807201,2023-06-26 16:07:08.000000 UTC,2023-04-01 15:50:51.000000 UTC
5e7e6e12-db4f-417b-ba54-ca122279951e,monthly.9.99.3d.trial,3,2023-03-06 03:46:36.000000 UTC,2023-03-06 03:46:36.000000 UTC,2023-04-05 05:49:38.000000 UTC,3,2997,2023-03-19 00:40:51.000000 UTC,
5e8b800b-8c9d-44bf-90a4-e50c3513313f,weekly.2.49,7,,2023-07-09 13:53:38.000000 UTC,2023-08-06 13:53:28.000000 UTC,5,1245,2023-08-11 14:54:53.000000 UTC,
5f05f898-2300-4386-aa14-0e77f3989b41,monthly.7.49,30,,2023-03-23 14:03:29.000000 UTC,2023-04-29 14:03:20.000000 UTC,3,2247,2023-04-08 15:05:47.000000 UTC,
5f46e9c4-5e2e-4d9f-829c-0f4da2f406e2,monthly.9.99.3d.trial,3,2023-04-21 06:39:12.000000 UTC,2023-04-21 06:39:12.000000 UTC,2023-06-24 10:11:44.000000 UTC,7,6993,2023-06-01 16:42:25.000000 UTC,
5f5531dd-3c3d-440a-8a4a-43e28e1b49aa,monthly.9.99.3d.trial,3,2023-03-10 08:18:09.000000 UTC,2023-03-10 08:18:09.000000 UTC,2023-07-23 08:18:04.000000 UTC,17,50919,2023-07-05 16:15:41.000000 UTC,2023-06-22 08:18:06.000000 UTC
5f5bdb74-f1d2-4e78-9b11-cade1f2a534a,weekly.2.49,7,,2023-05-05 06:41:22.000000 UTC,2023-08-04 06:48:04.000000 UTC,14,3486,2023-08-06 15:44:18.000000 UTC,
5f5bebda-a8be-4833-b9b5-b8f40d46ec51,monthly.9.99.3d.trial,3,2023-05-28 11:13:39.000000 UTC,2023-05-28 11:13:39.000000 UTC,2023-10-30 11:13:18.000000 UTC,20,19980,2023-10-07 15:09:51.000000 UTC,
5f5cca6b-060d-4396-9c3a-5035e649caac,weekly.2.49,7,,2023-03-12 09:18:59.000000 UTC,2023-04-03 09:18:57.000000 UTC,4,996,2023-04-05 12:53:38.000000 UTC,
5f6aef5a-68ed-4578-bb89-c32f8d720738,weekly.2.49,7,,2023-03-10 07:58:48.000000 UTC,2023-04-08 07:59:02.000000 UTC,5,1245,2023-04-08 13:46:24.000000 UTC,
5f989a06-4873-42ff-bf35-0d6338f99123,weekly.4.99.3d.trial,3,2023-05-27 02:58:05.000000 UTC,2023-05-27 02:58:05.000000 UTC,2023-05-27 02:58:05.000000 UTC,1,122394,2023-05-26 04:43:35.000000 UTC,
5f98a6a5-0be8-41b2-8776-bb930c287762,weekly.4.99.3d.trial,3,2023-03-11 11:50:01.000000 UTC,2023-03-11 11:50:01.000000 UTC,2023-09-27 10:25:53.000000 UTC,30,186445,2023-10-01 17:25:14.000000 UTC,
5fca0c0b-5cea-4218-bf56-b2fa25b2a196,monthly.9.99.3d.trial,3,2023-06-08 07:42:22.000000 UTC,2023-06-08 07:42:22.000000 UTC,2023-11-08 02:51:11.000000 UTC,11,10989,2023-07-21 11:15:03.000000 UTC,
5fded0b3-813b-4293-819d-af49f91cd6cf,monthly.7.49,30,,2023-04-02 00:27:20.000000 UTC,2023-06-27 16:27:30.000000 UTC,12,733058,2023-06-04 12:44:04.000000 UTC,
5fee2ba5-9f12-4799-b949-3b76cf871790,monthly.9.99.3d.trial,3,2023-05-26 09:19:25.000000 UTC,2023-05-26 09:19:25.000000 UTC,2023-05-26 09:19:25.000000 UTC,1,999,2023-06-01 05:33:17.000000 UTC,
6014078b-025c-4e9f-9f11-6a013c6b72a8,weekly.2.49,7,,2023-05-20 10:52:58.000000 UTC,2023-07-09 10:52:41.000000 UTC,8,1992,2023-07-11 15:08:06.000000 UTC,
601b54d3-f046-4b39-adbc-83bdbf4adde0,monthly.9.99.3d.trial,3,2023-06-04 01:10:42.000000 UTC,2023-06-04 01:10:42.000000 UTC,2023-11-06 01:10:30.000000 UTC,20,19980,,
603021c6-edee-4019-8585-aedb7b2b42cd,weekly.2.49,7,,2023-05-15 04:37:14.000000 UTC,2023-06-27 04:35:37.000000 UTC,7,1743,2023-07-01 15:09:47.000000 UTC,
605eaedf-b0e2-4b5b-ba4a-9af9b98ea51f,weekly.2.49,7,,2023-09-06 06:47:30.000000 UTC,2023-09-21 06:46:11.000000 UTC,3,747,2023-09-26 18:50:17.000000 UTC,
60a1bab9-ae9b-44ba-a721-04cd7d7340e3,weekly.4.99.3d.trial,3,2023-03-16 08:38:57.000000 UTC,2023-03-16 08:38:57.000000 UTC,2023-05-25 08:39:16.000000 UTC,11,5489,2023-05-27 14:18:03.000000 UTC,
60adc909-873e-42e6-a8e5-8bbd56e569ff,weekly.4.99.3d.trial,3,2023-04-28 07:09:22.000000 UTC,2023-04-28 07:09:22.000000 UTC,2023-08-11 07:09:41.000000 UTC,16,457411,2023-08-11 16:56:06.000000 UTC,
60d29c34-a5a2-4385-b273-1dc6a2f9421b,monthly.7.49,30,,2023-03-18 00:28:33.000000 UTC,2023-05-01 16:28:53.000000 UTC,4,2996,2023-04-12 10:15:11.000000 UTC,
60e440e9-cda4-496a-ac09-816c199d6ca6,weekly.2.49,7,,2023-05-12 08:31:03.000000 UTC,2023-09-29 08:26:49.000000 UTC,21,245388,,
60efff35-3afa-477f-9120-38095511282a,weekly.4.99.3d.trial,3,2023-05-13 09:38:00.000000 UTC,2023-05-13 09:38:00.000000 UTC,2023-05-13 09:38:00.000000 UTC,1,499,2023-05-12 14:30:45.000000 UTC,
61127091-bbe1-4ba5-94ff-e44e32efff53,monthly.7.49,30,,2023-04-07 15:02:59.000000 UTC,2023-04-07 15:02:59.000000 UTC,1,749,2023-04-08 01:48:31.000000 UTC,
612483a6-48c2-4efa-9c74-fe622544d842,monthly.9.99.3d.trial,3,2023-04-11 23:51:56.000000 UTC,2023-04-11 23:51:56.000000 UTC,2023-05-12 05:51:44.000000 UTC,2,1998,,
6127f27d-0faf-41d1-93d6-5cfbe3dd946f,weekly.4.99.3d.trial,3,2023-03-31 07:26:30.000000 UTC,2023-03-31 07:26:30.000000 UTC,2023-04-06 07:28:49.000000 UTC,2,998,2023-04-12 21:53:12.000000 UTC,
6155c41b-2f28-4ff2-869f-fe67320c56aa,weekly.2.49,7,,2023-04-02 16:19:21.000000 UTC,2023-04-30 16:18:43.000000 UTC,5,1245,2023-05-04 12:46:49.000000 UTC,
6159c3d7-064f-4fa9-84a6-977737db42fb,weekly.2.49,7,,2023-03-08 08:57:30.000000 UTC,2023-03-22 08:58:05.000000 UTC,3,5901,2023-03-23 09:47:45.000000 UTC,
615d709c-58c9-4c2e-9397-84c33e6916cb,weekly.2.49,7,,2023-06-09 15:39:44.000000 UTC,2023-06-24 15:39:10.000000 UTC,3,747,2023-06-29 02:52:31.000000 UTC,
61677838-a08b-4f1a-9c57-c3c686462707,weekly.4.99.3d.trial,3,2023-03-24 06:38:12.000000 UTC,2023-03-24 06:38:12.000000 UTC,2023-04-07 06:38:07.000000 UTC,3,1497,2023-04-10 17:04:54.000000 UTC,
61838c9d-7f74-49aa-96d4-800408fd42d9,weekly.4.99.3d.trial,3,2023-05-25 14:24:28.000000 UTC,2023-05-25 14:24:28.000000 UTC,2023-05-25 14:24:28.000000 UTC,1,499,2023-05-24 15:01:11.000000 UTC,
61aa3688-721b-48da-9b06-1a81584a4cf7,weekly.2.49,7,,2023-05-08 11:31:12.000000 UTC,2023-05-08 11:31:12.000000 UTC,1,249,2023-05-08 11:32:41.000000 UTC,
61d24308-0a73-41e6-add0-12ee7c8bc45c,weekly.2.49,7,,2023-03-15 20:13:52.000000 UTC,2023-03-23 12:13:40.000000 UTC,2,498,2023-03-25 11:45:53.000000 UTC,
61db907c-01c4-4b16-9a1e-b8632257fd15,weekly.2.49,7,,2023-06-21 17:07:26.000000 UTC,2023-06-28 17:07:26.000000 UTC,2,498,2023-06-21 17:58:51.000000 UTC,
61eec852-39f4-4a74-a281-d4d418c12bff,weekly.4.99.3d.trial,3,2023-05-10 02:26:09.000000 UTC,2023-05-10 02:26:09.000000 UTC,2023-05-10 02:26:09.000000 UTC,1,499,,
6213e871-774b-4aaf-b6d2-e8844fc6a944,monthly.9.99.3d.trial,3,2023-03-25 05:55:02.000000 UTC,2023-03-25 05:55:02.000000 UTC,2023-03-25 05:55:02.000000 UTC,1,999,2023-03-24 10:47:37.000000 UTC,
62240824-bcd2-47ee-b58a-54885de40f6c,monthly.9.99.3d.trial,3,2023-03-18 10:53:23.000000 UTC,2023-03-18 10:53:23.000000 UTC,2023-05-01 10:54:18.000000 UTC,4,3996,2023-04-09 22:00:09.000000 UTC,
62245f3f-49d4-4f20-8019-a95229606060,weekly.4.99.3d.trial,3,2023-03-05 16:40:58.000000 UTC,2023-03-05 16:40:58.000000 UTC,2023-03-05 16:40:58.000000 UTC,1,499,2023-03-07 19:00:24.000000 UTC,
6271ea5a-866b-46e6-acc1-690dade1ea23,weekly.4.99.3d.trial,3,2023-05-08 06:23:28.000000 UTC,2023-05-08 06:23:28.000000 UTC,2023-09-11 06:20:22.000000 UTC,18,7984,2023-09-16 06:14:56.000000 UTC,2023-08-27 06:20:29.000000 UTC
62b4c8cc-da4d-4f6c-b303-63366a55c1d7,monthly.9.99.3d.trial,3,2023-04-07 03:42:51.000000 UTC,2023-04-07 03:42:51.000000 UTC,2023-04-07 03:42:51.000000 UTC,1,999,2023-04-10 20:51:01.000000 UTC,
62bc4dbe-74eb-405e-b4d0-1347f8939339,weekly.2.49,7,,2023-05-15 09:53:04.000000 UTC,2023-09-24 19:37:30.000000 UTC,19,229709,,
62eb65da-4cda-4045-8ff7-1b22056521c6,weekly.2.49,7,,2023-05-12 21:13:21.000000 UTC,2023-09-15 21:14:31.000000 UTC,19,4731,,
633fbd5b-a474-495d-ac07-4692b6dee2f3,weekly.2.49,7,,2023-03-26 05:27:03.000000 UTC,2023-04-17 05:28:14.000000 UTC,4,52149,2023-04-18 20:56:58.000000 UTC,
634b8896-13c0-46e6-8694-79f0ea2feb6c,monthly.7.49,30,,2023-03-24 22:39:34.000000 UTC,2023-04-24 04:39:57.000000 UTC,2,1498,2023-03-31 21:59:31.000000 UTC,
6378b062-4b54-443b-b004-b5ef1ebfbf45,weekly.4.99.3d.trial,3,2023-03-08 08:35:04.000000 UTC,2023-03-08 08:35:04.000000 UTC,2023-10-17 08:36:10.000000 UTC,33,453182,,2023-08-22 08:35:46.000000 UTC
639f47a0-f711-43bc-9f2f-88cacc8c21a6,monthly.9.99.3d.trial,3,2023-05-10 06:58:51.000000 UTC,2023-05-10 06:58:51.000000 UTC,2023-06-09 06:57:55.000000 UTC,2,1998,2023-05-19 13:03:38.000000 UTC,
63c3c80d-fd9a-45ca-a103-c2315305a61c,monthly.9.99.3d.trial,3,2023-04-14 06:01:24.000000 UTC,2023-04-14 06:01:24.000000 UTC,2023-04-14 06:01:24.000000 UTC,1,999,2023-04-13 21:27:17.000000 UTC,
63f076b5-fbef-4d9e-a28a-dbe610891fb6,weekly.4.99.3d.trial,3,2023-09-12 19:08:01.000000 UTC,2023-09-12 19:08:01.000000 UTC,2023-09-12 19:08:01.000000 UTC,1,499,2023-09-18 00:15:36.000000 UTC,
63f6f7e7-7053-4e32-ab9b-b742f98a2112,weekly.4.99.3d.trial,3,2023-06-04 04:56:47.000000 UTC,2023-06-04 04:56:47.000000 UTC,2023-06-12 04:56:18.000000 UTC,2,998,2023-06-12 13:06:34.000000 UTC,
63fcf947-02fa-4c98-8af3-af7e7fdf62c0,weekly.4.99.3d.trial,3,2023-05-31 13:54:38.000000 UTC,2023-05-31 13:54:38.000000 UTC,2023-07-26 05:54:35.000000 UTC,9,4491,2023-07-29 02:08:29.000000 UTC,
640d75ac-38ef-4831-bea3-b131dc97475a,weekly.2.49,7,,2023-03-08 13:08:26.000000 UTC,2023-03-16 13:08:04.000000 UTC,2,498,2023-03-16 23:59:18.000000 UTC,
640dd1b3-1f44-4385-bcdd-7c8fd22be6ac,weekly.4.99.3d.trial,3,2023-04-12 11:33:31.000000 UTC,2023-04-12 11:33:31.000000 UTC,2023-04-25 20:22:02.000000 UTC,6,2994,,
6428df69-cd66-4d82-b458-acfe4d44c390,weekly.4.99.3d.trial,3,2023-05-07 23:43:36.000000 UTC,2023-05-07 23:43:36.000000 UTC,2023-05-21 23:43:17.000000 UTC,3,1497,2023-05-22 09:32:55.000000 UTC,
643ce53c-7ef0-4924-b485-9e62abab5e6a,weekly.4.99.3d.trial,3,2023-07-02 01:13:46.000000 UTC,2023-07-02 01:13:46.000000 UTC,2023-07-16 17:14:08.000000 UTC,3,1497,2023-07-19 15:01:00.000000 UTC,
645ab0f0-616c-4ad2-a6cd-73e996892847,monthly.9.99.3d.trial,3,2023-05-22 12:09:31.000000 UTC,2023-05-22 12:09:31.000000 UTC,2023-07-06 12:09:43.000000 UTC,4,3996,2023-06-12 17:39:13.000000 UTC,
64940d9b-3a27-45bf-8665-d23b75bf457e,weekly.2.49,7,,2023-04-25 11:06:59.000000 UTC,2023-06-28 11:06:45.000000 UTC,10,2490,2023-07-03 14:11:11.000000 UTC,
649af4a8-1fc3-4a75-b51f-9b019f588a8a,weekly.4.99.3d.trial,3,2023-05-05 13:23:35.000000 UTC,2023-05-05 13:23:35.000000 UTC,2023-05-05 13:23:35.000000 UTC,1,499,2023-05-04 17:48:42.000000 UTC,
64a4ff35-49cb-4fd1-9154-df51a8476ceb,weekly.2.49,7,,2023-08-22 15:42:09.000000 UTC,2023-08-22 15:42:09.000000 UTC,1,249,2023-08-22 21:43:48.000000 UTC,
64c9bbe9-1b74-48a1-8b6b-a68017a2a9e9,monthly.7.49,30,,2023-06-01 16:51:00.000000 UTC,2023-06-01 16:51:00.000000 UTC,1,749,,
64ced56f-00b8-4609-9da2-744f27cf993e,weekly.2.49,7,,2023-04-29 05:00:55.000000 UTC,2023-06-25 05:01:42.000000 UTC,9,2241,2023-06-24 11:35:50.000000 UTC,
6511e6bc-843b-463c-afa4-9a9dac6f36c1,monthly.9.99.3d.trial,3,2023-05-08 10:59:40.000000 UTC,2023-05-08 10:59:40.000000 UTC,2023-05-08 10:59:40.000000 UTC,1,999,2023-05-09 18:02:15.000000 UTC,
65230947-0c50-4b99-a28b-5ef24f74c782,weekly.4.99.3d.trial,3,2023-05-28 04:11:57.000000 UTC,2023-05-28 04:11:57.000000 UTC,2023-07-16 04:10:12.000000 UTC,8,3992,2023-07-15 15:30:32.000000 UTC,
652d13a8-db12-4c78-951b-0825eb1f9275,weekly.2.49,7,,2023-03-07 04:14:49.000000 UTC,2023-06-17 01:37:57.000000 UTC,2,498,2023-06-18 03:32:05.000000 UTC,
6539613d-ab32-4399-bb92-23b91726e422,weekly.2.49,7,,2023-05-12 12:55:05.000000 UTC,2023-05-20 12:54:19.000000 UTC,2,498,2023-05-24 20:33:30.000000 UTC,
6540593f-f98e-4c39-9abb-f37f7168a905,monthly.9.99.3d.trial,3,2023-03-05 10:41:17.000000 UTC,2023-03-05 10:41:17.000000 UTC,2023-11-06 09:41:41.000000 UTC,33,861311,,
657017fc-cee8-4af8-9da2-2ed4e151e3cd,weekly.4.99.3d.trial,3,2023-04-08 13:59:09.000000 UTC,2023-04-08 13:59:09.000000 UTC,2023-10-14 13:58:29.000000 UTC,28,1164735,,
65a30073-0edb-4417-8a3f-b21388059abc,weekly.2.49,7,,2023-03-05 16:51:16.000000 UTC,2023-03-13 15:51:01.000000 UTC,2,498,2023-03-14 21:57:38.000000 UTC,
65aaeabb-2f88-4c45-81ba-3d66262fe7d2,weekly.2.49,7,,2023-07-06 13:04:05.000000 UTC,2023-08-18 13:02:35.000000 UTC,7,1743,2023-08-22 13:21:42.000000 UTC,
65ad0527-f0c3-4ec3-b89b-cb94fba0fac9,monthly.9.99.3d.trial,3,2023-03-26 15:07:47.000000 UTC,2023-03-26 15:07:47.000000 UTC,2023-06-24 15:07:18.000000 UTC,10,9990,,
65ffb1c1-d6e6-434f-a19d-b31badd6a249,weekly.4.99.3d.trial,3,2023-05-08 13:46:39.000000 UTC,2023-05-08 13:46:39.000000 UTC,2023-10-15 13:47:20.000000 UTC,23,11477,,
6604dc78-e0b2-48db-b596-e89ca0619031,monthly.9.99.3d.trial,3,2023-05-20 03:58:12.000000 UTC,2023-05-20 03:58:12.000000 UTC,2023-06-19 12:00:40.000000 UTC,2,1998,2023-05-23 16:34:26.000000 UTC,
663dae93-f602-43fc-8b47-6b4fd6e1eaa6,weekly.4.99.3d.trial,3,2023-04-08 10:36:58.000000 UTC,2023-04-08 10:36:58.000000 UTC,2023-04-16 16:36:32.000000 UTC,4,1996,2023-04-11 16:39:55.000000 UTC,
6651196c-def6-425f-b0d9-3adf066cf3ba,monthly.7.49,30,,2023-05-21 20:14:31.000000 UTC,2023-09-27 14:16:42.000000 UTC,15,11235,,
6653ebe8-361f-4a40-9f7e-47c9c096d751,weekly.2.49,7,,2023-03-19 11:37:35.000000 UTC,2023-03-19 11:37:35.000000 UTC,1,249,2023-03-22 13:47:47.000000 UTC,
6686c0f4-e6a8-418c-96f3-bf16667cc9dd,weekly.2.49,7,,2023-03-13 20:49:09.000000 UTC,2023-03-13 20:49:09.000000 UTC,1,249,2023-03-20 01:16:20.000000 UTC,
66a8562d-1b6e-4ab9-bc70-87aae4306f43,monthly.7.49,30,,2023-05-17 15:59:52.000000 UTC,2023-05-17 15:59:52.000000 UTC,1,749,2023-05-17 20:31:43.000000 UTC,
66af5759-5297-4d30-8d11-caa213d7703d,weekly.2.49,7,,2023-04-30 16:53:07.000000 UTC,2023-07-23 16:53:57.000000 UTC,13,416058,2023-07-24 18:19:06.000000 UTC,
66c6647d-0f54-467b-b02e-9a7b32aa3678,weekly.4.99.3d.trial,3,2023-05-09 09:29:37.000000 UTC,2023-05-09 09:29:37.000000 UTC,2023-05-23 09:30:05.000000 UTC,3,86197,2023-05-22 16:04:17.000000 UTC,
66d07576-a6b9-46f1-a407-479118e90159,weekly.2.49,7,,2023-05-12 04:19:03.000000 UTC,2023-08-18 04:19:00.000000 UTC,15,13712,2023-08-18 18:13:39.000000 UTC,
66ed4a8e-3a7a-4462-989e-62b5144832e1,weekly.4.99.3d.trial,3,2023-03-08 13:02:58.000000 UTC,2023-03-08 13:02:58.000000 UTC,2023-03-14 13:03:24.000000 UTC,2,998,2023-03-19 17:32:11.000000 UTC,
66fbbf96-86b9-4720-bc0f-edf0e5c226b2,weekly.2.49,7,,2023-04-30 04:51:53.000000 UTC,2023-04-30 04:51:53.000000 UTC,1,86503,2023-04-30 10:49:00.000000 UTC,
66fc4208-15bf-4fd8-8ca4-40d1464f6944,weekly.4.99.3d.trial,3,2023-04-16 16:23:41.000000 UTC,2023-04-16 16:23:41.000000 UTC,2023-05-29 20:03:28.000000 UTC,3,1497,2023-05-30 02:10:42.000000 UTC,
66ff60bc-0b8e-49e7-a661-792dddcea8e9,weekly.2.49,7,,2023-04-19 17:10:49.000000 UTC,2023-04-19 17:10:49.000000 UTC,1,249,2023-04-24 11:39:48.000000 UTC,
67104bf0-e321-459e-a2fc-44afe7dbb415,weekly.4.99.3d.trial,3,2023-04-12 07:10:12.000000 UTC,2023-04-12 07:10:12.000000 UTC,2023-04-12 07:10:12.000000 UTC,1,499,2023-04-13 06:42:41.000000 UTC,
6722e82f-bd7d-468e-87e0-8babf2c92c31,weekly.2.49,7,,2023-05-26 12:19:10.000000 UTC,2023-09-29 12:20:20.000000 UTC,19,4731,,
6728ad58-b807-4d58-8ce9-95e827cb7c2a,weekly.4.99.3d.trial,3,2023-04-22 06:03:34.000000 UTC,2023-04-22 06:03:34.000000 UTC,2023-05-04 14:29:25.000000 UTC,3,1497,2023-05-04 17:11:24.000000 UTC,
67402d30-95c6-486a-9c87-56f947f9b86c,weekly.4.99.3d.trial,3,2023-04-22 15:04:36.000000 UTC,2023-04-22 15:04:36.000000 UTC,2023-04-29 11:34:40.000000 UTC,2,998,2023-04-29 19:39:21.000000 UTC,
67822935-4c3c-45b2-ae43-ae340884d2d6,weekly.2.49,7,,2023-05-21 14:46:32.000000 UTC,2023-10-01 14:48:38.000000 UTC,20,4980,2023-10-05 11:42:19.000000 UTC,
67986731-8992-45c0-8848-48c72118c309,weekly.4.99.3d.trial,3,2023-04-02 05:50:08.000000 UTC,2023-04-02 05:50:08.000000 UTC,2023-04-02 05:50:08.000000 UTC,1,499,2023-04-01 08:51:24.000000 UTC,
67a022ad-1d6f-46b3-88b2-1603120745a9,weekly.2.49,7,,2023-04-28 01:10:55.000000 UTC,2023-05-19 01:14:52.000000 UTC,4,996,2023-05-22 12:49:11.000000 UTC,
67a0aeea-1aea-40c6-b2bc-13f9510252da,weekly.2.49,7,,2023-03-21 14:48:34.000000 UTC,2023-04-26 14:48:46.000000 UTC,6,1494,2023-04-25 20:39:41.000000 UTC,
67a1100c-9446-4043-8821-bab01561a675,weekly.4.99.3d.trial,3,2023-05-13 10:07:05.000000 UTC,2023-05-13 10:07:05.000000 UTC,2023-05-13 10:07:05.000000 UTC,1,499,2023-05-17 11:22:22.000000 UTC,
67adde55-f364-473b-8513-5cf23dbc6da3,monthly.9.99.3d.trial,3,2023-05-05 16:08:05.000000 UTC,2023-05-05 16:08:05.000000 UTC,2023-11-08 01:32:22.000000 UTC,23,22977,,
67db2ae4-36c3-4664-bbb8-6db1b743ed0e,weekly.2.49,7,,2023-03-11 11:21:44.000000 UTC,2023-04-15 11:21:18.000000 UTC,6,1494,,
682f8a35-1f96-4999-8d8c-97f7db2b7e98,weekly.2.49,7,,2023-05-14 15:40:13.000000 UTC,2023-10-15 15:42:20.000000 UTC,23,19373,,
683a09af-5de2-472f-83cd-defee0f3d72c,weekly.4.99.3d.trial,3,2023-03-13 13:59:15.000000 UTC,2023-03-13 13:59:15.000000 UTC,2023-03-13 13:59:15.000000 UTC,1,499,2023-03-12 15:10:04.000000 UTC,
684699c7-fa7f-414d-ae7e-454ab462130a,weekly.2.49,7,,2023-06-01 05:53:43.000000 UTC,2023-06-01 05:53:43.000000 UTC,1,249,2023-06-07 12:10:45.000000 UTC,
684d3a01-6046-4cd5-b0f0-71a8fa9c92cb,weekly.4.99.3d.trial,3,2023-03-07 08:02:05.000000 UTC,2023-03-07 08:02:05.000000 UTC,2023-03-14 07:01:15.000000 UTC,2,998,2023-03-13 12:18:10.000000 UTC,
685bfd6d-e34d-46da-9ffe-b8bd7af93eb1,monthly.9.99.3d.trial,3,2023-05-11 15:37:56.000000 UTC,2023-05-11 15:37:56.000000 UTC,2023-06-17 15:36:38.000000 UTC,3,2997,2023-05-25 01:47:18.000000 UTC,
686d49c8-5f9c-426e-9ec6-3c1f34e70d4e,monthly.7.49,30,,2023-04-19 12:22:20.000000 UTC,2023-04-19 12:22:20.000000 UTC,1,749,2023-04-19 14:08:13.000000 UTC,
6884ec4a-c1cc-41a6-889a-f1bbc159a326,weekly.4.99.3d.trial,3,2023-03-25 14:03:50.000000 UTC,2023-03-25 14:03:50.000000 UTC,2023-10-14 14:03:50.000000 UTC,30,14970,,
68c4bba2-74b8-4c2d-8a2a-ebcf4b4e211c,weekly.2.49,7,,2023-06-27 00:57:34.000000 UTC,2023-07-25 00:57:08.000000 UTC,5,1245,2023-07-25 16:39:35.000000 UTC,
68e0d278-a7e4-4d85-afcc-eab7e86ef630,weekly.4.99.3d.trial,3,2023-04-18 14:00:48.000000 UTC,2023-04-18 14:00:48.000000 UTC,2023-04-18 14:00:48.000000 UTC,1,499,2023-04-17 18:05:05.000000 UTC,
68ebe9cb-fb90-48f6-a12c-44c46211391b,weekly.2.49,7,,2023-05-19 00:52:38.000000 UTC,2023-05-19 00:52:38.000000 UTC,1,249,2023-05-21 19:39:29.000000 UTC,
69228da3-c0ef-4fe2-94ab-f6654d43c546,monthly.9.99.3d.trial,3,2023-04-28 15:59:05.000000 UTC,2023-04-28 15:59:05.000000 UTC,2023-08-05 17:14:49.000000 UTC,12,11988,,
693c0a4d-cc6b-4615-bc66-26a57c79a3ee,weekly.2.49,7,,2023-03-06 05:37:12.000000 UTC,2023-03-06 05:37:12.000000 UTC,1,249,2023-03-06 23:34:47.000000 UTC,
694374da-dc36-4d84-b79e-3919fa75173d,weekly.4.99.3d.trial,3,2023-05-20 05:44:19.000000 UTC,2023-05-20 05:44:19.000000 UTC,2023-10-15 12:11:54.000000 UTC,22,666544,,
69458f10-7b6f-40d5-9ea9-1e968777cadf,weekly.2.49,7,,2023-04-02 10:02:45.000000 UTC,2023-04-16 10:02:34.000000 UTC,3,-210639,2023-04-22 06:54:53.000000 UTC,2023-04-02 10:02:45.000000 UTC
6948d6c2-6445-4bfb-8afc-d604486e6184,weekly.4.99.3d.trial,3,2023-05-26 20:37:24.000000 UTC,2023-05-26 20:37:24.000000 UTC,2023-05-26 20:37:24.000000 UTC,1,499,,
694b334f-3d9f-409a-b90d-19c526b2d114,weekly.2.49,7,,2023-06-02 20:27:05.000000 UTC,2023-09-05 10:59:04.000000 UTC,5,1245,,
69b9679d-8b1a-4111-ad63-937dba5c4ed3,monthly.9.99.3d.trial,3,2023-05-06 10:25:40.000000 UTC,2023-05-06 10:25:40.000000 UTC,2023-05-06 10:25:40.000000 UTC,1,999,2023-05-05 20:13:57.000000 UTC,
69f58da0-e82c-4096-9d99-f0ff2585fcda,weekly.4.99.3d.trial,3,2023-04-30 09:33:27.000000 UTC,2023-04-30 09:33:27.000000 UTC,2023-05-13 09:33:53.000000 UTC,3,1497,2023-05-18 10:44:57.000000 UTC,
6a3b025e-c301-4adb-a5d7-fc667f46c267,weekly.2.49,7,,2023-05-18 04:58:37.000000 UTC,2023-06-16 04:58:33.000000 UTC,5,1245,2023-06-18 11:51:29.000000 UTC,
6a95a8f9-8e48-49c6-bac9-28c2ebaa1b79,monthly.9.99.3d.trial,3,2023-05-10 01:57:00.000000 UTC,2023-05-10 01:57:00.000000 UTC,2023-06-08 01:57:41.000000 UTC,2,1998,2023-05-20 14:49:08.000000 UTC,
6aa18ee2-55c0-45e9-92c6-21eeb4bbe462,monthly.9.99.3d.trial,3,2023-06-10 18:23:01.000000 UTC,2023-06-10 18:23:01.000000 UTC,2023-06-10 18:23:01.000000 UTC,1,999,2023-06-10 18:23:57.000000 UTC,
6aae84a0-625f-4680-8a5b-2780a77bb2a7,monthly.7.49,30,,2023-06-05 12:57:26.000000 UTC,2023-08-03 12:55:16.000000 UTC,6,4494,2023-07-16 02:52:09.000000 UTC,
6ac14a98-9c6d-4426-8a67-ddd03da6c16e,weekly.2.49,7,,2023-03-26 05:49:51.000000 UTC,2023-04-30 20:06:21.000000 UTC,3,747,2023-04-23 14:55:24.000000 UTC,
6adde194-ebee-447e-9708-7c7a2600cce1,monthly.9.99.3d.trial,3,2023-03-05 10:22:45.000000 UTC,2023-03-05 10:22:45.000000 UTC,2023-10-09 09:22:59.000000 UTC,29,412316,,2023-05-06 09:22:06.000000 UTC
6afadc0c-52cb-43d5-98e0-3e7361a04c7e,weekly.4.99.3d.trial,3,2023-03-18 15:49:45.000000 UTC,2023-03-18 15:49:45.000000 UTC,2023-05-08 05:28:06.000000 UTC,4,1996,,
6afae656-f6e3-4de8-b2c6-9a522ec648f3,weekly.4.99.3d.trial,3,2023-03-31 11:22:00.000000 UTC,2023-03-31 11:22:00.000000 UTC,2023-04-06 11:22:04.000000 UTC,2,998,2023-04-10 13:10:08.000000 UTC,
6b0d9ea7-9057-4a45-94cb-a030da17ecbd,weekly.2.49,7,,2023-03-23 11:38:34.000000 UTC,2023-03-23 11:38:34.000000 UTC,1,249,2023-03-26 15:55:34.000000 UTC,
6b0eace3-838f-4c24-be06-76b342cb43b2,weekly.4.99.3d.trial,3,2023-03-10 20:12:43.000000 UTC,2023-03-10 20:12:43.000000 UTC,2023-03-10 20:12:43.000000 UTC,1,499,2023-03-12 16:05:02.000000 UTC,
6b4f0f01-f747-4177-bda1-70d728decfb5,monthly.9.99.3d.trial,3,2023-03-16 17:35:57.000000 UTC,2023-03-16 17:35:57.000000 UTC,2023-03-16 17:35:57.000000 UTC,1,999,2023-03-16 17:38:47.000000 UTC,
6b5380e0-4b76-4a0a-aee5-41963557d0ac,weekly.2.49,7,,2023-04-19 14:08:13.000000 UTC,2023-10-11 14:09:49.000000 UTC,26,6474,,
6b80a7b8-5fab-4cfb-9744-6c6241308f79,monthly.9.99.3d.trial,3,2023-05-23 10:09:59.000000 UTC,2023-05-23 10:09:59.000000 UTC,2023-08-25 10:06:24.000000 UTC,11,10989,2023-08-02 23:25:17.000000 UTC,
6b97a706-31a9-454e-b5ac-f542242b58fa,weekly.2.49,7,,2023-06-24 12:27:38.000000 UTC,2023-06-24 12:27:38.000000 UTC,1,249,2023-07-01 00:19:27.000000 UTC,
6bbd575c-7b53-4d71-8360-471abfefed80,monthly.9.99.3d.trial,3,2023-04-23 14:07:59.000000 UTC,2023-04-23 14:07:59.000000 UTC,2023-05-23 14:06:21.000000 UTC,2,1998,2023-05-02 19:53:14.000000 UTC,
6bc323e1-82c2-4d38-adb2-7a4f080efd12,weekly.2.49,7,,2023-07-10 23:38:27.000000 UTC,2023-10-14 19:25:21.000000 UTC,10,2490,,
6bc3679d-da87-456b-9610-6467344b0e88,weekly.4.99.3d.trial,3,2023-03-27 05:29:11.000000 UTC,2023-03-27 05:29:11.000000 UTC,2023-10-13 04:01:26.000000 UTC,29,409496,,
6bdf1302-bf9c-40e5-9e14-3602c11c745a,weekly.4.99.3d.trial,3,2023-04-08 03:27:12.000000 UTC,2023-04-08 03:27:12.000000 UTC,2023-05-20 03:27:27.000000 UTC,7,26853,2023-05-21 16:22:05.000000 UTC,
6c219218-753c-462d-8d02-51e6178dcdd8,weekly.2.49,7,,2023-03-09 08:38:34.000000 UTC,2023-06-24 16:26:37.000000 UTC,10,2490,2023-06-28 18:29:01.000000 UTC,
6c284a4b-222e-4e42-a68f-f43db63171c3,weekly.4.99.3d.trial,3,2023-04-26 00:20:26.000000 UTC,2023-04-26 00:20:26.000000 UTC,2023-04-26 00:20:26.000000 UTC,1,499,,
6c3416cb-ddbd-4ca1-9225-0989444d5a1a,weekly.2.49,7,,2023-04-15 12:47:56.000000 UTC,2023-04-15 12:47:56.000000 UTC,1,249,2023-04-22 13:59:41.000000 UTC,
6c3bde94-ae96-4fff-b5b6-cc60fb8b587b,weekly.2.49,7,,2023-03-09 08:53:50.000000 UTC,2023-10-13 08:53:26.000000 UTC,32,299911,,2023-09-28 08:55:41.000000 UTC
6c58905f-caf9-4770-8f6b-59d7d87b0977,weekly.4.99.3d.trial,3,2023-05-26 19:15:07.000000 UTC,2023-05-26 19:15:07.000000 UTC,2023-08-11 22:26:18.000000 UTC,5,2495,,
6c6aee64-f5ab-4195-873b-ded4fccde42d,weekly.2.49,7,,2023-03-15 21:16:02.000000 UTC,2023-06-21 19:55:08.000000 UTC,15,3735,,
6c85c937-9392-4262-9948-b16df9f8527f,weekly.2.49,7,,2023-03-26 18:57:17.000000 UTC,2023-05-29 18:56:37.000000 UTC,10,226537,,
6c8ffef9-cc25-4eb5-a7af-23574117757d,weekly.2.49,7,,2023-04-17 10:59:27.000000 UTC,2023-04-25 10:59:15.000000 UTC,2,498,2023-04-27 11:40:02.000000 UTC,
6ca377f5-92a8-46ca-9d4c-ebb85cd33875,monthly.9.99.3d.trial,3,2023-03-08 15:29:07.000000 UTC,2023-03-08 15:29:07.000000 UTC,2023-07-13 15:29:31.000000 UTC,16,388728,2023-06-22 02:02:46.000000 UTC,2023-04-11 15:29:37.000000 UTC
6ca9da4b-b3cf-4633-833b-abf05bf55450,monthly.9.99.3d.trial,3,2023-03-24 06:30:56.000000 UTC,2023-03-24 06:30:56.000000 UTC,2023-03-24 06:30:56.000000 UTC,1,999,,
6cadc7ba-9bc5-402d-b358-af7012393363,weekly.2.49,7,,2023-04-24 10:59:43.000000 UTC,2023-04-24 10:59:43.000000 UTC,1,249,2023-04-24 16:15:58.000000 UTC,
6cbd1953-35ba-4363-93f1-b029a1ef1e25,weekly.4.99.3d.trial,3,2023-04-20 06:05:04.000000 UTC,2023-04-20 06:05:04.000000 UTC,2023-10-11 09:11:13.000000 UTC,25,1103507,2023-10-14 15:47:55.000000 UTC,2023-06-21 06:03:58.000000 UTC
6cc6c8fa-efda-4f9a-8e35-45953c40cc6f,monthly.7.49,30,,2023-05-05 09:19:11.000000 UTC,2023-08-13 09:19:27.000000 UTC,12,8988,2023-07-25 18:31:28.000000 UTC,
6cfdb480-5160-4d1f-a1d7-00594cde0afe,monthly.7.49,30,,2023-05-27 05:12:33.000000 UTC,2023-07-31 05:12:56.000000 UTC,7,4494,2023-07-13 15:51:18.000000 UTC,2023-07-08 05:12:56.000000 UTC
6cfdfd75-a6e2-44d9-ad46-be005a2aa977,weekly.2.49,7,,2023-06-04 12:22:15.000000 UTC,2023-06-04 12:22:15.000000 UTC,1,249,2023-06-11 01:55:46.000000 UTC,
6d09a73c-75f5-4e6d-a8af-887ab337084a,weekly.2.49,7,,2023-05-20 11:02:19.000000 UTC,2023-05-20 11:02:19.000000 UTC,1,249,2023-05-20 15:37:13.000000 UTC,
6d1da352-6bcf-4b6a-87fe-60576386b07d,weekly.2.49,7,,2023-03-19 21:44:55.000000 UTC,2023-03-19 21:44:55.000000 UTC,1,249,2023-03-25 04:54:06.000000 UTC,
6d34c7f0-469e-445c-ab44-a13461a1f445,weekly.2.49,7,,2023-06-04 15:07:24.000000 UTC,2023-06-04 15:07:24.000000 UTC,1,249,2023-06-05 13:51:05.000000 UTC,
6d446035-25e9-4476-9095-50cbde10c6ad,weekly.4.99.3d.trial,3,2023-03-24 19:57:51.000000 UTC,2023-03-24 19:57:51.000000 UTC,2023-07-07 19:56:43.000000 UTC,16,47249,2023-07-08 20:20:59.000000 UTC,
6d97f78f-09d0-488f-9821-4a612276b24f,weekly.4.99.3d.trial,3,2023-06-17 08:28:23.000000 UTC,2023-06-17 08:28:23.000000 UTC,2023-06-24 14:11:43.000000 UTC,2,998,2023-06-23 14:18:25.000000 UTC,
6e0d58b8-ed3b-497a-9d49-4337cf347f98,weekly.2.49,7,,2023-05-01 20:19:29.000000 UTC,2023-05-01 20:19:29.000000 UTC,1,249,2023-05-03 09:21:36.000000 UTC,
6e398ffd-1165-4ccd-92d2-de4351cd1f95,weekly.2.49,7,,2023-03-21 11:06:25.000000 UTC,2023-03-21 11:06:25.000000 UTC,1,249,2023-03-21 14:38:09.000000 UTC,
6e3f59a1-407e-4f81-a0db-9720872893cd,weekly.4.99.3d.trial,3,2023-04-23 19:11:26.000000 UTC,2023-04-23 19:11:26.000000 UTC,2023-05-08 14:19:54.000000 UTC,3,1497,2023-05-13 15:16:03.000000 UTC,
6e628c5c-b713-4194-825d-cf4677a44bb9,weekly.2.49,7,,2023-05-09 12:38:05.000000 UTC,2023-05-09 12:38:05.000000 UTC,1,249,,
6e76b8e4-2e77-4b05-b712-6cb6b0c84d84,weekly.4.99.3d.trial,3,2023-05-13 19:59:48.000000 UTC,2023-05-13 19:59:48.000000 UTC,2023-05-13 19:59:48.000000 UTC,1,499,2023-05-12 20:28:24.000000 UTC,
6e986e09-56f9-4dca-b752-e0ab27e688cf,weekly.4.99.3d.trial,3,2023-05-16 04:33:16.000000 UTC,2023-05-16 04:33:16.000000 UTC,2023-10-18 04:32:47.000000 UTC,23,11477,,
6ea3002b-bd62-4d2e-a7b3-9daa1b3edb27,weekly.4.99.3d.trial,3,2023-05-27 00:01:34.000000 UTC,2023-05-27 00:01:34.000000 UTC,2023-06-03 16:02:03.000000 UTC,2,998,,
6ee42c4b-36ec-4f20-a96f-ac888c55689a,weekly.4.99.3d.trial,3,2023-05-06 10:28:42.000000 UTC,2023-05-06 10:28:42.000000 UTC,2023-09-08 10:28:16.000000 UTC,19,9481,,
6eead504-46c1-4308-b82f-3e15d2167e0d,weekly.2.49,7,,2023-05-05 10:02:02.000000 UTC,2023-09-22 09:57:34.000000 UTC,22,10330,2023-09-28 21:13:02.000000 UTC,
6efdf52a-d408-4d9b-89ae-56a6e256c51c,weekly.2.49,7,,2023-05-25 12:22:05.000000 UTC,2023-06-08 12:21:54.000000 UTC,3,747,2023-06-10 02:03:32.000000 UTC,
6f12c4eb-5946-41d7-8498-ca9d890b92e0,weekly.4.99.3d.trial,3,2023-03-28 12:19:14.000000 UTC,2023-03-28 12:19:14.000000 UTC,2023-03-28 12:19:14.000000 UTC,1,499,2023-03-30 03:45:50.000000 UTC,
6f12de52-1509-4848-8b6d-dea85d8b49df,weekly.2.49,7,,2023-05-23 15:15:05.000000 UTC,2023-08-22 15:11:56.000000 UTC,14,3486,2023-08-24 04:47:39.000000 UTC,
6f37658b-0c06-4481-ac2d-2dd545378824,weekly.4.99.3d.trial,3,2023-05-09 16:05:26.000000 UTC,2023-05-09 16:05:26.000000 UTC,2023-06-05 16:05:45.000000 UTC,5,143550,2023-06-08 01:34:40.000000 UTC,
6f442f4c-74b1-473c-a17e-435ad0f9582b,monthly.7.49,30,,2023-03-27 10:54:02.000000 UTC,2023-07-13 10:53:56.000000 UTC,13,9737,2023-06-23 13:39:53.000000 UTC,
6f457a6c-f31e-4b86-928e-eb4bf5d5b102,weekly.4.99.3d.trial,3,2023-03-27 14:03:01.000000 UTC,2023-03-27 14:03:01.000000 UTC,2023-03-27 14:03:01.000000 UTC,1,499,2023-03-30 01:06:14.000000 UTC,
6f5e519b-7d9d-410b-a3d1-edc0dc220767,weekly.2.49,7,,2023-04-10 12:17:39.000000 UTC,2023-04-10 12:17:39.000000 UTC,1,249,2023-04-11 04:17:20.000000 UTC,
6f63769e-94a2-4457-a8e7-f80244731ff6,weekly.4.99.3d.trial,3,2023-03-26 10:40:51.000000 UTC,2023-03-26 10:40:51.000000 UTC,2023-04-02 10:39:56.000000 UTC,2,998,2023-04-05 19:30:55.000000 UTC,
6f8201e3-c240-4ddf-a076-1b2214e8a51f,monthly.9.99.3d.trial,3,2023-05-07 15:14:45.000000 UTC,2023-05-07 15:14:45.000000 UTC,2023-06-13 15:14:23.000000 UTC,3,2997,2023-05-24 20:33:33.000000 UTC,
6f8592c0-fb4c-47dc-9344-424eb5d88a4b,weekly.2.49,7,,2023-10-13 09:54:02.000000 UTC,2023-10-13 09:54:02.000000 UTC,1,249,2023-10-14 00:40:25.000000 UTC,
6fe53802-099f-40ef-ab5e-e12167b7dc65,weekly.4.99.3d.trial,3,2023-03-28 12:55:21.000000 UTC,2023-03-28 12:55:21.000000 UTC,2023-03-28 12:55:21.000000 UTC,1,499,2023-04-02 00:04:21.000000 UTC,
6fe6276b-495b-4219-923d-bd58b2e19da7,weekly.2.49,7,,2023-05-23 16:15:25.000000 UTC,2023-10-17 16:15:27.000000 UTC,22,5478,,
6fef43ca-f71c-4d64-812c-b2445db37eb0,weekly.2.49,7,,2023-05-23 09:08:10.000000 UTC,2023-05-23 09:08:10.000000 UTC,1,249,,
701e0515-48b3-4e0d-bd9d-5bdf9e3b0de9,weekly.2.49,7,,2023-05-08 10:19:41.000000 UTC,2023-05-08 10:19:41.000000 UTC,1,249,2023-05-14 19:24:21.000000 UTC,
7021bc0a-a6cd-478b-bbda-3c2aea9ad151,weekly.2.49,7,,2023-04-23 13:03:30.000000 UTC,2023-05-10 09:17:21.000000 UTC,4,996,2023-05-16 21:19:10.000000 UTC,
7028e864-8f61-4a58-8dcb-32876a50cac0,monthly.7.49,30,,2023-05-12 06:40:35.000000 UTC,2023-06-18 06:42:33.000000 UTC,3,2247,2023-05-27 11:25:05.000000 UTC,
7042303d-6c01-472c-8602-06177123f1a7,weekly.4.99.3d.trial,3,2023-03-25 07:54:09.000000 UTC,2023-03-25 07:54:09.000000 UTC,2023-03-25 07:54:09.000000 UTC,1,499,2023-03-25 00:42:21.000000 UTC,
7047c015-6ffb-44f5-a167-02337f59c971,monthly.9.99.3d.trial,3,2023-05-23 12:53:40.000000 UTC,2023-05-23 12:53:40.000000 UTC,2023-08-03 12:56:02.000000 UTC,8,7992,2023-07-14 21:19:20.000000 UTC,
7061ab79-b187-41cf-bb0e-64aae6283b56,monthly.7.49,30,,2023-06-05 12:31:42.000000 UTC,2023-07-19 12:31:50.000000 UTC,4,2247,2023-06-30 14:03:06.000000 UTC,2023-06-05 12:31:42.000000 UTC
707b713d-54bd-4315-ae22-9e9f64234900,weekly.2.49,7,,2023-05-13 06:33:07.000000 UTC,2023-05-20 06:33:23.000000 UTC,2,498,2023-05-27 04:06:14.000000 UTC,
7099b895-6327-46fe-8fa3-e62d012d2e12,weekly.4.99.3d.trial,3,2023-05-16 13:39:23.000000 UTC,2023-05-16 13:39:23.000000 UTC,2023-05-16 13:39:23.000000 UTC,1,499,2023-05-15 13:55:09.000000 UTC,
70cf9276-f2a1-4855-b7c1-d1d3af4ded11,weekly.4.99.3d.trial,3,2023-05-17 20:39:30.000000 UTC,2023-05-17 20:39:30.000000 UTC,2023-06-17 04:56:33.000000 UTC,6,2994,,
70d46d41-95d7-479b-9936-1f8b188ca30c,monthly.7.49,30,,2023-04-29 18:56:37.000000 UTC,2023-04-29 18:56:37.000000 UTC,1,749,2023-04-29 18:58:09.000000 UTC,
70ed03b8-64e0-4389-91b4-f0e1ada9097b,monthly.9.99.3d.trial,3,2023-04-04 11:12:04.000000 UTC,2023-04-04 11:12:04.000000 UTC,2023-04-04 11:12:04.000000 UTC,1,999,2023-04-03 16:00:56.000000 UTC,
70f4b9da-9c9d-44c3-8b34-9f87c01bfc82,weekly.2.49,7,,2023-04-27 15:30:39.000000 UTC,2023-08-27 19:42:50.000000 UTC,15,3735,2023-04-29 03:05:54.000000 UTC,
710526c0-9ec2-4f87-bf1e-f93edde67243,weekly.2.49,7,,2023-03-31 09:09:11.000000 UTC,2023-04-30 09:09:16.000000 UTC,5,1245,,
711cc61f-c45e-47b3-8278-7118d7548b5d,weekly.2.49,7,,2023-04-02 10:53:09.000000 UTC,2023-10-16 05:28:17.000000 UTC,30,7470,,
711f25ec-9991-440a-9bd0-2ee7ed82f2b4,weekly.2.49,7,,2023-04-07 12:00:56.000000 UTC,2023-04-15 12:00:42.000000 UTC,2,498,2023-04-26 15:36:24.000000 UTC,
712f9964-bcbb-43dc-814c-8137aff2f2c7,weekly.2.49,7,,2023-05-22 03:05:19.000000 UTC,2023-10-17 03:04:53.000000 UTC,22,83327,,
713f4721-a169-4c5e-8ca3-3c30daa99578,weekly.2.49,7,,2023-05-05 15:00:39.000000 UTC,2023-09-15 15:00:40.000000 UTC,20,4980,2023-09-21 03:11:04.000000 UTC,
715b2a77-9622-4e4b-9044-fcb1a4cfdccf,weekly.4.99.3d.trial,3,2023-05-16 03:01:41.000000 UTC,2023-05-16 03:01:41.000000 UTC,2023-05-30 03:04:13.000000 UTC,3,1497,2023-06-02 17:29:10.000000 UTC,
71624e8e-1474-4284-9273-d01a6c8579f2,weekly.2.49,7,,2023-06-19 06:02:45.000000 UTC,2023-08-23 12:11:45.000000 UTC,7,1743,2023-08-23 12:33:30.000000 UTC,
71755255-ff11-44fc-9233-666b30862d60,weekly.2.49,7,,2023-06-23 05:33:27.000000 UTC,2023-06-23 05:33:27.000000 UTC,1,249,2023-06-27 13:29:51.000000 UTC,
7183a910-bc7e-4e41-bbe0-a3888bf1d567,weekly.2.49,7,,2023-04-28 02:07:06.000000 UTC,2023-04-28 02:07:06.000000 UTC,1,249,2023-04-28 08:26:57.000000 UTC,
71bf1971-42c4-410d-bcbe-b2758f7a25ef,weekly.4.99.3d.trial,3,2023-03-24 14:21:36.000000 UTC,2023-03-24 14:21:36.000000 UTC,2023-03-24 14:21:36.000000 UTC,1,499,2023-03-29 19:44:14.000000 UTC,
71cbadae-f663-48f0-ab02-3a96ad450201,monthly.9.99.3d.trial,3,2023-03-18 17:37:36.000000 UTC,2023-03-18 17:37:36.000000 UTC,2023-06-11 17:38:31.000000 UTC,10,9990,2023-05-21 21:40:51.000000 UTC,
71ce552b-3e80-4018-836c-527d55cecdee,monthly.7.49,30,,2023-04-11 17:54:03.000000 UTC,2023-05-26 17:53:52.000000 UTC,5,2996,2023-05-03 21:16:24.000000 UTC,2023-04-25 17:54:01.000000 UTC
724bd5db-3f03-452b-a7c4-9a30ffd0e55e,weekly.4.99.3d.trial,3,2023-03-24 15:04:50.000000 UTC,2023-03-24 15:04:50.000000 UTC,2023-03-31 15:04:22.000000 UTC,2,998,2023-04-04 02:40:23.000000 UTC,
72508817-2828-4798-8120-e52bcc4b3770,weekly.4.99.3d.trial,3,2023-03-18 07:11:13.000000 UTC,2023-03-18 07:11:13.000000 UTC,2023-03-18 07:11:13.000000 UTC,1,371056,2023-03-18 03:31:03.000000 UTC,
7261284c-ba7d-47c9-b69f-2fd75acd2765,monthly.9.99.3d.trial,3,2023-05-17 05:37:13.000000 UTC,2023-05-17 05:37:13.000000 UTC,2023-06-25 10:33:19.000000 UTC,3,1998,2023-06-05 09:36:02.000000 UTC,2023-05-26 09:47:50.000000 UTC
726211c8-1592-439f-bc88-8f906a5f9baa,weekly.4.99.3d.trial,3,2023-04-29 12:38:37.000000 UTC,2023-04-29 12:38:37.000000 UTC,2023-04-29 12:38:37.000000 UTC,1,499,2023-05-01 04:21:35.000000 UTC,
72637cdf-644b-49ff-9fd3-8c9d48ff2c75,weekly.2.49,7,,2023-03-05 10:05:28.000000 UTC,2023-03-05 10:05:28.000000 UTC,1,249,2023-03-10 19:04:00.000000 UTC,
72a855da-10b6-438f-b2be-8840443b2ad3,monthly.7.49,30,,2023-05-11 23:59:37.000000 UTC,2023-10-01 00:00:03.000000 UTC,18,13482,,
72f9c3dc-f4b7-454f-90e3-b93e64eed90c,weekly.4.99.3d.trial,3,2023-06-04 10:22:14.000000 UTC,2023-06-04 10:22:14.000000 UTC,2023-06-04 10:22:14.000000 UTC,1,499,2023-06-04 16:18:45.000000 UTC,
72f9c7bc-703d-44a8-bbf5-fca042b2577b,weekly.2.49,7,,2023-04-02 13:37:20.000000 UTC,2023-06-19 13:36:56.000000 UTC,11,2739,2023-06-21 14:43:21.000000 UTC,
72ff5e46-c661-4983-ab84-bacd0fafd3f8,monthly.7.49,30,,2023-06-01 19:56:28.000000 UTC,2023-06-01 19:56:28.000000 UTC,1,749,2023-06-03 17:19:10.000000 UTC,
73083302-bd0e-41cf-8a72-155c2c24aa75,weekly.4.99.3d.trial,3,2023-05-26 21:02:29.000000 UTC,2023-05-26 21:02:29.000000 UTC,2023-06-02 21:02:21.000000 UTC,2,998,2023-06-02 18:46:05.000000 UTC,
7320548e-374b-4732-812d-83b7c4abf7c9,monthly.9.99.3d.trial,3,2023-04-17 01:18:14.000000 UTC,2023-04-17 01:18:14.000000 UTC,2023-05-25 17:17:43.000000 UTC,6,5994,2023-05-02 15:52:54.000000 UTC,
7328ebcd-9408-49e9-acc2-5d6bc03d75e6,weekly.2.49,7,,2023-03-25 14:58:56.000000 UTC,2023-04-08 15:00:01.000000 UTC,3,747,2023-04-12 02:13:41.000000 UTC,
7333c5df-59b1-406b-8034-9052d885d20f,weekly.4.99.3d.trial,3,2023-05-21 15:17:18.000000 UTC,2023-05-21 15:17:18.000000 UTC,2023-05-21 15:17:18.000000 UTC,1,499,2023-05-25 20:16:46.000000 UTC,
735f89e1-5714-4361-9501-d2796fb2181a,monthly.7.49,30,,2023-06-19 08:36:08.000000 UTC,2023-08-09 22:19:53.000000 UTC,3,2247,2023-07-29 22:36:26.000000 UTC,
738bcb60-8063-42dc-b52c-91effceaef93,weekly.2.49,7,,2023-03-09 11:23:19.000000 UTC,2023-03-09 11:23:19.000000 UTC,1,249,2023-03-10 13:50:45.000000 UTC,
73956b73-bbb8-4914-9241-116dabecb128,weekly.2.49,7,,2023-04-15 13:24:25.000000 UTC,2023-06-14 16:06:56.000000 UTC,4,996,2023-06-18 10:33:15.000000 UTC,
739c73ea-c308-4c49-b6bd-1e1225527d8f,monthly.7.49,30,,2023-04-13 07:58:18.000000 UTC,2023-05-14 07:58:05.000000 UTC,2,1498,2023-04-24 18:46:07.000000 UTC,
73adcc9b-a1ca-4ae0-b34d-048e8f447051,weekly.4.99.3d.trial,3,2023-03-23 17:21:18.000000 UTC,2023-03-23 17:21:18.000000 UTC,2023-03-23 17:21:18.000000 UTC,1,499,2023-03-25 20:20:10.000000 UTC,
73b58fcc-bb37-41e6-8d03-ba9d26bca91b,weekly.4.99.3d.trial,3,2023-04-17 08:12:12.000000 UTC,2023-04-17 08:12:12.000000 UTC,2023-04-17 08:12:12.000000 UTC,1,499,,
73cb7978-dd53-4f70-b224-a78060a1205e,monthly.7.49,30,,2023-03-17 13:15:29.000000 UTC,2023-05-29 13:15:16.000000 UTC,8,5992,2023-05-06 15:49:36.000000 UTC,
73eb02ce-69b0-4033-be7d-550f8f45723a,monthly.9.99.3d.trial,3,2023-03-30 04:41:09.000000 UTC,2023-03-30 04:41:09.000000 UTC,2023-11-08 18:02:19.000000 UTC,27,690507,,2023-07-30 18:02:34.000000 UTC
73f8de49-b0ab-44c2-ab6c-34b0dae5b3fb,weekly.4.99.3d.trial,3,2023-03-11 14:55:32.000000 UTC,2023-03-11 14:55:32.000000 UTC,2023-03-11 14:55:32.000000 UTC,1,499,2023-03-14 00:41:58.000000 UTC,
745329c6-ef17-493a-816f-024735defd69,weekly.2.49,7,,2023-06-23 16:56:50.000000 UTC,2023-08-12 19:39:11.000000 UTC,3,747,,
74655054-13d1-45f2-9154-81ce817698eb,monthly.9.99.3d.trial,3,2023-03-06 21:29:31.000000 UTC,2023-03-06 21:29:31.000000 UTC,2023-03-06 21:29:31.000000 UTC,1,999,2023-03-11 02:27:40.000000 UTC,
7473a86b-5d59-46fe-8c5a-7b72ab59c05a,weekly.2.49,7,,2023-05-28 16:41:08.000000 UTC,2023-05-28 16:41:08.000000 UTC,1,249,2023-06-10 21:38:03.000000 UTC,
747deed5-6c73-4003-9bd8-290724cca066,monthly.7.49,30,,2023-04-03 18:14:18.000000 UTC,2023-05-06 00:14:34.000000 UTC,4,2996,2023-04-04 22:59:22.000000 UTC,
748e8396-c43a-4258-b14d-302b574cd3ad,weekly.2.49,7,,2023-05-15 17:34:30.000000 UTC,2023-05-23 17:34:14.000000 UTC,2,498,2023-05-28 22:27:43.000000 UTC,
749c22c0-8eb5-4e23-9d73-0ee79bb36b72,weekly.2.49,7,,2023-03-07 16:22:37.000000 UTC,2023-03-07 16:22:37.000000 UTC,1,249,2023-03-08 19:31:20.000000 UTC,
74aadb76-6f85-40e5-80a5-ebfe447d44f9,monthly.7.49,30,,2023-07-30 07:09:19.000000 UTC,2023-07-30 07:09:19.000000 UTC,1,749,2023-07-30 18:20:49.000000 UTC,
74b3da98-58c2-4d7f-a42c-2370f6e3ff00,monthly.7.49,30,,2023-03-24 07:27:45.000000 UTC,2023-03-24 07:27:45.000000 UTC,1,749,2023-03-29 18:37:46.000000 UTC,
74c2f108-92f2-460a-b856-a204e3480966,weekly.4.99.3d.trial,3,2023-05-11 10:29:47.000000 UTC,2023-05-11 10:29:47.000000 UTC,2023-06-29 10:27:45.000000 UTC,8,3992,2023-07-01 08:50:10.000000 UTC,
74c68891-2965-4d6b-ab67-296ad3b77bd5,weekly.2.49,7,,2023-03-11 14:28:22.000000 UTC,2023-05-08 22:36:35.000000 UTC,3,747,2023-05-08 22:41:35.000000 UTC,
75061e72-d105-474d-9293-ea54195ab1e9,weekly.2.49,7,,2023-05-12 09:49:58.000000 UTC,2023-10-13 09:50:09.000000 UTC,23,5727,,
752e426c-2c82-410f-82c6-25b1de725f11,weekly.2.49,7,,2023-05-04 19:49:14.000000 UTC,2023-08-03 19:51:00.000000 UTC,14,3486,2023-08-08 04:30:24.000000 UTC,
753a9c47-10f2-4f57-a83c-970686200c1e,weekly.2.49,7,,2023-03-24 06:33:40.000000 UTC,2023-04-14 06:33:55.000000 UTC,4,996,2023-04-14 11:38:11.000000 UTC,
75485848-c488-41df-930c-4066f107f456,weekly.4.99.3d.trial,3,2023-05-16 15:32:32.000000 UTC,2023-05-16 15:32:32.000000 UTC,2023-05-16 15:32:32.000000 UTC,1,499,2023-05-16 15:33:57.000000 UTC,
754df7ae-b33a-4cc0-90bc-23807207daba,weekly.2.49,7,,2023-05-01 10:45:09.000000 UTC,2023-06-06 10:43:49.000000 UTC,6,1494,2023-06-06 13:26:18.000000 UTC,
75557bb6-57c2-4f96-b5dd-be919d1110fb,weekly.2.49,7,,2023-05-10 11:37:56.000000 UTC,2023-08-24 11:37:45.000000 UTC,16,30287,2023-08-23 17:12:50.000000 UTC,
75b7b72c-1793-4250-bf27-2a37fea31eea,monthly.9.99.3d.trial,3,2023-03-10 12:22:27.000000 UTC,2023-03-10 12:22:27.000000 UTC,2023-04-22 12:22:37.000000 UTC,4,3996,2023-04-01 06:43:53.000000 UTC,
75cad24f-dec1-4036-9a59-a245e575b6c4,weekly.2.49,7,,2023-04-09 10:23:45.000000 UTC,2023-04-23 10:23:37.000000 UTC,3,747,2023-04-23 20:46:47.000000 UTC,
75cdc76e-1312-4377-b236-3a9cffeecf94,weekly.2.49,7,,2023-04-02 11:09:33.000000 UTC,2023-04-02 11:09:33.000000 UTC,1,249,2023-04-09 00:34:25.000000 UTC,
75e5899a-b805-422a-99c7-a9bb7404dd88,monthly.9.99.3d.trial,3,2023-05-28 10:37:47.000000 UTC,2023-05-28 10:37:47.000000 UTC,2023-07-11 10:36:45.000000 UTC,4,746742,2023-06-17 20:30:27.000000 UTC,
75eddf48-8370-4a8f-aa6b-62f88b3d5421,weekly.4.99.3d.trial,3,2023-03-12 07:34:07.000000 UTC,2023-03-12 07:34:07.000000 UTC,2023-03-19 07:34:01.000000 UTC,2,998,,
76286c4a-9fbd-4de8-ab4e-fee4a0323264,weekly.2.49,7,,2023-04-03 06:28:43.000000 UTC,2023-04-03 06:28:43.000000 UTC,1,175641,2023-04-04 15:51:01.000000 UTC,
764f04f4-245f-468e-8eeb-6fce3f22f71b,weekly.2.49,7,,2023-04-16 06:36:59.000000 UTC,2023-04-30 06:37:54.000000 UTC,3,747,2023-04-30 14:32:53.000000 UTC,
765089a7-36e1-4400-965d-39634970be75,weekly.2.49,7,,2023-03-06 22:08:11.000000 UTC,2023-09-18 08:07:17.000000 UTC,28,6723,2023-09-20 01:58:50.000000 UTC,2023-05-15 21:08:01.000000 UTC
768db5c2-791e-4d93-b0db-f1241f7d7078,weekly.2.49,7,,2023-04-22 06:10:08.000000 UTC,2023-10-15 11:02:54.000000 UTC,19,40186,,
76996b6a-696b-47bf-a9df-913bc0a08591,weekly.2.49,7,,2023-08-25 14:03:19.000000 UTC,2023-09-22 14:03:49.000000 UTC,5,1245,2023-09-24 11:16:25.000000 UTC,
76a5a264-8d70-4643-b8ee-3ff338717599,weekly.4.99.3d.trial,3,2023-03-21 00:51:40.000000 UTC,2023-03-21 00:51:40.000000 UTC,2023-03-21 00:51:40.000000 UTC,1,499,2023-03-21 17:06:29.000000 UTC,
76a5cd32-e4b8-4fb2-9c2d-b61b6e783074,weekly.2.49,7,,2023-04-05 17:50:08.000000 UTC,2023-04-19 17:51:25.000000 UTC,3,747,2023-04-19 20:27:36.000000 UTC,
76b5e7ae-c190-413a-aee1-8ccc9554dc1d,monthly.9.99.3d.trial,3,2023-03-11 11:16:43.000000 UTC,2023-03-11 11:16:43.000000 UTC,2023-04-10 17:21:25.000000 UTC,4,3996,2023-03-10 12:02:22.000000 UTC,
76bdba72-6d19-4d6c-9383-1751261b2d54,weekly.2.49,7,,2023-05-22 15:07:17.000000 UTC,2023-06-26 15:07:37.000000 UTC,6,1494,,
76e27ce4-4e3e-476c-b2ac-ba85c0cbfeac,weekly.4.99.3d.trial,3,2023-04-30 13:03:03.000000 UTC,2023-04-30 13:03:03.000000 UTC,2023-04-30 13:03:03.000000 UTC,1,499,,
76fa40f2-1d0a-48d8-82d0-9b33d9c4d1df,weekly.4.99.3d.trial,3,2023-04-19 04:59:16.000000 UTC,2023-04-19 04:59:16.000000 UTC,2023-06-01 14:22:10.000000 UTC,3,1497,2023-06-04 23:37:44.000000 UTC,
76fe301d-ef6b-4ded-8ef4-a243dbd59730,weekly.4.99.3d.trial,3,2023-05-18 07:18:46.000000 UTC,2023-05-18 07:18:46.000000 UTC,2023-10-15 17:52:21.000000 UTC,14,102935,,
77028337-d123-4f21-9ab0-4ded807b65cc,weekly.4.99.3d.trial,3,2023-05-21 15:59:51.000000 UTC,2023-05-21 15:59:51.000000 UTC,2023-05-21 15:59:51.000000 UTC,1,499,2023-05-21 16:09:57.000000 UTC,
772118db-b66e-4c9f-a48f-910b31380948,weekly.2.49,7,,2023-03-11 10:27:39.000000 UTC,2023-04-23 10:27:17.000000 UTC,7,212878,2023-04-28 15:55:25.000000 UTC,
7762dfaa-60c2-41b5-9a54-334b1c324a63,monthly.9.99.3d.trial,3,2023-05-16 07:35:36.000000 UTC,2023-05-16 07:35:36.000000 UTC,2023-06-16 07:34:06.000000 UTC,2,1998,2023-05-25 09:18:15.000000 UTC,
77a3829a-d7c1-4da5-a5cb-e30f32fa555e,monthly.9.99.3d.trial,3,2023-05-26 12:58:59.000000 UTC,2023-05-26 12:58:59.000000 UTC,2023-07-01 12:59:48.000000 UTC,3,2997,2023-06-10 12:28:42.000000 UTC,
77b006db-931d-4a6f-898e-096e6ae6cb8a,weekly.2.49,7,,2023-05-04 09:01:09.000000 UTC,2023-05-04 09:01:09.000000 UTC,1,249,2023-05-04 17:39:06.000000 UTC,
77b54588-75d2-4027-9a36-7d5a696fd947,weekly.2.49,7,,2023-03-14 08:19:41.000000 UTC,2023-03-14 08:19:41.000000 UTC,1,249,2023-03-15 15:29:44.000000 UTC,
77c756b8-16eb-48c0-8085-c46a600e2721,monthly.7.49,30,,2023-03-06 08:52:38.000000 UTC,2023-04-13 07:51:48.000000 UTC,3,1498,2023-03-22 00:59:26.000000 UTC,2023-03-13 07:52:49.000000 UTC
77cbb3cb-a1db-4089-9c2c-d3f9b574840d,weekly.2.49,7,,2023-04-28 05:59:25.000000 UTC,2023-05-06 05:56:24.000000 UTC,2,498,2023-05-11 02:31:30.000000 UTC,
77d50099-8958-415a-bb7f-b592d3a56331,weekly.2.49,7,,2023-05-15 15:36:02.000000 UTC,2023-06-12 15:38:12.000000 UTC,5,1245,2023-06-12 22:31:13.000000 UTC,
77daab89-a7fe-4b65-9d46-3bdcb9b3b767,weekly.2.49,7,,2023-05-05 17:04:17.000000 UTC,2023-05-05 17:04:17.000000 UTC,1,249,2023-05-07 14:23:28.000000 UTC,
78003194-d093-4a4d-a403-9f7584253d8a,weekly.4.99.3d.trial,3,2023-06-04 19:30:32.000000 UTC,2023-06-04 19:30:32.000000 UTC,2023-06-04 19:30:32.000000 UTC,1,499,2023-06-12 03:05:13.000000 UTC,
7833c597-14c6-468e-98af-3ace7aace17d,weekly.4.99.3d.trial,3,2023-03-08 11:49:35.000000 UTC,2023-03-08 11:49:35.000000 UTC,2023-06-28 11:49:48.000000 UTC,17,144262,2023-07-02 21:32:27.000000 UTC,
78723a9d-dd53-43ee-9d1c-5fde2a687b50,weekly.2.49,7,,2023-03-12 02:19:38.000000 UTC,2023-03-12 02:19:38.000000 UTC,1,249,2023-03-15 17:30:22.000000 UTC,
7897a007-f104-41d0-938d-a2594d9b9aee,weekly.2.49,7,,2023-04-12 03:18:40.000000 UTC,2023-04-20 09:18:44.000000 UTC,4,235802,2023-04-15 13:03:31.000000 UTC,
78a3d7a9-a5e1-4b72-b37e-aec5a38e09cb,weekly.2.49,7,,2023-04-22 12:34:01.000000 UTC,2023-04-30 12:33:26.000000 UTC,2,498,2023-05-04 04:57:46.000000 UTC,
78a6270d-ffde-44e0-b0e1-4005a9232e27,weekly.2.49,7,,2023-03-27 10:37:05.000000 UTC,2023-07-10 10:38:38.000000 UTC,16,3984,2023-07-15 12:59:03.000000 UTC,
78a6ea36-e450-4f46-b6b2-d7200f79750d,monthly.9.99.3d.trial,3,2023-05-07 17:24:34.000000 UTC,2023-05-07 17:24:34.000000 UTC,2023-07-22 07:51:19.000000 UTC,9,8991,2023-07-02 00:04:11.000000 UTC,
78b19acb-2d4c-4642-bc13-ac12d807f626,weekly.4.99.3d.trial,3,2023-04-27 23:12:57.000000 UTC,2023-04-27 23:12:57.000000 UTC,2023-08-09 23:14:47.000000 UTC,16,181877,,
791db99e-372c-44d6-897e-a7b83a0d397b,weekly.2.49,7,,2023-05-12 10:25:38.000000 UTC,2023-05-12 10:25:38.000000 UTC,1,249,2023-05-15 23:44:03.000000 UTC,
7921bb15-a4a5-4335-bd3a-74e194653d65,weekly.2.49,7,,2023-06-02 06:45:11.000000 UTC,2023-07-07 06:41:37.000000 UTC,6,1494,2023-07-08 20:33:40.000000 UTC,
794ed20e-adb3-4318-af52-5c67c0655840,monthly.9.99.3d.trial,3,2023-03-07 13:58:49.000000 UTC,2023-03-07 13:58:49.000000 UTC,2023-04-13 12:58:22.000000 UTC,3,2997,2023-03-22 05:05:11.000000 UTC,
79513daa-fa35-46f4-9d9a-69e547414ad8,weekly.4.99.3d.trial,3,2023-03-18 08:04:29.000000 UTC,2023-03-18 08:04:29.000000 UTC,2023-04-14 08:05:10.000000 UTC,5,1996,2023-04-17 14:57:55.000000 UTC,2023-03-31 08:03:10.000000 UTC
79c48ada-e5aa-4128-875d-71dc2b17394b,weekly.4.99.3d.trial,3,2023-03-06 05:33:40.000000 UTC,2023-03-06 05:33:40.000000 UTC,2023-03-19 04:33:39.000000 UTC,3,1497,2023-03-24 12:01:12.000000 UTC,
7a02260b-11c7-4925-b7ad-65c1a926e9d5,weekly.2.49,7,,2023-04-03 18:20:37.000000 UTC,2023-04-03 18:20:37.000000 UTC,1,249,2023-04-04 23:32:27.000000 UTC,
7a050aab-7fb1-4316-adc4-527fa3a1245d,weekly.4.99.3d.trial,3,2023-03-11 00:28:44.000000 UTC,2023-03-11 00:28:44.000000 UTC,2023-03-22 16:28:55.000000 UTC,4,1996,,
7a1d5ba7-98d0-44ae-9ea2-1cd308d78557,weekly.4.99.3d.trial,3,2023-03-05 09:25:36.000000 UTC,2023-03-05 09:25:36.000000 UTC,2023-10-03 16:01:57.000000 UTC,27,630334,,
7a1ff244-7388-4304-b722-4cf441240c28,weekly.4.99.3d.trial,3,2023-05-07 22:31:33.000000 UTC,2023-05-07 22:31:33.000000 UTC,2023-05-07 22:31:33.000000 UTC,1,499,2023-05-07 22:53:54.000000 UTC,
7a203b76-a774-4c0b-aee8-5327e2b6e917,weekly.2.49,7,,2023-03-25 08:54:50.000000 UTC,2023-04-22 08:56:01.000000 UTC,5,1245,2023-04-22 14:00:32.000000 UTC,
7a3f5bfc-46af-4ac4-b276-6f6334326182,weekly.2.49,7,,2023-03-24 14:41:33.000000 UTC,2023-03-24 14:41:33.000000 UTC,1,249,2023-03-25 21:56:03.000000 UTC,
7a3f6ae6-9605-46c0-a819-92f63857ebbd,monthly.7.49,30,,2023-04-25 05:12:17.000000 UTC,2023-08-11 05:10:59.000000 UTC,13,8988,2023-07-21 01:45:41.000000 UTC,2023-05-09 05:11:05.000000 UTC
7a4002aa-8a2d-4069-ad32-d09ff4c4cd53,monthly.9.99.3d.trial,3,2023-03-18 11:30:13.000000 UTC,2023-03-18 11:30:13.000000 UTC,2023-06-12 11:28:55.000000 UTC,10,9990,2023-05-22 01:31:21.000000 UTC,
7a611cc2-aff3-4204-9627-e5067fd5a148,monthly.9.99.3d.trial,3,2023-04-07 13:33:15.000000 UTC,2023-04-07 13:33:15.000000 UTC,2023-05-27 13:33:17.000000 UTC,5,4995,2023-05-09 17:48:21.000000 UTC,
7ab2f2c7-8d26-4a50-9377-84d6b247de19,monthly.9.99.3d.trial,3,2023-03-14 05:30:23.000000 UTC,2023-03-14 05:30:23.000000 UTC,2023-03-14 05:30:23.000000 UTC,1,999,2023-03-14 23:28:16.000000 UTC,
7ab4ae75-d9a1-4cb9-8f15-57699bf75001,weekly.2.49,7,,2023-03-26 09:47:43.000000 UTC,2023-10-09 09:44:21.000000 UTC,30,48047,2023-10-10 18:13:41.000000 UTC,
7b0e2071-b4ce-4ebb-a3a3-b80d8cb63569,weekly.4.99.3d.trial,3,2023-06-05 12:09:39.000000 UTC,2023-06-05 12:09:39.000000 UTC,2023-08-14 12:10:19.000000 UTC,11,4990,2023-08-16 22:04:01.000000 UTC,2023-07-24 12:09:18.000000 UTC
7b3194da-d0b3-4ae3-827a-141a8ecb1209,monthly.9.99.3d.trial,3,2023-03-25 14:20:53.000000 UTC,2023-03-25 14:20:53.000000 UTC,2023-03-25 14:20:53.000000 UTC,1,0,2023-03-27 15:53:09.000000 UTC,2023-03-24 14:20:53.000000 UTC
7b54138b-1c0a-4d77-98bb-cf8935134a11,weekly.2.49,7,,2023-05-06 07:31:36.000000 UTC,2023-05-27 07:29:26.000000 UTC,4,244869,,
7b5af49e-b9b6-4195-b83b-fb63f2f7af52,weekly.4.99.3d.trial,3,2023-04-01 10:41:15.000000 UTC,2023-04-01 10:41:15.000000 UTC,2023-04-01 10:41:15.000000 UTC,1,499,2023-04-03 11:30:39.000000 UTC,
7b626681-ae4f-4cca-8da3-8f90febfb9d5,weekly.4.99.3d.trial,3,2023-03-10 14:58:54.000000 UTC,2023-03-10 14:58:54.000000 UTC,2023-03-10 14:58:54.000000 UTC,1,499,2023-03-14 02:17:58.000000 UTC,
7b8e374b-8f07-4db9-a624-9c1dac5789b7,weekly.2.49,7,,2023-03-21 05:50:15.000000 UTC,2023-03-29 05:49:31.000000 UTC,2,498,2023-04-02 20:30:10.000000 UTC,
7bf63293-ea85-4049-a744-d72cc9f0d4fc,monthly.7.49,30,,2023-03-14 13:47:59.000000 UTC,2023-03-14 13:47:59.000000 UTC,1,749,2023-03-15 14:20:10.000000 UTC,
7c06c22f-8c45-4dfc-b478-56954ecb48cf,weekly.4.99.3d.trial,3,2023-05-13 09:36:22.000000 UTC,2023-05-13 09:36:22.000000 UTC,2023-10-14 13:32:39.000000 UTC,22,10479,,2023-07-14 09:35:21.000000 UTC
7c2ca866-b216-464e-bf35-5e739b8b9aec,weekly.4.99.3d.trial,3,2023-04-30 03:38:33.000000 UTC,2023-04-30 03:38:33.000000 UTC,2023-09-16 03:39:37.000000 UTC,21,366206,2023-09-21 20:40:46.000000 UTC,
7c3f15a1-2e7e-47f0-b986-fcd90037f4ea,monthly.9.99.3d.trial,3,2023-04-23 23:07:58.000000 UTC,2023-04-23 23:07:58.000000 UTC,2023-07-29 11:42:44.000000 UTC,8,6993,2023-07-08 04:17:58.000000 UTC,2023-06-08 20:34:59.000000 UTC
7c7349ea-e79d-48be-8984-b8205cad1d9c,weekly.4.99.3d.trial,3,2023-03-31 21:49:12.000000 UTC,2023-03-31 21:49:12.000000 UTC,2023-10-12 20:05:28.000000 UTC,24,11477,,2023-05-14 21:39:47.000000 UTC
7c74ed9a-79d8-4563-b67c-56fbbba613d7,weekly.4.99.3d.trial,3,2023-08-06 12:21:32.000000 UTC,2023-08-06 12:21:32.000000 UTC,2023-10-14 12:22:00.000000 UTC,11,5489,,
7c7b5e70-69b2-4db6-a141-97d82aa1033d,monthly.9.99.3d.trial,3,2023-05-04 18:22:40.000000 UTC,2023-05-04 18:22:40.000000 UTC,2023-05-04 18:22:40.000000 UTC,1,999,2023-05-07 19:00:09.000000 UTC,
7cacdc5a-a319-4813-95b8-8bf703243f47,weekly.2.49,7,,2023-05-14 05:22:38.000000 UTC,2023-07-17 05:20:11.000000 UTC,9,2241,2023-07-19 17:46:49.000000 UTC,
7ccf9e36-3b1c-4b6b-8951-90d692740bbf,monthly.9.99.3d.trial,3,2023-03-08 11:56:36.000000 UTC,2023-03-08 11:56:36.000000 UTC,2023-03-08 11:56:36.000000 UTC,1,999,2023-03-11 23:29:21.000000 UTC,
7ce06472-46ab-4cbd-9341-7067bc15581c,weekly.2.49,7,,2023-05-26 23:50:50.000000 UTC,2023-05-26 23:50:50.000000 UTC,1,0,,2023-05-26 23:50:50.000000 UTC
7d01a0a8-5a78-4f61-98ca-c617ec3869dd,weekly.2.49,7,,2023-05-14 05:48:07.000000 UTC,2023-05-14 05:48:07.000000 UTC,1,249,2023-05-14 11:16:22.000000 UTC,
7d13957a-d0cd-4c46-b3ba-355d4b94d358,weekly.2.49,7,,2023-04-29 09:42:05.000000 UTC,2023-10-15 09:41:47.000000 UTC,25,470343,,
7d35aba5-732a-4289-b542-025442eca821,weekly.4.99.3d.trial,3,2023-03-09 09:23:42.000000 UTC,2023-03-09 09:23:42.000000 UTC,2023-03-09 09:23:42.000000 UTC,1,499,2023-03-09 00:03:38.000000 UTC,
7d3b68ee-f590-43f7-ab86-fe14d2ab220a,weekly.2.49,7,,2023-07-09 23:25:24.000000 UTC,2023-07-09 23:25:24.000000 UTC,1,249,2023-07-10 00:15:14.000000 UTC,
7d4ceb9f-3433-4a8f-b7aa-65e94bb1092e,weekly.2.49,7,,2023-03-23 22:50:59.000000 UTC,2023-03-31 14:50:55.000000 UTC,2,498,2023-04-03 18:03:33.000000 UTC,
7d651a9c-5001-474c-8f12-cd79467f6ad4,weekly.2.49,7,,2023-06-06 11:37:30.000000 UTC,2023-10-18 11:37:17.000000 UTC,20,6096,,
7dd0933b-5b99-4ad0-afdb-fc75448f33d9,weekly.2.49,7,,2023-08-14 15:21:15.000000 UTC,2023-09-12 15:21:06.000000 UTC,5,1245,2023-09-14 15:46:28.000000 UTC,
7df96e86-d0a3-4ab7-9067-ce8386e44e93,monthly.7.49,30,,2023-06-10 18:16:01.000000 UTC,2023-07-10 23:05:38.000000 UTC,2,1498,2023-06-18 00:08:56.000000 UTC,
7e120450-7ab9-4f3b-9faa-b803fa13e222,weekly.4.99.3d.trial,3,2023-03-17 07:38:41.000000 UTC,2023-03-17 07:38:41.000000 UTC,2023-03-17 07:38:41.000000 UTC,1,499,2023-03-19 13:53:42.000000 UTC,
7e13d2be-e691-43ee-a1b4-c60b596aeb1d,weekly.4.99.3d.trial,3,2023-03-05 22:04:21.000000 UTC,2023-03-05 22:04:21.000000 UTC,2023-07-08 21:04:28.000000 UTC,19,9481,2023-07-09 11:35:54.000000 UTC,
7e31680d-e39f-4416-ba95-1f1849cce770,weekly.2.49,7,,2023-05-05 07:08:02.000000 UTC,2023-09-30 07:07:40.000000 UTC,22,215942,,2023-08-25 07:07:27.000000 UTC
7e3bd003-5fe7-417d-a33f-60f7749a8a97,monthly.7.49,30,,2023-03-09 10:10:25.000000 UTC,2023-03-09 10:10:25.000000 UTC,1,749,2023-03-15 11:46:57.000000 UTC,
7e8d134e-6db7-444b-b3e2-971f5774c203,weekly.2.49,7,,2023-04-14 15:43:33.000000 UTC,2023-10-13 15:43:23.000000 UTC,27,6723,,
7eb111f5-0b0f-4484-9e95-fda6077fb43f,weekly.4.99.3d.trial,3,2023-05-15 06:05:19.000000 UTC,2023-05-15 06:05:19.000000 UTC,2023-05-15 06:05:19.000000 UTC,1,499,2023-05-15 04:20:17.000000 UTC,
7ec7dd37-66e1-4c9d-b5ea-0381fe34449b,weekly.4.99.3d.trial,3,2023-05-17 12:07:32.000000 UTC,2023-05-17 12:07:32.000000 UTC,2023-05-17 12:07:32.000000 UTC,1,499,2023-05-16 14:27:03.000000 UTC,
7ec85d39-007c-4f64-bfb3-830793c6521e,weekly.4.99.3d.trial,3,2023-05-13 11:28:23.000000 UTC,2023-05-13 11:28:23.000000 UTC,2023-05-27 11:27:32.000000 UTC,4,1996,2023-05-31 02:19:45.000000 UTC,
7f1e0336-d032-47a6-a21c-3f460920883b,weekly.4.99.3d.trial,3,2023-04-24 21:09:10.000000 UTC,2023-04-24 21:09:10.000000 UTC,2023-05-02 03:09:53.000000 UTC,2,998,,
7f2166ac-31a8-4131-b139-515d7bead13c,weekly.2.49,7,,2023-04-28 03:30:46.000000 UTC,2023-04-28 03:30:46.000000 UTC,1,249,2023-05-04 03:30:29.000000 UTC,
7f430963-9459-41b2-be10-b6030fe77d18,weekly.4.99.3d.trial,3,2023-03-08 19:46:56.000000 UTC,2023-03-08 19:46:56.000000 UTC,2023-04-18 19:47:25.000000 UTC,7,113278,2023-04-19 16:26:57.000000 UTC,
7f5855a1-ed39-4517-9cc5-c6253e7786a1,monthly.7.49,30,,2023-04-27 17:22:42.000000 UTC,2023-10-21 17:24:13.000000 UTC,23,532611,,
7f590d38-9377-4e37-bcf9-b430be40f8b0,weekly.4.99.3d.trial,3,2023-03-21 10:20:20.000000 UTC,2023-03-21 10:20:20.000000 UTC,2023-04-24 10:21:29.000000 UTC,6,248940,2023-04-27 12:58:06.000000 UTC,
7f5f493d-1529-4681-ac01-137c5ee6e60d,weekly.4.99.3d.trial,3,2023-05-03 05:39:47.000000 UTC,2023-05-03 05:39:47.000000 UTC,2023-05-09 05:40:03.000000 UTC,2,998,2023-05-11 00:30:48.000000 UTC,
7f6024ef-ec42-4e04-859c-dad9e9868c0a,weekly.2.49,7,,2023-08-31 15:37:07.000000 UTC,2023-10-13 15:37:04.000000 UTC,7,1494,,2023-10-12 15:37:04.000000 UTC
7f6a440d-7d69-48cc-b464-b599a6b81cc5,weekly.4.99.3d.trial,3,2023-04-15 10:39:36.000000 UTC,2023-04-15 10:39:36.000000 UTC,2023-04-22 16:38:54.000000 UTC,2,998,2023-04-27 09:36:31.000000 UTC,
7f6c96a2-73a6-48b2-9705-a3ac444a2fd3,weekly.4.99.3d.trial,3,2023-03-18 07:30:36.000000 UTC,2023-03-18 07:30:36.000000 UTC,2023-07-08 07:31:19.000000 UTC,17,7984,2023-07-07 16:41:51.000000 UTC,2023-06-16 07:28:23.000000 UTC
7f6ec72b-5784-4a9a-b149-64c9050e4869,weekly.2.49,7,,2023-03-29 10:09:09.000000 UTC,2023-05-17 10:12:39.000000 UTC,8,1992,2023-05-19 12:45:41.000000 UTC,
7f768d89-5afb-412a-8e39-f81b6c6549c6,weekly.2.49,7,,2023-06-01 23:53:33.000000 UTC,2023-07-14 23:54:07.000000 UTC,7,1743,,
7f7b0a73-3892-4aea-9749-864c1a662a65,weekly.2.49,7,,2023-03-22 18:29:15.000000 UTC,2023-08-16 19:15:06.000000 UTC,22,237687,,
7f892150-dbb3-409a-8eb4-1a20b126092f,weekly.4.99.3d.trial,3,2023-04-01 17:57:15.000000 UTC,2023-04-01 17:57:15.000000 UTC,2023-06-23 02:25:49.000000 UTC,2,499,2023-06-23 13:57:05.000000 UTC,2023-06-23 02:25:49.000000 UTC
7f8cf370-5f19-4115-9e84-f0d5b1f6a506,weekly.4.99.3d.trial,3,2023-04-25 08:46:56.000000 UTC,2023-04-25 08:46:56.000000 UTC,2023-04-25 08:46:56.000000 UTC,1,499,2023-04-23 11:20:01.000000 UTC,
7f9eea47-3d4c-466f-a9d0-4367993c9133,weekly.2.49,7,,2023-03-30 10:31:35.000000 UTC,2023-09-12 19:02:47.000000 UTC,12,119961,2023-09-06 13:13:00.000000 UTC,
7fa6e84a-f565-4875-baf1-15284a6c15c2,monthly.7.49,30,,2023-05-05 16:59:41.000000 UTC,2023-05-05 16:59:41.000000 UTC,1,749,2023-05-10 19:09:56.000000 UTC,
7fc3cb08-7a71-4f02-8d8e-346e04fb484b,weekly.2.49,7,,2023-03-30 17:06:27.000000 UTC,2023-03-30 17:06:27.000000 UTC,1,249,2023-03-31 06:19:37.000000 UTC,
7fd1d3b5-6bfd-48c6-b0d2-88eec72f8a6d,weekly.2.49,7,,2023-05-25 12:46:26.000000 UTC,2023-06-22 12:48:35.000000 UTC,5,1245,2023-06-26 21:51:34.000000 UTC,
7fe1e16d-f000-4fef-9a4a-bd438d0c8b95,weekly.2.49,7,,2023-03-27 12:55:02.000000 UTC,2023-10-11 03:20:37.000000 UTC,26,7684,,2023-09-20 03:21:12.000000 UTC
8053d352-ae05-46d9-9ace-955d4b958451,weekly.2.49,7,,2023-03-26 11:11:03.000000 UTC,2023-03-26 11:11:03.000000 UTC,1,249,2023-03-30 03:19:05.000000 UTC,
8057a328-0374-4f9c-94d5-89ff761ff9da,weekly.4.99.3d.trial,3,2023-03-30 06:57:51.000000 UTC,2023-03-30 06:57:51.000000 UTC,2023-03-30 06:57:51.000000 UTC,1,499,2023-03-29 11:33:46.000000 UTC,
805c0d9a-072c-4eb7-bda3-9c1f6e01e626,weekly.2.49,7,,2023-03-04 01:16:35.000000 UTC,2023-03-04 01:16:35.000000 UTC,1,249,2023-03-04 06:13:12.000000 UTC,
80872c26-2b28-42b3-9d9d-2c23aa6fef6c,weekly.2.49,7,,2023-04-24 11:20:35.000000 UTC,2023-04-24 11:20:35.000000 UTC,1,249,2023-04-24 22:42:39.000000 UTC,
808ea064-d093-4b46-92de-ab0765d53cd5,monthly.9.99.3d.trial,3,2023-05-26 05:42:51.000000 UTC,2023-05-26 05:42:51.000000 UTC,2023-05-26 05:42:51.000000 UTC,1,999,2023-05-27 14:33:17.000000 UTC,
80954a7a-f76b-4215-b578-a8225710080c,monthly.9.99.3d.trial,3,2023-05-27 15:18:20.000000 UTC,2023-05-27 15:18:20.000000 UTC,2023-05-27 15:18:20.000000 UTC,1,999,,
809925fb-da9a-49c1-91cd-e6f6d73becf4,weekly.4.99.3d.trial,3,2023-05-16 14:46:01.000000 UTC,2023-05-16 14:46:01.000000 UTC,2023-05-24 14:45:28.000000 UTC,2,11521,2023-05-26 00:30:11.000000 UTC,
80b8de13-f8d2-4f7e-ad30-fa0ffa2f6b38,weekly.4.99.3d.trial,3,2023-03-10 10:09:03.000000 UTC,2023-03-10 10:09:03.000000 UTC,2023-10-16 13:02:37.000000 UTC,21,9980,2023-03-27 22:58:40.000000 UTC,2023-08-13 13:04:26.000000 UTC
80d1af64-ef7d-4725-87c6-5555d551da49,weekly.2.49,7,,2023-04-19 06:27:33.000000 UTC,2023-08-23 18:11:20.000000 UTC,18,144699,2023-08-24 19:44:33.000000 UTC,2023-07-27 02:07:23.000000 UTC
80ddcbc8-436a-46f4-8ca3-6b64510a7c38,monthly.7.49,30,,2023-03-09 14:12:06.000000 UTC,2023-11-04 14:12:38.000000 UTC,32,23968,,
8105752d-170f-4530-a559-7003dee21c92,monthly.9.99.3d.trial,3,2023-04-09 11:30:02.000000 UTC,2023-04-09 11:30:02.000000 UTC,2023-04-09 11:30:02.000000 UTC,1,999,2023-04-08 11:43:59.000000 UTC,
812d1dc0-8918-453f-b573-5fa88b0caf53,monthly.9.99.3d.trial,3,2023-04-29 02:37:58.000000 UTC,2023-04-29 02:37:58.000000 UTC,2023-04-29 02:37:58.000000 UTC,1,999,2023-04-29 02:42:14.000000 UTC,
8138b9ad-de65-4ff6-bf40-a7c46a0460a2,weekly.4.99.3d.trial,3,2023-03-15 19:50:52.000000 UTC,2023-03-15 19:50:52.000000 UTC,2023-03-15 19:50:52.000000 UTC,1,499,2023-03-18 23:22:18.000000 UTC,
81548605-c399-4eeb-97f0-fa56af8df4a8,monthly.9.99.3d.trial,3,2023-05-26 12:35:43.000000 UTC,2023-05-26 12:35:43.000000 UTC,2023-06-24 12:36:07.000000 UTC,2,1998,,
8155991f-0aa4-4b7a-8a6a-ec15c2da26f8,weekly.4.99.3d.trial,3,2023-03-26 06:19:13.000000 UTC,2023-03-26 06:19:13.000000 UTC,2023-09-01 16:44:51.000000 UTC,18,8982,2023-09-03 14:09:31.000000 UTC,
81762e6f-fa3c-4f55-9aa3-f68de738d6a9,weekly.2.49,7,,2023-03-15 07:07:40.000000 UTC,2023-03-15 07:07:40.000000 UTC,1,249,2023-03-16 11:27:37.000000 UTC,
81b364c2-dda1-41b7-b65e-93b682b3c115,monthly.9.99.3d.trial,3,2023-04-06 23:13:54.000000 UTC,2023-04-06 23:13:54.000000 UTC,2023-11-03 08:10:49.000000 UTC,25,517631,,
81c289d1-33b6-4ff4-9be6-ab15737ecf98,weekly.2.49,7,,2023-03-29 19:57:26.000000 UTC,2023-08-04 07:32:28.000000 UTC,7,1743,,
81f4b7da-79a2-4677-8963-b9011530e5b4,weekly.2.49,7,,2023-03-09 11:59:10.000000 UTC,2023-06-24 22:30:44.000000 UTC,19,11909,2023-06-26 00:22:45.000000 UTC,
821ad00e-2f16-49f3-94ed-71de385ab8b6,weekly.4.99.3d.trial,3,2023-05-08 16:50:01.000000 UTC,2023-05-08 16:50:01.000000 UTC,2023-06-13 03:39:41.000000 UTC,5,1996,,2023-05-07 16:50:01.000000 UTC
822f6caa-dbe0-4e07-afef-8339ffd94119,monthly.9.99.3d.trial,3,2023-03-26 12:01:45.000000 UTC,2023-03-26 12:01:45.000000 UTC,2023-03-26 12:01:45.000000 UTC,1,999,2023-03-26 01:50:31.000000 UTC,
8255d08a-f056-4283-9da4-a88b85a22a03,weekly.4.99.3d.trial,3,2023-06-06 10:41:12.000000 UTC,2023-06-06 10:41:12.000000 UTC,2023-07-04 15:48:20.000000 UTC,3,1497,,
8256ba89-6e57-4119-85a7-13aa868acfd1,weekly.2.49,7,,2023-05-07 10:41:48.000000 UTC,2023-05-14 10:43:29.000000 UTC,2,498,2023-05-14 17:20:06.000000 UTC,
826647e4-4493-4e35-8e17-49d4adab1b95,weekly.2.49,7,,2023-03-06 12:36:28.000000 UTC,2023-04-17 11:38:58.000000 UTC,7,1743,2023-04-19 00:17:42.000000 UTC,
8266c78d-a6a4-41db-91cb-0f2a69f61b65,monthly.9.99.3d.trial,3,2023-06-04 07:52:20.000000 UTC,2023-06-04 07:52:20.000000 UTC,2023-08-16 07:52:29.000000 UTC,8,7992,2023-07-29 00:51:51.000000 UTC,
828f5715-d984-46a8-af77-f6f6f06a8ef7,weekly.2.49,7,,2023-04-25 11:55:57.000000 UTC,2023-05-10 11:55:23.000000 UTC,3,747,2023-05-14 19:42:47.000000 UTC,
82b9b4f2-bbd1-4f54-8ee7-54b5dfb19a2e,monthly.9.99.3d.trial,3,2023-03-08 23:32:27.000000 UTC,2023-03-08 23:32:27.000000 UTC,2023-08-10 23:33:22.000000 UTC,20,19980,,
82e8e0b1-5bb2-40c2-8753-29d20aa5b3b4,weekly.2.49,7,,2023-03-28 01:43:58.000000 UTC,2023-03-28 01:43:58.000000 UTC,1,249,2023-03-28 05:32:46.000000 UTC,
82ff649b-a4c2-45d2-b0ca-694b4da17e89,monthly.7.49,30,,2023-03-07 17:06:20.000000 UTC,2023-04-14 17:06:19.000000 UTC,3,2247,2023-03-26 15:42:15.000000 UTC,
830965e4-c482-4fd2-96f9-07e621deb444,weekly.2.49,7,,2023-06-08 14:55:50.000000 UTC,2023-06-17 22:56:28.000000 UTC,2,498,,
831b5d12-6bb7-4af9-ba59-8b2fa3128fcd,monthly.9.99.3d.trial,3,2023-03-15 16:36:38.000000 UTC,2023-03-15 16:36:38.000000 UTC,2023-05-18 16:39:43.000000 UTC,7,6993,2023-04-28 17:45:41.000000 UTC,
83267d70-b379-4e96-8530-66023671d2cf,weekly.4.99.3d.trial,3,2023-03-15 06:36:04.000000 UTC,2023-03-15 06:36:04.000000 UTC,2023-10-18 06:36:07.000000 UTC,32,439478,,2023-04-11 06:36:39.000000 UTC
8340c8c2-88f1-4267-9ffe-3adcc9c26b01,monthly.9.99.3d.trial,3,2023-03-14 12:42:58.000000 UTC,2023-03-14 12:42:58.000000 UTC,2023-04-26 12:43:50.000000 UTC,4,2997,2023-04-07 16:35:57.000000 UTC,2023-03-20 12:43:18.000000 UTC
835e0564-aa84-41d7-8828-3a9a79b7df10,weekly.4.99.3d.trial,3,2023-06-16 13:47:50.000000 UTC,2023-06-16 13:47:50.000000 UTC,2023-06-16 13:47:50.000000 UTC,1,499,2023-06-16 22:38:32.000000 UTC,
83615d1e-4d62-4291-8f9c-30171e6b3c99,monthly.9.99.3d.trial,3,2023-03-05 09:43:47.000000 UTC,2023-03-05 09:43:47.000000 UTC,2023-11-05 13:41:19.000000 UTC,7,6993,2023-03-08 15:47:31.000000 UTC,
838baa31-9f39-4689-b9ff-87942c7f1f7d,weekly.4.99.3d.trial,3,2023-05-22 16:45:24.000000 UTC,2023-05-22 16:45:24.000000 UTC,2023-06-20 16:44:16.000000 UTC,5,2495,2023-06-24 03:08:22.000000 UTC,
83ac9ef9-aabf-4a50-a2bd-1929b2ec7062,monthly.7.49,30,,2023-05-17 21:01:14.000000 UTC,2023-07-12 21:01:21.000000 UTC,5,677890,2023-06-15 07:38:31.000000 UTC,
83c3328c-8996-49cd-8399-69aee2b7a25e,weekly.2.49,7,,2023-04-26 12:48:12.000000 UTC,2023-06-22 12:48:50.000000 UTC,9,28629,2023-06-26 14:50:26.000000 UTC,2023-05-24 12:48:28.000000 UTC
83d12a4a-621c-4127-8252-ee3ba6f22b46,monthly.9.99.3d.trial,3,2023-05-11 16:32:09.000000 UTC,2023-05-11 16:32:09.000000 UTC,2023-07-29 16:29:48.000000 UTC,9,8991,2023-07-08 17:05:07.000000 UTC,
83db223c-703f-4daf-93d1-4ee630af5ce1,weekly.2.49,7,,2023-06-05 18:08:17.000000 UTC,2023-06-05 18:08:17.000000 UTC,1,249,2023-06-09 16:26:50.000000 UTC,
84170f7b-3758-425e-8102-6769477880ec,monthly.7.49,30,,2023-05-30 00:48:10.000000 UTC,2023-05-30 00:48:10.000000 UTC,1,749,2023-05-31 19:19:23.000000 UTC,
842bf5c7-8dbf-4c20-9608-29acc9e19a30,monthly.9.99.3d.trial,3,2023-06-07 18:18:31.000000 UTC,2023-06-07 18:18:31.000000 UTC,2023-07-21 18:18:47.000000 UTC,4,3996,2023-07-02 14:39:34.000000 UTC,
84411bfa-b74d-448b-aeeb-ec4988481bfa,weekly.4.99.3d.trial,3,2023-03-24 23:41:26.000000 UTC,2023-03-24 23:41:26.000000 UTC,2023-03-24 23:41:26.000000 UTC,1,499,2023-03-30 15:43:08.000000 UTC,
844dc5be-4a0c-4d30-be6c-56becdab7444,weekly.2.49,7,,2023-04-04 05:48:09.000000 UTC,2023-04-04 05:48:09.000000 UTC,1,249,2023-04-04 16:52:32.000000 UTC,
847e8bff-e0cb-483d-9705-2b04e45f6c18,weekly.4.99.3d.trial,3,2023-03-18 22:46:37.000000 UTC,2023-03-18 22:46:37.000000 UTC,2023-04-07 22:47:32.000000 UTC,4,1996,2023-04-08 09:59:46.000000 UTC,
84813dde-fd95-4970-ae53-ddc5183b2ad7,weekly.4.99.3d.trial,3,2023-05-28 09:34:55.000000 UTC,2023-05-28 09:34:55.000000 UTC,2023-05-28 09:34:55.000000 UTC,1,499,2023-05-27 10:20:22.000000 UTC,
84a1b9de-fa99-4a5c-ade5-99bed4e7b7c6,monthly.9.99.3d.trial,3,2023-03-25 08:43:52.000000 UTC,2023-03-25 08:43:52.000000 UTC,2023-03-25 08:43:52.000000 UTC,1,999,2023-03-26 00:27:11.000000 UTC,
84c50470-a796-463d-86a6-2ab00cd04765,weekly.4.99.3d.trial,3,2023-03-25 10:26:28.000000 UTC,2023-03-25 10:26:28.000000 UTC,2023-03-25 10:26:28.000000 UTC,1,499,2023-03-30 02:21:16.000000 UTC,
84cae942-093e-4928-ace9-850597754bae,monthly.9.99.3d.trial,3,2023-03-08 13:41:27.000000 UTC,2023-03-08 13:41:27.000000 UTC,2023-03-08 13:41:27.000000 UTC,1,999,2023-03-09 17:51:17.000000 UTC,
84dae047-022d-499d-a3b8-cded2bc0378c,weekly.4.99.3d.trial,3,2023-05-10 03:59:12.000000 UTC,2023-05-10 03:59:12.000000 UTC,2023-07-07 15:50:59.000000 UTC,8,3992,2023-07-07 21:03:41.000000 UTC,
84e40a18-5e2e-4ea4-a91a-fde8e3f2543c,weekly.2.49,7,,2023-09-18 16:22:46.000000 UTC,2023-10-12 01:16:25.000000 UTC,4,996,,
84e470b7-7c01-4c59-967b-543e2ea35bdc,weekly.4.99.3d.trial,3,2023-05-07 11:43:02.000000 UTC,2023-05-07 11:43:02.000000 UTC,2023-05-21 11:41:03.000000 UTC,3,1497,2023-05-23 14:51:33.000000 UTC,
84f03374-a8a1-40ad-904b-015916e6af86,weekly.4.99.3d.trial,3,2023-03-08 05:01:36.000000 UTC,2023-03-08 05:01:36.000000 UTC,2023-03-21 00:36:47.000000 UTC,2,998,2023-03-21 00:37:57.000000 UTC,
8504b5f2-5e9d-440b-b88a-a6efc2a6e21a,weekly.2.49,7,,2023-03-03 23:42:00.000000 UTC,2023-03-03 23:42:00.000000 UTC,1,249,,
8510e2a3-fbc7-4cd3-8f70-70977ec7e482,weekly.2.49,7,,2023-03-25 04:01:23.000000 UTC,2023-04-30 04:00:41.000000 UTC,6,1494,2023-05-01 06:51:02.000000 UTC,
851f9248-f342-4817-8791-1ed6c667ac70,weekly.2.49,7,,2023-03-14 10:30:15.000000 UTC,2023-03-21 10:32:49.000000 UTC,2,498,2023-03-22 13:09:49.000000 UTC,
8522a00d-bdd6-4f68-aeaf-5f98e4dd680c,weekly.4.99.3d.trial,3,2023-06-29 20:55:54.000000 UTC,2023-06-29 20:55:54.000000 UTC,2023-07-27 05:28:27.000000 UTC,2,998,2023-07-28 05:25:57.000000 UTC,
853a7646-d0df-40be-8984-d55e52c7b27a,weekly.4.99.3d.trial,3,2023-05-26 12:51:22.000000 UTC,2023-05-26 12:51:22.000000 UTC,2023-06-16 12:49:36.000000 UTC,4,1996,2023-06-17 15:14:57.000000 UTC,
853bfd60-3ad6-4672-9199-449dbcd5ea8d,monthly.7.49,30,,2023-05-15 06:26:24.000000 UTC,2023-05-15 06:26:24.000000 UTC,1,749,2023-05-19 18:10:38.000000 UTC,
8581af04-f9de-4923-bb5d-598736e3108c,monthly.7.49,30,,2023-05-20 13:04:34.000000 UTC,2023-07-04 13:03:49.000000 UTC,4,2996,2023-06-11 13:44:27.000000 UTC,
85bc1877-ad82-4d68-ad5f-3faa7ef3d68f,weekly.4.99.3d.trial,3,2023-05-20 14:48:25.000000 UTC,2023-05-20 14:48:25.000000 UTC,2023-05-20 14:48:25.000000 UTC,1,499,2023-05-20 00:10:19.000000 UTC,
85d79a55-55c6-42a4-8113-7bf6d88edb80,weekly.2.49,7,,2023-03-11 10:39:35.000000 UTC,2023-03-11 10:39:35.000000 UTC,1,249,2023-03-11 15:51:26.000000 UTC,
85e1395b-e368-4a9d-ac03-484323404e1f,weekly.2.49,7,,2023-03-08 15:16:37.000000 UTC,2023-03-08 15:16:37.000000 UTC,1,249,2023-03-10 02:44:57.000000 UTC,
85f18bfc-d0ea-46c3-9116-76ef5d4c01f5,weekly.2.49,7,,2023-03-25 10:45:56.000000 UTC,2023-03-25 10:45:56.000000 UTC,1,249,2023-03-29 01:59:30.000000 UTC,
85fb2cfb-d961-4664-b959-8f055c8405b8,weekly.2.49,7,,2023-04-26 15:09:59.000000 UTC,2023-04-26 15:09:59.000000 UTC,1,249,2023-04-27 10:22:52.000000 UTC,
85fd9062-3ed5-4f8a-8a45-f179fd139c2f,weekly.2.49,7,,2023-05-05 22:23:10.000000 UTC,2023-09-09 05:06:48.000000 UTC,10,2490,2023-09-14 20:49:24.000000 UTC,
86219e0a-ce38-47cc-94cd-59c7935a087d,weekly.4.99.3d.trial,3,2023-05-11 20:23:55.000000 UTC,2023-05-11 20:23:55.000000 UTC,2023-05-19 08:05:39.000000 UTC,2,998,,
86bb6d86-24a4-4781-973b-cf98d641fe13,weekly.2.49,7,,2023-04-27 17:31:43.000000 UTC,2023-10-12 17:36:50.000000 UTC,25,83169,,
86cd3801-0879-4ed4-9a6a-6e7cbb0fc5ce,weekly.4.99.3d.trial,3,2023-03-14 11:40:50.000000 UTC,2023-03-14 11:40:50.000000 UTC,2023-04-10 11:42:00.000000 UTC,5,2495,2023-04-15 04:48:30.000000 UTC,
86d5eedc-5844-49d2-b85b-d16af744310a,monthly.7.49,30,,2023-05-12 12:17:23.000000 UTC,2023-10-22 12:19:17.000000 UTC,21,58638,,
86da5fb3-5bd4-4c7e-8e88-0f66e40f1f83,weekly.2.49,7,,2023-05-05 11:34:14.000000 UTC,2023-05-05 11:34:14.000000 UTC,1,249,2023-05-05 21:38:21.000000 UTC,
86f2b285-471a-479c-a134-e7a0e1af1e7c,weekly.2.49,7,,2023-04-15 14:45:50.000000 UTC,2023-04-22 14:49:05.000000 UTC,2,498,2023-04-27 14:29:15.000000 UTC,
8701c2a9-72d8-44a5-bcb5-0962c840957e,weekly.4.99.3d.trial,3,2023-03-11 03:32:18.000000 UTC,2023-03-11 03:32:18.000000 UTC,2023-03-11 03:32:18.000000 UTC,1,499,2023-03-11 03:32:56.000000 UTC,
87047a0f-434d-4704-8f5f-3bef709227e2,weekly.2.49,7,,2023-04-17 01:32:16.000000 UTC,2023-04-17 01:32:16.000000 UTC,1,249,,
8735c930-d553-4782-898d-b3865c54cb13,weekly.2.49,7,,2023-03-09 18:43:25.000000 UTC,2023-03-09 18:43:25.000000 UTC,1,249,2023-03-12 16:05:44.000000 UTC,
874f8659-099d-4149-8afb-9848ece774ec,weekly.2.49,7,,2023-03-31 09:59:10.000000 UTC,2023-03-31 09:59:10.000000 UTC,1,249,2023-04-05 19:29:13.000000 UTC,
875f2e82-fae5-459c-a619-9598ff21c355,weekly.4.99.3d.trial,3,2023-03-11 10:23:47.000000 UTC,2023-03-11 10:23:47.000000 UTC,2023-07-08 10:22:45.000000 UTC,18,8982,2023-07-14 02:00:11.000000 UTC,
87887a88-bbf4-4fc7-abe4-c635079faf22,monthly.7.49,30,,2023-05-25 12:37:26.000000 UTC,2023-06-24 12:39:11.000000 UTC,2,1498,2023-06-02 19:05:49.000000 UTC,
87cbcfd7-d4d8-4ff8-8fe0-628e264c6e4b,weekly.2.49,7,,2023-04-30 06:12:02.000000 UTC,2023-06-04 06:13:06.000000 UTC,5,93308,2023-06-05 08:21:14.000000 UTC,
87cc208a-f93e-475e-bc01-21965916b60d,weekly.2.49,7,,2023-03-18 02:56:48.000000 UTC,2023-03-18 02:56:48.000000 UTC,1,249,2023-03-20 07:43:18.000000 UTC,
87f52127-4dbd-482d-bbb7-f81134e9709a,weekly.2.49,7,,2023-03-15 11:00:35.000000 UTC,2023-03-15 11:00:35.000000 UTC,1,249,2023-03-17 12:05:47.000000 UTC,
8829869b-90dc-45fa-8911-32e51e4cd9e5,weekly.2.49,7,,2023-04-19 00:38:55.000000 UTC,2023-05-17 00:38:57.000000 UTC,6,1494,2023-05-17 10:48:22.000000 UTC,
8842f763-cf44-411c-b4ea-79b95c205e15,weekly.2.49,7,,2023-03-19 06:08:29.000000 UTC,2023-06-26 06:07:02.000000 UTC,14,193915,2023-06-25 13:06:18.000000 UTC,
88b7c370-c6c7-4fd8-a814-7594d3ad4f42,monthly.7.49,30,,2023-05-06 16:00:54.000000 UTC,2023-07-17 16:00:31.000000 UTC,9,6741,2023-06-25 01:34:42.000000 UTC,
88e33fd4-ee96-4ff3-a587-bba4b22d04d6,weekly.4.99.3d.trial,3,2023-05-12 10:45:20.000000 UTC,2023-05-12 10:45:20.000000 UTC,2023-05-18 10:45:42.000000 UTC,2,998,2023-05-21 15:06:47.000000 UTC,
89059683-16a0-4c40-9ff3-fcb44fa6d38e,weekly.2.49,7,,2023-03-07 06:32:09.000000 UTC,2023-03-07 06:32:09.000000 UTC,1,249,2023-03-07 11:57:08.000000 UTC,
89276544-eaa7-4b97-b099-592cc39897b8,weekly.2.49,7,,2023-05-03 07:08:18.000000 UTC,2023-06-02 05:11:15.000000 UTC,4,171965,2023-06-07 04:08:52.000000 UTC,
895dfc41-d9c1-44b7-9915-4ea830bb5773,weekly.2.49,7,,2023-05-12 13:31:00.000000 UTC,2023-05-12 13:31:00.000000 UTC,1,249,2023-05-12 14:24:57.000000 UTC,
8964b111-20a5-459c-94c3-eaa21bf3d699,weekly.4.99.3d.trial,3,2023-04-28 05:01:16.000000 UTC,2023-04-28 05:01:16.000000 UTC,2023-05-31 22:11:44.000000 UTC,6,2994,2023-06-02 08:27:12.000000 UTC,
896a5eb4-ffdb-438a-876e-375f9796469f,monthly.9.99.3d.trial,3,2023-03-28 18:27:22.000000 UTC,2023-03-28 18:27:22.000000 UTC,2023-04-27 18:27:14.000000 UTC,2,1998,2023-04-09 14:33:33.000000 UTC,
896fd175-5c55-41a5-a3ad-baf1f4fa40a9,weekly.4.99.3d.trial,3,2023-05-13 04:07:22.000000 UTC,2023-05-13 04:07:22.000000 UTC,2023-05-13 04:07:22.000000 UTC,1,499,2023-05-12 10:20:18.000000 UTC,
8974a304-db8f-4e96-aafd-72eb80e99a3c,monthly.7.49,30,,2023-03-16 18:14:04.000000 UTC,2023-06-17 18:13:38.000000 UTC,11,601991,2023-05-27 17:32:36.000000 UTC,
89779314-0319-446b-99da-b459a0fce294,weekly.4.99.3d.trial,3,2023-04-06 12:30:47.000000 UTC,2023-04-06 12:30:47.000000 UTC,2023-04-06 12:30:47.000000 UTC,1,499,2023-04-05 18:29:07.000000 UTC,
8988967b-f095-4f6f-8e2a-e2c0005e5735,weekly.4.99.3d.trial,3,2023-06-05 12:43:11.000000 UTC,2023-06-05 12:43:11.000000 UTC,2023-06-12 12:45:58.000000 UTC,2,998,,
89b6d2d9-d730-45e3-a144-97d6615c43d2,monthly.7.49,30,,2023-05-05 02:12:19.000000 UTC,2023-05-05 02:12:19.000000 UTC,1,749,2023-05-05 03:24:43.000000 UTC,
89bcceb5-8d49-41ec-8cbb-31ab478f35e2,weekly.4.99.3d.trial,3,2023-03-22 15:07:54.000000 UTC,2023-03-22 15:07:54.000000 UTC,2023-03-22 15:07:54.000000 UTC,1,499,2023-03-22 12:05:54.000000 UTC,
89d19767-3da9-4854-865b-26bea761cf8d,weekly.2.49,7,,2023-09-23 19:28:23.000000 UTC,2023-09-23 19:28:23.000000 UTC,1,249,,
89ecd982-3d70-45f4-82ab-11ce98408750,monthly.9.99.3d.trial,3,2023-04-19 15:49:48.000000 UTC,2023-04-19 15:49:48.000000 UTC,2023-09-09 08:46:31.000000 UTC,17,927788,,
89eef408-320e-499e-ba09-0e342ea6aa54,weekly.2.49,7,,2023-05-25 18:39:31.000000 UTC,2023-06-09 04:32:25.000000 UTC,3,747,2023-06-08 15:32:37.000000 UTC,
8a076528-ed37-498a-8667-ffea7740c161,monthly.7.49,30,,2023-06-01 15:18:40.000000 UTC,2023-08-19 15:17:43.000000 UTC,9,6741,2023-07-30 12:37:42.000000 UTC,
8a41195f-8503-4f00-8f3d-849b20e110b1,weekly.4.99.3d.trial,3,2023-04-06 11:43:53.000000 UTC,2023-04-06 11:43:53.000000 UTC,2023-04-06 11:43:53.000000 UTC,1,499,2023-04-05 12:00:10.000000 UTC,
8a56fddc-3859-486e-9024-92925f43046d,weekly.4.99.3d.trial,3,2023-05-02 03:37:26.000000 UTC,2023-05-02 03:37:26.000000 UTC,2023-10-11 03:38:16.000000 UTC,24,189832,2023-10-09 21:17:07.000000 UTC,
8a665093-f023-4cdf-bbb1-59cd371d0719,weekly.4.99.3d.trial,3,2023-06-02 09:49:34.000000 UTC,2023-06-02 09:49:34.000000 UTC,2023-06-02 09:49:34.000000 UTC,1,499,2023-06-02 10:26:21.000000 UTC,
8a6b9151-dbbd-44cc-9efc-cff8bf2e8e08,weekly.2.49,7,,2023-03-12 21:46:21.000000 UTC,2023-03-12 21:46:21.000000 UTC,1,249,2023-03-12 21:48:26.000000 UTC,
8a8bacd6-b51b-4b6c-89e3-da744ff58ed9,monthly.7.49,30,,2023-04-08 07:26:59.000000 UTC,2023-06-05 07:25:58.000000 UTC,6,4494,2023-05-14 03:30:28.000000 UTC,
8ad89ed8-70cd-4ce1-a82a-870e79a8509b,monthly.9.99.3d.trial,3,2023-05-10 05:40:09.000000 UTC,2023-05-10 05:40:09.000000 UTC,2023-11-10 05:38:13.000000 UTC,24,657643,,
8b060d69-2383-4493-9e06-1d70883b90b7,weekly.2.49,7,,2023-03-09 09:21:34.000000 UTC,2023-03-30 09:24:18.000000 UTC,4,996,2023-03-30 11:22:25.000000 UTC,
8b25ee95-a97a-4f18-83e9-e9118efdc7d1,weekly.4.99.3d.trial,3,2023-03-25 17:39:59.000000 UTC,2023-03-25 17:39:59.000000 UTC,2023-05-19 17:39:49.000000 UTC,9,4491,2023-05-22 22:39:58.000000 UTC,
8b30bedb-0212-453d-8d24-8b52a38ab584,weekly.4.99.3d.trial,3,2023-06-29 18:00:06.000000 UTC,2023-06-29 18:00:06.000000 UTC,2023-06-29 18:00:06.000000 UTC,1,499,2023-06-30 15:09:07.000000 UTC,
8b4451e5-c924-41e8-b523-8520ce3b23ea,weekly.4.99.3d.trial,3,2023-04-18 14:08:37.000000 UTC,2023-04-18 14:08:37.000000 UTC,2023-04-25 09:33:37.000000 UTC,3,1497,2023-04-25 17:16:10.000000 UTC,
8b4aca22-4c1b-4406-ab7d-75f3b73427d4,weekly.4.99.3d.trial,3,2023-05-01 23:54:18.000000 UTC,2023-05-01 23:54:18.000000 UTC,2023-07-20 23:58:57.000000 UTC,11,5489,2023-07-22 10:16:24.000000 UTC,
8ba3c32d-d3b5-4944-80f7-f964c26357c7,monthly.7.49,30,,2023-04-19 09:47:12.000000 UTC,2023-04-19 09:47:12.000000 UTC,1,749,,
8bae45da-eda1-4f25-aec3-3bf2cdce3c09,weekly.2.49,7,,2023-07-29 20:16:13.000000 UTC,2023-08-05 20:16:26.000000 UTC,2,498,2023-08-08 06:59:12.000000 UTC,
8bc98e58-3920-4d69-a2aa-f153ce4ad581,weekly.4.99.3d.trial,3,2023-06-04 14:09:36.000000 UTC,2023-06-04 14:09:36.000000 UTC,2023-06-04 14:09:36.000000 UTC,1,499,2023-06-07 09:05:18.000000 UTC,
8bcc51c6-92a7-478a-8bd3-9486e0d24b43,monthly.9.99.3d.trial,3,2023-10-16 17:21:04.000000 UTC,2023-10-16 17:21:04.000000 UTC,2023-11-15 17:21:04.000000 UTC,2,1998,2023-04-04 10:30:28.000000 UTC,
8bd10467-ffc8-42d4-bc2c-bc0306fdbbfc,weekly.4.99.3d.trial,3,2023-04-30 15:22:10.000000 UTC,2023-04-30 15:22:10.000000 UTC,2023-10-16 14:22:26.000000 UTC,24,55109,,
8bf76285-9b2d-45c2-9fdb-43434ec09dee,weekly.2.49,7,,2023-05-23 09:45:43.000000 UTC,2023-05-23 09:45:43.000000 UTC,1,249,2023-05-24 15:52:34.000000 UTC,
8bffa4f8-735f-44ca-9f0b-6beaa79cae09,monthly.9.99.3d.trial,3,2023-05-10 14:01:17.000000 UTC,2023-05-10 14:01:17.000000 UTC,2023-06-10 06:02:18.000000 UTC,2,1998,,
8c5c4120-8299-4a94-90f7-6f48be62ef48,monthly.9.99.3d.trial,3,2023-03-28 14:58:55.000000 UTC,2023-03-28 14:58:55.000000 UTC,2023-07-13 06:59:11.000000 UTC,13,12987,2023-06-26 18:55:09.000000 UTC,
8c5fd373-64dd-4f78-b039-2d4f1eb7294b,monthly.7.49,30,,2023-05-22 12:47:16.000000 UTC,2023-06-22 12:47:14.000000 UTC,2,1498,2023-06-03 12:31:52.000000 UTC,
8c861e55-9037-45e7-ab9e-11c8d093fd7c,weekly.2.49,7,,2023-05-06 23:53:56.000000 UTC,2023-09-10 05:10:12.000000 UTC,7,9451,,
8c8e4f9e-83c9-4c97-9f13-7a77e0807a72,weekly.2.49,7,,2023-03-26 16:20:36.000000 UTC,2023-04-17 16:20:55.000000 UTC,4,996,2023-04-19 02:32:17.000000 UTC,
8c8f3173-61c7-45b5-a70c-fb07074f092b,monthly.7.49,30,,2023-07-03 21:33:56.000000 UTC,2023-11-02 13:34:10.000000 UTC,15,11235,2023-10-15 18:22:01.000000 UTC,
8c9371ff-cba1-4e55-b093-822a4b9c56d8,weekly.2.49,7,,2023-03-09 11:13:18.000000 UTC,2023-08-10 11:13:46.000000 UTC,22,5478,,
8cf019e5-ca71-4b82-9294-87047a930be3,weekly.2.49,7,,2023-03-16 05:57:33.000000 UTC,2023-04-07 05:57:40.000000 UTC,4,996,2023-04-06 14:31:25.000000 UTC,
8cfed89e-2a68-41b2-930c-e395b8be1f27,weekly.2.49,7,,2023-05-23 08:26:43.000000 UTC,2023-05-23 08:26:43.000000 UTC,1,249,2023-05-25 18:40:20.000000 UTC,
8cfee455-2a5c-4cf0-9889-7654599b01c3,weekly.2.49,7,,2023-05-15 13:04:00.000000 UTC,2023-09-12 13:03:57.000000 UTC,18,4482,2023-09-13 22:08:19.000000 UTC,
8d04a283-2f61-445a-b43b-59cfc427e25a,monthly.9.99.3d.trial,3,2023-06-06 09:05:58.000000 UTC,2023-06-06 09:05:58.000000 UTC,2023-07-07 09:05:53.000000 UTC,2,1998,2023-06-14 19:48:32.000000 UTC,
8d9dd542-d247-4dcd-a0e6-65a816ab8396,monthly.9.99.3d.trial,3,2023-08-03 02:19:47.000000 UTC,2023-08-03 02:19:47.000000 UTC,2023-08-03 02:19:47.000000 UTC,1,999,2023-08-03 03:35:55.000000 UTC,
8de650e0-859e-4484-9733-52cdff7729c8,weekly.4.99.3d.trial,3,2023-05-26 07:59:45.000000 UTC,2023-05-26 07:59:45.000000 UTC,2023-05-26 07:59:45.000000 UTC,1,499,,
8e13f1c4-3a2b-4ef1-b34f-c803a58e0a03,weekly.4.99.3d.trial,3,2023-08-19 10:22:48.000000 UTC,2023-08-19 10:22:48.000000 UTC,2023-10-15 10:22:47.000000 UTC,9,4491,,
8e1766f1-bb88-4436-8dc0-24b64414c90a,monthly.9.99.3d.trial,3,2023-05-04 10:12:39.000000 UTC,2023-05-04 10:12:39.000000 UTC,2023-08-05 10:11:21.000000 UTC,11,10989,2023-07-12 19:44:36.000000 UTC,
8e382c0e-30a8-4ad8-81a4-25db9ef83cae,weekly.2.49,7,,2023-03-23 01:56:04.000000 UTC,2023-06-08 01:52:09.000000 UTC,12,91534,2023-06-08 18:08:02.000000 UTC,
8e3f6145-267d-46ea-ba6f-8d14f7c30cb0,weekly.2.49,7,,2023-04-27 06:58:59.000000 UTC,2023-08-10 06:58:56.000000 UTC,16,147722,,
8e5db554-859b-493b-8425-0cc415bf86a4,weekly.2.49,7,,2023-05-01 18:15:33.000000 UTC,2023-05-01 18:15:33.000000 UTC,1,249,2023-05-03 20:44:05.000000 UTC,
8eb6359c-b37a-47bd-87f0-3a726a8b7f7f,monthly.9.99.3d.trial,3,2023-04-19 14:28:15.000000 UTC,2023-04-19 14:28:15.000000 UTC,2023-10-20 14:24:11.000000 UTC,24,23976,2023-09-29 19:51:01.000000 UTC,
8ec5e2f6-3586-46db-838b-41a3dd227a18,weekly.4.99.3d.trial,3,2023-04-19 14:30:08.000000 UTC,2023-04-19 14:30:08.000000 UTC,2023-04-19 14:30:08.000000 UTC,1,499,2023-04-18 20:43:13.000000 UTC,
8ee5ecc7-8286-4a03-bfdc-87c56c0ee21b,monthly.7.49,30,,2023-06-10 22:32:15.000000 UTC,2023-06-10 22:32:15.000000 UTC,1,749,2023-06-01 01:53:28.000000 UTC,
8f0ac7b9-7ee4-4da2-8278-87365bdc9b73,weekly.4.99.3d.trial,3,2023-06-06 20:10:16.000000 UTC,2023-06-06 20:10:16.000000 UTC,2023-06-14 20:10:02.000000 UTC,2,223170,2023-06-18 07:23:17.000000 UTC,
8f4adc64-ed50-492d-8a4b-0e88e0ca1088,monthly.7.49,30,,2023-03-13 10:26:38.000000 UTC,2023-05-11 14:36:35.000000 UTC,5,3745,2023-04-13 19:29:58.000000 UTC,
8f696060-c77a-4e33-8202-24cfc63eda68,weekly.4.99.3d.trial,3,2023-03-09 10:15:35.000000 UTC,2023-03-09 10:15:35.000000 UTC,2023-06-07 10:15:54.000000 UTC,14,6487,2023-06-13 23:32:53.000000 UTC,2023-05-03 10:14:28.000000 UTC
8f76f903-f18b-4da5-b57b-16fc7d8f5d65,weekly.4.99.3d.trial,3,2023-05-10 08:19:43.000000 UTC,2023-05-10 08:19:43.000000 UTC,2023-05-10 08:19:43.000000 UTC,1,499,2023-05-11 02:32:50.000000 UTC,
8f9c8dd7-e428-426c-a343-224aac97b286,weekly.4.99.3d.trial,3,2023-03-06 08:58:20.000000 UTC,2023-03-06 08:58:20.000000 UTC,2023-03-26 06:22:24.000000 UTC,2,998,2023-03-29 23:06:48.000000 UTC,
8fa62dd6-fd0b-435c-b597-95134c9c676a,monthly.9.99.3d.trial,3,2023-04-08 11:14:09.000000 UTC,2023-04-08 11:14:09.000000 UTC,2023-06-11 16:29:00.000000 UTC,3,2997,2023-06-16 04:49:10.000000 UTC,
8fc73198-89a2-485e-961c-a11f637ab71a,monthly.9.99.3d.trial,3,2023-05-16 12:30:27.000000 UTC,2023-05-16 12:30:27.000000 UTC,2023-07-14 12:31:56.000000 UTC,6,5994,2023-06-25 18:51:53.000000 UTC,
905bc9d9-fe3d-4c5d-b728-7c8651b469e2,monthly.9.99.3d.trial,3,2023-06-04 15:20:50.000000 UTC,2023-06-04 15:20:50.000000 UTC,2023-06-04 15:20:50.000000 UTC,1,999,2023-06-06 13:36:12.000000 UTC,
9070dd82-0b44-4c42-8c6f-76fdccf1d45f,weekly.2.49,7,,2023-03-06 19:18:05.000000 UTC,2023-10-17 18:16:29.000000 UTC,33,237634,,
9090d427-d01f-4e53-8228-2d9adc3ab51f,weekly.2.49,7,,2023-03-05 18:15:13.000000 UTC,2023-03-05 18:15:13.000000 UTC,1,249,2023-03-08 20:31:45.000000 UTC,
90df0fd6-3c68-4903-934b-727a5bac147a,weekly.4.99.3d.trial,3,2023-08-28 22:57:52.000000 UTC,2023-08-28 22:57:52.000000 UTC,2023-10-02 14:58:09.000000 UTC,6,2994,2023-10-08 14:52:40.000000 UTC,
90df92a5-67dd-41a4-9dff-a3c87086bf01,weekly.4.99.3d.trial,3,2023-05-12 14:06:44.000000 UTC,2023-05-12 14:06:44.000000 UTC,2023-10-20 13:00:14.000000 UTC,19,47525,,
9102a32d-1ae4-4893-94cb-e4e8f465e57d,weekly.2.49,7,,2023-05-22 04:48:50.000000 UTC,2023-05-22 04:48:50.000000 UTC,1,249,2023-05-22 12:17:00.000000 UTC,
91956ad1-32be-47d0-b6fb-3594212d4b5c,weekly.2.49,7,,2023-03-12 13:36:07.000000 UTC,2023-03-19 13:43:48.000000 UTC,2,498,2023-03-21 02:09:51.000000 UTC,
91996344-a94b-4f64-91d7-bd820248e4de,weekly.2.49,7,,2023-03-21 19:51:18.000000 UTC,2023-10-11 16:30:29.000000 UTC,30,116498,2023-10-14 23:39:22.000000 UTC,
92097b3f-61e7-4e1e-9179-0c6e118f44c4,weekly.2.49,7,,2023-07-07 10:42:52.000000 UTC,2023-08-25 10:42:12.000000 UTC,8,1992,2023-08-27 10:46:50.000000 UTC,
92313d33-b0be-4426-9fba-6a10b5e1b39c,weekly.2.49,7,,2023-04-02 10:18:18.000000 UTC,2023-08-21 10:17:59.000000 UTC,20,4980,2023-08-25 02:13:43.000000 UTC,
926027d8-6010-4c5f-93f3-b6697573312d,weekly.2.49,7,,2023-05-02 13:19:10.000000 UTC,2023-07-18 13:19:49.000000 UTC,12,2988,,
9286f706-78ae-41ce-80de-9cff769282a2,weekly.2.49,7,,2023-03-24 05:20:00.000000 UTC,2023-10-01 05:21:09.000000 UTC,28,301084,,
92dbef07-96e3-4714-9b11-549f9cb7ad75,weekly.4.99.3d.trial,3,2023-05-07 09:38:42.000000 UTC,2023-05-07 09:38:42.000000 UTC,2023-05-07 09:38:42.000000 UTC,1,499,2023-05-11 14:10:31.000000 UTC,
92f19fa5-9167-49e0-b275-6eb3332c24b0,weekly.4.99.3d.trial,3,2023-06-01 05:57:09.000000 UTC,2023-06-01 05:57:09.000000 UTC,2023-06-22 05:56:56.000000 UTC,4,1996,2023-06-25 15:50:27.000000 UTC,
930030ee-3947-4a3c-9cbc-cb38de39be06,weekly.4.99.3d.trial,3,2023-03-27 12:22:06.000000 UTC,2023-03-27 12:22:06.000000 UTC,2023-04-09 12:21:36.000000 UTC,3,1497,2023-04-11 01:48:52.000000 UTC,
93057a25-7f21-4eff-aa09-0ab85253cc81,weekly.4.99.3d.trial,3,2023-03-15 00:22:10.000000 UTC,2023-03-15 00:22:10.000000 UTC,2023-10-03 00:22:20.000000 UTC,30,255405,2023-10-04 20:17:02.000000 UTC,
93352227-e4ed-475a-9643-baa7c8e719a3,weekly.4.99.3d.trial,3,2023-05-19 12:46:09.000000 UTC,2023-05-19 12:46:09.000000 UTC,2023-05-26 18:46:22.000000 UTC,3,1497,2023-05-20 07:47:47.000000 UTC,
93428c3e-32f0-436c-aee7-b9ec00ad5b82,monthly.9.99.3d.trial,3,2023-03-17 02:59:43.000000 UTC,2023-03-17 02:59:43.000000 UTC,2023-10-12 21:47:15.000000 UTC,24,728778,,
9345a28a-cac9-4b16-9b48-26a9416025f9,weekly.4.99.3d.trial,3,2023-07-18 16:35:25.000000 UTC,2023-07-18 16:35:25.000000 UTC,2023-10-17 16:34:44.000000 UTC,14,14816,,
937aeba0-56a2-4242-956f-7b9ec08c0d6e,weekly.2.49,7,,2023-05-17 09:58:39.000000 UTC,2023-05-17 09:58:39.000000 UTC,1,249,2023-05-18 10:10:12.000000 UTC,
939a1c2f-a1c9-447c-aa5a-021eabdc6142,weekly.4.99.3d.trial,3,2023-05-28 10:32:36.000000 UTC,2023-05-28 10:32:36.000000 UTC,2023-06-03 10:35:12.000000 UTC,2,998,2023-06-04 13:11:10.000000 UTC,
939dc737-908f-45e2-a911-9bd1c1adc865,weekly.4.99.3d.trial,3,2023-03-12 17:03:46.000000 UTC,2023-03-12 17:03:46.000000 UTC,2023-03-12 17:03:46.000000 UTC,1,499,2023-03-14 21:41:01.000000 UTC,
93a65615-ab7b-41e7-a4b6-efa283b62d27,weekly.4.99.3d.trial,3,2023-03-17 09:27:08.000000 UTC,2023-03-17 09:27:08.000000 UTC,2023-03-17 09:27:08.000000 UTC,1,499,2023-03-16 13:12:07.000000 UTC,
93b92127-09fd-4058-9884-9de35a88a9c4,weekly.2.49,7,,2023-03-24 05:55:19.000000 UTC,2023-04-06 21:56:43.000000 UTC,3,747,2023-04-08 16:27:56.000000 UTC,
93cfac32-9085-4cca-90b9-ab415caa3ddc,monthly.9.99.3d.trial,3,2023-04-25 18:50:44.000000 UTC,2023-04-25 18:50:44.000000 UTC,2023-06-05 18:50:20.000000 UTC,5,4995,2023-05-12 13:57:25.000000 UTC,
94174d52-9347-4c2e-9b61-f618ee11e49e,weekly.4.99.3d.trial,3,2023-04-05 08:10:28.000000 UTC,2023-04-05 08:10:28.000000 UTC,2023-04-11 08:10:35.000000 UTC,2,998,2023-04-12 15:34:57.000000 UTC,
941b9bac-f51a-42b9-83c6-35ec16658f15,weekly.2.49,7,,2023-03-11 14:36:46.000000 UTC,2023-03-19 14:34:43.000000 UTC,2,498,2023-03-25 11:24:02.000000 UTC,
941bb6f5-8a43-4fd3-bcce-d6f659e2d3ce,weekly.2.49,7,,2023-06-19 19:34:52.000000 UTC,2023-06-19 19:34:52.000000 UTC,1,249,2023-06-25 23:33:28.000000 UTC,
94310fa2-99a9-42e0-8cb5-d0f381baecea,weekly.2.49,7,,2023-04-27 11:52:50.000000 UTC,2023-05-11 11:53:40.000000 UTC,3,747,2023-05-16 02:25:31.000000 UTC,
94361ebb-5b72-42c1-9d84-d254d34c4cbc,weekly.2.49,7,,2023-03-21 11:19:10.000000 UTC,2023-05-10 11:17:48.000000 UTC,8,1992,2023-05-14 05:04:58.000000 UTC,
945da1aa-9ce6-478f-9b60-31b2e8290b75,weekly.4.99.3d.trial,3,2023-05-02 05:43:28.000000 UTC,2023-05-02 05:43:28.000000 UTC,2023-05-02 05:43:28.000000 UTC,1,499,2023-05-04 00:52:27.000000 UTC,
9463338e-1414-4d99-bed8-6845755cc97f,weekly.2.49,7,,2023-05-15 07:46:01.000000 UTC,2023-05-30 07:45:58.000000 UTC,3,747,2023-05-29 13:51:40.000000 UTC,
94993712-a51a-4838-8b95-57dabce80eb9,weekly.2.49,7,,2023-08-31 14:19:50.000000 UTC,2023-09-07 14:19:51.000000 UTC,2,498,2023-09-05 16:11:21.000000 UTC,
94b17d84-8897-4f0c-8548-b5bb4cd8bbf6,weekly.2.49,7,,2023-03-21 18:51:45.000000 UTC,2023-03-21 18:51:45.000000 UTC,1,249,2023-03-25 02:41:35.000000 UTC,
94ec83e3-1906-4f63-b5cb-ba138edbe971,monthly.9.99.3d.trial,3,2023-03-14 20:43:16.000000 UTC,2023-03-14 20:43:16.000000 UTC,2023-11-07 09:02:15.000000 UTC,29,730397,,
94fce561-5b16-4d11-917d-9d3ca4b5acf3,weekly.4.99.3d.trial,3,2023-05-30 01:46:47.000000 UTC,2023-05-30 01:46:47.000000 UTC,2023-09-30 00:57:04.000000 UTC,16,440501,,2023-08-02 22:11:52.000000 UTC
951091e8-b857-4e18-8a0a-0d116709b7ab,weekly.4.99.3d.trial,3,2023-03-10 10:20:28.000000 UTC,2023-03-10 10:20:28.000000 UTC,2023-03-10 10:20:28.000000 UTC,1,499,2023-03-11 12:03:56.000000 UTC,
95170153-c5fd-4b46-8c6c-18d0b74e4d8b,weekly.2.49,7,,2023-06-05 19:39:06.000000 UTC,2023-08-28 19:40:05.000000 UTC,13,3237,2023-08-31 12:08:33.000000 UTC,
951e36dd-0d3b-4f13-ae44-43fc7344114e,monthly.9.99.3d.trial,3,2023-05-04 09:30:50.000000 UTC,2023-05-04 09:30:50.000000 UTC,2023-08-19 09:30:39.000000 UTC,13,634747,2023-08-01 15:10:19.000000 UTC,
9524b744-5537-48ab-b833-6b4c7be74ce1,weekly.4.99.3d.trial,3,2023-04-28 12:20:01.000000 UTC,2023-04-28 12:20:01.000000 UTC,2023-09-30 12:19:59.000000 UTC,23,232367,,
95287b91-85af-4174-9986-aeafb3853bb6,weekly.2.49,7,,2023-03-25 04:44:40.000000 UTC,2023-10-14 04:45:14.000000 UTC,32,7968,,
95b1e61a-416c-4843-b835-747d2d923e49,weekly.2.49,7,,2023-04-26 03:48:44.000000 UTC,2023-04-26 03:48:44.000000 UTC,1,249,2023-05-03 11:42:08.000000 UTC,
95c53fa2-879d-4139-ae90-3800b241b6be,weekly.2.49,7,,2023-05-06 06:24:32.000000 UTC,2023-07-12 10:48:43.000000 UTC,2,498,2023-07-13 05:18:20.000000 UTC,
95cdf539-633b-42a6-a3b7-ed4afc7ee3e9,weekly.4.99.3d.trial,3,2023-03-10 18:19:38.000000 UTC,2023-03-10 18:19:38.000000 UTC,2023-03-10 18:19:38.000000 UTC,1,499,2023-03-17 01:32:50.000000 UTC,
95ce5642-653f-43a4-b14b-950dcee51ccb,weekly.4.99.3d.trial,3,2023-04-11 09:09:19.000000 UTC,2023-04-11 09:09:19.000000 UTC,2023-04-24 09:09:18.000000 UTC,3,299849,2023-04-26 10:49:02.000000 UTC,
95d83c21-8605-40e1-89c2-1fcd09e104a3,weekly.2.49,7,,2023-03-06 12:02:11.000000 UTC,2023-10-17 11:01:47.000000 UTC,33,241030,,
95f1ef17-9cd1-4d5b-9853-a7539983437f,weekly.2.49,7,,2023-03-02 12:52:23.000000 UTC,2023-10-12 11:50:35.000000 UTC,33,204412,,
95f201c9-6dd4-4f7a-b30d-6fc3dcc88e0f,weekly.2.49,7,,2023-05-15 14:00:51.000000 UTC,2023-06-06 14:00:50.000000 UTC,4,996,2023-06-11 03:04:21.000000 UTC,
960dbc05-cebc-49d1-b53d-f76cfe7fbae9,weekly.4.99.3d.trial,3,2023-06-03 16:37:18.000000 UTC,2023-06-03 16:37:18.000000 UTC,2023-08-05 16:36:54.000000 UTC,10,4990,2023-08-09 17:00:17.000000 UTC,
960e0e7e-ad6e-413f-85c4-d116ed01525b,weekly.2.49,7,,2023-08-15 01:44:12.000000 UTC,2023-09-19 17:44:19.000000 UTC,7,1743,2023-04-27 21:17:51.000000 UTC,
961dc9bd-6560-47fc-baac-a5bc4d0eb5e5,weekly.4.99.3d.trial,3,2023-06-06 15:49:33.000000 UTC,2023-06-06 15:49:33.000000 UTC,2023-06-06 15:49:33.000000 UTC,1,499,2023-06-06 17:28:54.000000 UTC,
965d7a9c-fa99-45c1-8abb-1e452d138ff5,monthly.7.49,30,,2023-03-17 12:22:52.000000 UTC,2023-03-17 12:22:52.000000 UTC,1,749,2023-03-18 13:23:36.000000 UTC,
9673431d-b885-448a-8b3a-0152f8fec3db,weekly.4.99.3d.trial,3,2023-06-04 13:09:49.000000 UTC,2023-06-04 13:09:49.000000 UTC,2023-10-16 17:03:38.000000 UTC,16,7984,2023-06-14 06:03:45.000000 UTC,
96790d4a-aa3a-4c3e-8706-d00564e7f6df,weekly.4.99.3d.trial,3,2023-06-06 08:22:01.000000 UTC,2023-06-06 08:22:01.000000 UTC,2023-06-13 08:25:06.000000 UTC,2,998,2023-06-13 09:39:53.000000 UTC,
96a78b9d-baaa-4a79-897e-55568b9c69df,weekly.4.99.3d.trial,3,2023-05-14 09:22:06.000000 UTC,2023-05-14 09:22:06.000000 UTC,2023-10-12 11:53:44.000000 UTC,18,156307,,2023-05-14 09:22:06.000000 UTC
97276ce4-ece9-438a-8632-ef9e7992fc68,weekly.2.49,7,,2023-05-27 12:25:36.000000 UTC,2023-05-27 12:25:36.000000 UTC,1,249,2023-06-01 10:45:49.000000 UTC,
9736be37-f2fb-4d43-b89c-8e0e2abd3f65,weekly.4.99.3d.trial,3,2023-05-08 15:14:21.000000 UTC,2023-05-08 15:14:21.000000 UTC,2023-05-08 15:14:21.000000 UTC,1,499,2023-05-10 00:22:58.000000 UTC,
97484784-1e24-4d43-afea-cfc4d4b9c315,weekly.2.49,7,,2023-03-14 14:50:24.000000 UTC,2023-07-22 14:30:48.000000 UTC,20,4980,,
9776a634-6122-4863-88b6-96a5437c08ed,monthly.7.49,30,,2023-07-04 20:42:58.000000 UTC,2023-07-04 20:42:58.000000 UTC,1,749,2023-07-06 20:56:32.000000 UTC,
97903ccf-3d08-4b9e-92c5-34581671e2d2,monthly.7.49,30,,2023-07-09 07:16:16.000000 UTC,2023-07-09 07:16:16.000000 UTC,1,749,2023-07-09 07:23:16.000000 UTC,
97a3497e-fa62-451b-bd19-fad6d0dafa56,weekly.4.99.3d.trial,3,2023-06-04 07:16:51.000000 UTC,2023-06-04 07:16:51.000000 UTC,2023-06-11 07:18:31.000000 UTC,2,998,,
97f81068-e4d4-43c1-a325-bab80da870bb,weekly.2.49,7,,2023-04-30 20:38:02.000000 UTC,2023-08-07 20:36:38.000000 UTC,15,121371,,
97fbef93-dc49-46c1-81a5-f823c5b8bfe7,weekly.4.99.3d.trial,3,2023-03-23 21:05:05.000000 UTC,2023-03-23 21:05:05.000000 UTC,2023-05-11 21:05:02.000000 UTC,8,3992,2023-05-15 17:22:38.000000 UTC,
981e17af-2204-4ebd-b591-a848a01db808,weekly.2.49,7,,2023-04-16 08:02:49.000000 UTC,2023-05-22 14:00:53.000000 UTC,6,1494,2023-05-31 15:56:50.000000 UTC,
9826b0db-f770-488d-bf6b-a37c7665db03,monthly.9.99.3d.trial,3,2023-03-20 11:00:01.000000 UTC,2023-03-20 11:00:01.000000 UTC,2023-11-08 11:42:44.000000 UTC,29,27972,,2023-08-06 11:42:47.000000 UTC
987abdfe-6398-4d6a-958b-553b6938eae3,weekly.2.49,7,,2023-04-06 13:10:09.000000 UTC,2023-06-24 12:07:59.000000 UTC,11,3005,2023-06-27 23:04:26.000000 UTC,
989061c8-a539-4a2f-84e3-8f29b3b22b80,weekly.2.49,7,,2023-06-05 16:16:17.000000 UTC,2023-10-13 16:34:58.000000 UTC,21,5229,,
98a5e197-a17a-478b-ae35-3d4fa50bfe58,weekly.2.49,7,,2023-03-14 15:38:26.000000 UTC,2023-08-08 15:36:44.000000 UTC,22,5229,2023-08-10 12:18:49.000000 UTC,2023-06-13 15:36:24.000000 UTC
98b092fa-2406-4ed9-96eb-b5397b49db43,monthly.9.99.3d.trial,3,2023-04-25 03:24:56.000000 UTC,2023-04-25 03:24:56.000000 UTC,2023-04-25 03:24:56.000000 UTC,1,999,,
98dcce09-6b72-445f-8cc0-e511c425b059,weekly.4.99.3d.trial,3,2023-05-06 08:29:36.000000 UTC,2023-05-06 08:29:36.000000 UTC,2023-05-27 08:26:59.000000 UTC,4,1996,2023-05-26 16:05:34.000000 UTC,
994f6673-9368-46bf-b3e8-f766b9f6ab5f,weekly.2.49,7,,2023-05-10 20:38:27.000000 UTC,2023-05-10 20:38:27.000000 UTC,1,249,2023-05-10 20:42:22.000000 UTC,
99594bf0-2991-4466-b860-27cff8a31ac1,weekly.4.99.3d.trial,3,2023-05-10 06:45:53.000000 UTC,2023-05-10 06:45:53.000000 UTC,2023-05-10 06:45:53.000000 UTC,1,499,2023-05-11 09:15:05.000000 UTC,
997ff6c3-68e5-418c-beea-bc1bace1b64d,monthly.7.49,30,,2023-05-06 06:56:58.000000 UTC,2023-05-06 06:56:58.000000 UTC,1,749,2023-05-08 02:56:44.000000 UTC,
998a4e32-f604-4edf-acf3-23239a813cee,weekly.2.49,7,,2023-03-14 12:41:47.000000 UTC,2023-03-14 12:41:47.000000 UTC,1,249,2023-03-19 17:17:28.000000 UTC,
99920ddf-db4e-4abe-adbe-f2abb5b8cf77,weekly.4.99.3d.trial,3,2023-04-24 03:42:39.000000 UTC,2023-04-24 03:42:39.000000 UTC,2023-10-15 03:43:27.000000 UTC,25,547050,,2023-07-30 03:41:20.000000 UTC
999c16fe-3b44-4023-a513-b7d56d08811e,weekly.4.99.3d.trial,3,2023-06-01 12:24:34.000000 UTC,2023-06-01 12:24:34.000000 UTC,2023-08-28 00:55:02.000000 UTC,12,304210,,
99b386b4-1efe-4104-a5a6-58836fea709a,monthly.9.99.3d.trial,3,2023-03-12 12:36:23.000000 UTC,2023-03-12 12:36:23.000000 UTC,2023-08-15 12:35:56.000000 UTC,20,370044,2023-07-29 02:34:17.000000 UTC,
99b6cce4-adb7-47ef-b03c-134878ac025d,weekly.2.49,7,,2023-03-16 01:00:22.000000 UTC,2023-09-16 15:44:14.000000 UTC,23,74379,,
99c34919-1222-4977-8daa-713ddb0a0cec,weekly.2.49,7,,2023-03-14 07:56:56.000000 UTC,2023-03-21 07:57:00.000000 UTC,2,498,2023-03-24 09:16:09.000000 UTC,
99ca8324-39f0-4161-a58d-23f41a2d6909,monthly.9.99.3d.trial,3,2023-05-07 15:13:54.000000 UTC,2023-05-07 15:13:54.000000 UTC,2023-05-07 15:13:54.000000 UTC,1,999,,
99e3fc89-3e24-4d85-b6f9-0c2838b60e18,weekly.2.49,7,,2023-03-03 03:33:55.000000 UTC,2023-03-03 03:33:55.000000 UTC,1,249,2023-03-03 03:36:26.000000 UTC,
99e9301c-8641-4d6f-b89b-053aa3d71be0,weekly.2.49,7,,2023-03-17 07:53:35.000000 UTC,2023-08-11 07:53:48.000000 UTC,22,5478,2023-08-12 11:16:45.000000 UTC,
99ef4fee-a625-4a3f-8f94-d16dacb2eb8d,monthly.7.49,30,,2023-03-09 08:43:11.000000 UTC,2023-04-09 08:39:01.000000 UTC,2,539425,2023-03-16 17:51:22.000000 UTC,
9a222438-defc-4fdc-94f4-128c6d27785b,weekly.2.49,7,,2023-06-02 08:35:09.000000 UTC,2023-10-15 08:34:04.000000 UTC,20,228059,,
9a232fb1-588c-414d-8d03-151434a23aea,weekly.4.99.3d.trial,3,2023-05-17 11:49:30.000000 UTC,2023-05-17 11:49:30.000000 UTC,2023-05-17 11:49:30.000000 UTC,1,499,2023-05-19 03:24:10.000000 UTC,
9a64eed8-8452-46e2-ad8f-e3dad32dc087,weekly.2.49,7,,2023-07-02 10:50:59.000000 UTC,2023-07-31 10:51:04.000000 UTC,5,1245,2023-08-04 07:29:06.000000 UTC,
9a7707bc-3f86-4abd-8def-1a41fd9c3a30,monthly.7.49,30,,2023-03-11 14:12:36.000000 UTC,2023-03-11 14:12:36.000000 UTC,1,749,2023-03-15 01:09:59.000000 UTC,
9a816a4e-0d6f-4192-80fb-5379e8ec12be,weekly.4.99.3d.trial,3,2023-10-07 15:43:41.000000 UTC,2023-10-07 15:43:41.000000 UTC,2023-10-07 15:43:41.000000 UTC,1,499,2023-10-07 15:45:32.000000 UTC,
9a92ae63-f9bf-4086-bb2f-c0a684c617dd,weekly.2.49,7,,2023-06-04 12:58:57.000000 UTC,2023-06-04 12:58:57.000000 UTC,1,249,2023-06-05 13:51:08.000000 UTC,
9aa28a7a-873c-47fe-9301-d946a6e31cb4,weekly.4.99.3d.trial,3,2023-05-20 14:02:47.000000 UTC,2023-05-20 14:02:47.000000 UTC,2023-07-08 14:06:06.000000 UTC,8,3992,2023-07-09 22:49:11.000000 UTC,
9aa9a2e0-79ae-43a2-9898-af665a1a1325,monthly.9.99.3d.trial,3,2023-05-19 10:36:26.000000 UTC,2023-05-19 10:36:26.000000 UTC,2023-07-02 10:36:26.000000 UTC,4,3996,2023-06-11 20:39:15.000000 UTC,
9abf3ef4-8b97-4c96-9463-bfdb28be207b,weekly.2.49,7,,2023-03-22 10:43:49.000000 UTC,2023-03-22 10:43:49.000000 UTC,1,138685,2023-03-27 05:50:34.000000 UTC,
9aec063e-65cd-4ccd-90c8-8275e5340db0,monthly.7.49,30,,2023-03-16 08:32:51.000000 UTC,2023-03-16 08:32:51.000000 UTC,1,749,2023-03-20 06:40:39.000000 UTC,
9b5e75db-280e-40bf-8484-6c39cd639cc3,monthly.7.49,30,,2023-03-30 05:34:24.000000 UTC,2023-05-13 05:36:00.000000 UTC,4,2996,2023-04-25 13:19:29.000000 UTC,
9b646dc4-d245-4242-88e2-e1f03839f2a1,monthly.7.49,30,,2023-05-30 07:17:18.000000 UTC,2023-05-30 07:17:18.000000 UTC,1,749,2023-05-31 09:33:44.000000 UTC,
9bb27b63-6fe4-4ff1-9b1a-f614a6975ed7,monthly.9.99.3d.trial,3,2023-05-10 09:16:45.000000 UTC,2023-05-10 09:16:45.000000 UTC,2023-06-16 09:16:29.000000 UTC,3,1998,,2023-05-09 09:16:45.000000 UTC
9bda3179-df2c-41a2-9c72-6d2e3484c84f,weekly.4.99.3d.trial,3,2023-05-13 12:28:47.000000 UTC,2023-05-13 12:28:47.000000 UTC,2023-05-20 18:28:58.000000 UTC,2,998,2023-05-13 18:54:15.000000 UTC,
9bef0e52-e1ee-421c-ac9d-57d65eb68e20,weekly.4.99.3d.trial,3,2023-05-19 15:09:42.000000 UTC,2023-05-19 15:09:42.000000 UTC,2023-06-01 15:09:43.000000 UTC,3,38786,2023-06-03 23:04:54.000000 UTC,
9bf89ffb-8087-4bc6-bbb7-87028d40aa66,weekly.2.49,7,,2023-06-18 09:57:52.000000 UTC,2023-09-17 09:58:04.000000 UTC,14,3486,2023-09-19 23:42:58.000000 UTC,
9bfb1f6f-ed8d-4e0c-85e7-02ad8f6f7386,monthly.7.49,30,,2023-06-06 15:55:11.000000 UTC,2023-07-06 15:58:31.000000 UTC,2,1498,2023-06-14 10:27:08.000000 UTC,
9bff708e-90da-4dcf-88ad-a7943ca2507a,weekly.2.49,7,,2023-03-22 13:06:14.000000 UTC,2023-04-06 13:06:36.000000 UTC,3,747,2023-04-05 19:39:49.000000 UTC,
9c3755cd-f254-40a5-8336-564fe4845420,weekly.4.99.3d.trial,3,2023-05-09 12:44:14.000000 UTC,2023-05-09 12:44:14.000000 UTC,2023-05-09 12:44:14.000000 UTC,1,499,2023-05-11 13:58:28.000000 UTC,
9c69ebfd-8e21-4602-8a74-7bcd6fd6c4b1,monthly.9.99.3d.trial,3,2023-03-27 21:29:33.000000 UTC,2023-03-27 21:29:33.000000 UTC,2023-03-27 21:29:33.000000 UTC,1,999,2023-03-31 16:18:03.000000 UTC,
9cb652df-f6f4-411f-bc1d-a0f8663106e0,weekly.4.99.3d.trial,3,2023-03-24 16:51:36.000000 UTC,2023-03-24 16:51:36.000000 UTC,2023-04-13 16:51:58.000000 UTC,7,88823,2023-04-14 01:55:07.000000 UTC,
9cca8834-d874-4730-ac92-77d7ce7f627f,weekly.2.49,7,,2023-05-21 16:03:46.000000 UTC,2023-09-10 16:03:53.000000 UTC,17,20156,2023-09-15 14:02:49.000000 UTC,2023-06-04 16:04:11.000000 UTC
9d350312-3a74-452f-bca8-0aa52facbd3c,monthly.9.99.3d.trial,3,2023-03-08 15:23:14.000000 UTC,2023-03-08 15:23:14.000000 UTC,2023-04-07 09:01:25.000000 UTC,2,1998,,
9d3d1917-2edd-480e-9db8-0a713d882876,weekly.2.49,7,,2023-03-24 04:51:09.000000 UTC,2023-10-15 04:51:54.000000 UTC,30,6723,,2023-09-08 04:51:30.000000 UTC
9d3d66ca-4220-444a-8023-da76361182f4,weekly.2.49,7,,2023-03-29 05:05:50.000000 UTC,2023-03-29 05:05:50.000000 UTC,1,249,2023-03-29 16:35:05.000000 UTC,
9d8000ac-003a-41c8-8f37-8150024b40ca,weekly.2.49,7,,2023-05-06 11:02:44.000000 UTC,2023-09-16 03:03:03.000000 UTC,20,116995,,
9d9df66c-197a-4602-9505-d575c0dd37ea,weekly.4.99.3d.trial,3,2023-05-16 05:28:48.000000 UTC,2023-05-16 05:28:48.000000 UTC,2023-05-16 05:28:48.000000 UTC,1,499,2023-05-17 08:01:26.000000 UTC,
9da13932-d28f-4476-8624-6f4a11a73ada,weekly.2.49,7,,2023-05-17 12:00:11.000000 UTC,2023-05-17 12:00:11.000000 UTC,1,249,2023-05-17 20:44:20.000000 UTC,
9da4d3b6-81e3-4ac5-8943-61dc7fa5d60f,weekly.2.49,7,,2023-03-14 09:38:11.000000 UTC,2023-04-18 23:30:26.000000 UTC,6,133348,,
9db75830-1943-4cd1-adb4-7341537e028a,monthly.9.99.3d.trial,3,2023-04-28 12:12:36.000000 UTC,2023-04-28 12:12:36.000000 UTC,2023-11-05 12:12:12.000000 UTC,25,24975,,
9dc52c2c-901b-42bf-9064-232ad99cf354,weekly.2.49,7,,2023-06-07 03:19:34.000000 UTC,2023-07-19 03:23:18.000000 UTC,7,1743,2023-07-22 06:51:54.000000 UTC,
9dded805-ee09-4cab-9200-708fc0e365ce,monthly.9.99.3d.trial,3,2023-04-16 23:05:27.000000 UTC,2023-04-16 23:05:27.000000 UTC,2023-05-16 23:01:11.000000 UTC,2,1998,2023-04-23 07:08:55.000000 UTC,
9e39fb77-aa0f-4edc-9807-98577422576e,weekly.4.99.3d.trial,3,2023-05-27 11:44:00.000000 UTC,2023-05-27 11:44:00.000000 UTC,2023-05-27 11:44:00.000000 UTC,1,499,2023-05-29 23:32:43.000000 UTC,
9e516039-b167-4370-afc7-3ff0fde56bb7,weekly.2.49,7,,2023-06-03 05:34:28.000000 UTC,2023-06-03 05:34:28.000000 UTC,1,249,2023-06-09 01:27:19.000000 UTC,
9e54aa0c-8126-4467-af5f-404e4db1188a,weekly.2.49,7,,2023-06-19 06:25:53.000000 UTC,2023-07-03 06:25:24.000000 UTC,3,747,2023-07-04 15:01:08.000000 UTC,
9e84826b-f5ba-46d9-a99f-a657f15441ab,weekly.2.49,7,,2023-06-01 08:17:39.000000 UTC,2023-06-29 08:16:56.000000 UTC,5,1245,2023-07-02 02:02:45.000000 UTC,
9e9eaf45-6c3e-4399-b952-5242d7865760,monthly.9.99.3d.trial,3,2023-03-13 18:44:54.000000 UTC,2023-03-13 18:44:54.000000 UTC,2023-04-25 18:44:54.000000 UTC,4,3996,2023-04-06 01:03:44.000000 UTC,
9ea1e8eb-4a63-4487-99c9-53840ac9db97,weekly.2.49,7,,2023-04-17 04:11:01.000000 UTC,2023-04-25 04:10:51.000000 UTC,2,498,2023-04-24 22:31:04.000000 UTC,
9ea24ec4-3f2d-4ab8-8d56-592741bcaedf,monthly.9.99.3d.trial,3,2023-06-02 16:19:13.000000 UTC,2023-06-02 16:19:13.000000 UTC,2023-07-23 16:23:06.000000 UTC,5,4995,2023-07-05 12:29:25.000000 UTC,
9ea38ef5-8fc5-4376-b901-a66589e25300,monthly.9.99.3d.trial,3,2023-05-06 15:40:45.000000 UTC,2023-05-06 15:40:45.000000 UTC,2023-05-06 15:40:45.000000 UTC,1,999,2023-05-05 22:08:13.000000 UTC,
9ed8248b-502e-4b6a-9380-6e96b09c978a,weekly.4.99.3d.trial,3,2023-03-27 17:37:53.000000 UTC,2023-03-27 17:37:53.000000 UTC,2023-03-27 17:37:53.000000 UTC,1,499,2023-03-30 02:03:44.000000 UTC,
9ed9fddf-53c9-471f-ac32-5f361b1ccb13,weekly.2.49,7,,2023-03-22 09:40:44.000000 UTC,2023-03-22 09:40:44.000000 UTC,1,249,,
9f256053-72ba-4d72-8fb6-78a9bebe7e72,monthly.7.49,30,,2023-04-27 05:08:42.000000 UTC,2023-06-10 05:07:37.000000 UTC,4,2996,2023-05-21 06:16:34.000000 UTC,
9f2cdccc-c89e-4bb2-965c-d128cd339a09,weekly.4.99.3d.trial,3,2023-03-28 12:26:09.000000 UTC,2023-03-28 12:26:09.000000 UTC,2023-04-17 12:25:03.000000 UTC,4,1996,2023-04-17 19:03:35.000000 UTC,
9f6a1a02-09fe-4847-8d4f-e260450f2fe2,weekly.4.99.3d.trial,3,2023-05-18 16:24:05.000000 UTC,2023-05-18 16:24:05.000000 UTC,2023-05-24 16:25:11.000000 UTC,2,998,2023-05-28 17:58:46.000000 UTC,
9f6d5b0f-b0d0-4ad4-a03f-44cd87e33bd4,weekly.4.99.3d.trial,3,2023-05-30 23:01:46.000000 UTC,2023-05-30 23:01:46.000000 UTC,2023-08-17 05:23:11.000000 UTC,11,5489,2023-08-23 12:09:07.000000 UTC,
9f7008ee-92c6-4d83-87a7-02128f4b985f,weekly.2.49,7,,2023-04-09 23:00:35.000000 UTC,2023-04-16 23:00:49.000000 UTC,2,498,2023-04-09 23:05:19.000000 UTC,
9f76af7d-cbd1-4ddf-ab8c-9d79948b05e0,monthly.7.49,30,,2023-05-04 12:01:57.000000 UTC,2023-05-04 12:01:57.000000 UTC,1,749,2023-05-04 19:17:37.000000 UTC,
9f7a79b5-27c8-4e10-a4ed-27caeb9dfde1,weekly.4.99.3d.trial,3,2023-04-30 02:47:57.000000 UTC,2023-04-30 02:47:57.000000 UTC,2023-05-07 02:44:42.000000 UTC,2,998,2023-05-07 03:54:04.000000 UTC,
9f7d3b06-12ff-4551-9aff-4fc0a9cc2858,monthly.7.49,30,,2023-05-05 08:02:30.000000 UTC,2023-06-04 08:03:34.000000 UTC,2,1498,2023-05-12 21:59:27.000000 UTC,
9faacdbc-53c6-47fa-ba5f-acf427a08ade,monthly.9.99.3d.trial,3,2023-05-27 03:49:49.000000 UTC,2023-05-27 03:49:49.000000 UTC,2023-07-03 03:50:20.000000 UTC,3,2997,,
9fca445f-6ed2-4344-91ce-2bbb9e197613,weekly.2.49,7,,2023-05-17 10:12:39.000000 UTC,2023-05-17 10:12:39.000000 UTC,1,249,2023-05-17 11:34:05.000000 UTC,
a00f2316-5d90-404e-832f-411b4d061e89,weekly.4.99.3d.trial,3,2023-03-27 10:25:28.000000 UTC,2023-03-27 10:25:28.000000 UTC,2023-03-27 10:25:28.000000 UTC,1,499,2023-03-26 10:28:00.000000 UTC,
a0579558-4529-43fc-b68c-3aa400452c03,weekly.4.99.3d.trial,3,2023-04-20 11:45:11.000000 UTC,2023-04-20 11:45:11.000000 UTC,2023-07-13 11:44:51.000000 UTC,13,185875,2023-07-14 20:29:14.000000 UTC,
a05c6bbc-122e-4c52-be92-96d2651b9ebf,weekly.4.99.3d.trial,3,2023-06-05 19:30:12.000000 UTC,2023-06-05 19:30:12.000000 UTC,2023-06-05 19:30:12.000000 UTC,1,499,2023-06-07 16:43:57.000000 UTC,
a05da4a0-d4ed-477f-852e-1b596ede7eea,weekly.4.99.3d.trial,3,2023-03-23 18:39:09.000000 UTC,2023-03-23 18:39:09.000000 UTC,2023-08-23 18:38:45.000000 UTC,23,11477,2023-08-28 13:33:13.000000 UTC,
a06ce52a-e6e2-41d3-9b6e-1bda3ba2c2ab,weekly.2.49,7,,2023-03-24 11:56:33.000000 UTC,2023-04-14 11:56:10.000000 UTC,4,996,2023-04-17 10:31:17.000000 UTC,
a0883399-3b5d-4d53-965f-1efb71d29ccb,monthly.9.99.3d.trial,3,2023-03-12 11:29:39.000000 UTC,2023-03-12 11:29:39.000000 UTC,2023-04-10 11:31:33.000000 UTC,2,1998,2023-03-20 16:55:48.000000 UTC,
a097e2d0-2eef-442f-8242-f9b4f8516efb,weekly.2.49,7,,2023-03-08 20:31:52.000000 UTC,2023-03-08 20:31:52.000000 UTC,1,249,2023-03-08 20:42:22.000000 UTC,
a09e2a47-d2f1-4ab4-9fd3-dc37aee4094f,weekly.2.49,7,,2023-05-02 14:39:25.000000 UTC,2023-05-23 14:40:04.000000 UTC,4,996,2023-05-23 18:36:09.000000 UTC,
a0c59ebf-96b0-4468-895e-e6f6fa5143a7,monthly.9.99.3d.trial,3,2023-03-12 10:26:48.000000 UTC,2023-03-12 10:26:48.000000 UTC,2023-03-12 10:26:48.000000 UTC,1,999,,
a0d041f8-2fe8-48ba-bb0a-448712f0e065,weekly.2.49,7,,2023-05-04 13:19:28.000000 UTC,2023-06-15 13:19:43.000000 UTC,7,1743,2023-06-21 18:49:17.000000 UTC,
a0eafd1d-18ee-4ed0-b4a3-6cba562bda25,weekly.4.99.3d.trial,3,2023-04-01 09:10:42.000000 UTC,2023-04-01 09:10:42.000000 UTC,2023-04-01 09:10:42.000000 UTC,1,499,2023-03-31 17:24:27.000000 UTC,
a0f61f38-7b4f-437b-9272-567470ebadc1,weekly.4.99.3d.trial,3,2023-04-22 06:58:43.000000 UTC,2023-04-22 06:58:43.000000 UTC,2023-04-22 06:58:43.000000 UTC,1,499,2023-04-26 13:28:22.000000 UTC,
a0feee4f-42ab-4b85-933e-d2f96e3aeaf9,weekly.2.49,7,,2023-05-26 23:40:21.000000 UTC,2023-10-17 07:09:01.000000 UTC,16,113321,,
a122e848-1a61-40e9-b958-90806f9e8962,monthly.9.99.3d.trial,3,2023-05-03 09:45:10.000000 UTC,2023-05-03 09:45:10.000000 UTC,2023-05-03 09:45:10.000000 UTC,1,999,2023-05-03 04:03:46.000000 UTC,
a138080c-c309-4cfa-8458-fa828a9e24c1,weekly.2.49,7,,2023-09-10 11:51:37.000000 UTC,2023-09-10 11:51:37.000000 UTC,1,249,2023-09-16 00:12:20.000000 UTC,
a149d4d1-488f-4fc3-ac6d-9f7909a8373e,weekly.4.99.3d.trial,3,2023-05-02 15:10:31.000000 UTC,2023-05-02 15:10:31.000000 UTC,2023-05-02 15:10:31.000000 UTC,1,499,2023-05-02 02:08:16.000000 UTC,
a17400a2-b9ae-4e7c-91e3-ab6077fcb48a,monthly.9.99.3d.trial,3,2023-03-26 05:49:54.000000 UTC,2023-03-26 05:49:54.000000 UTC,2023-04-25 05:47:51.000000 UTC,2,1998,2023-04-07 12:34:13.000000 UTC,
a181a281-2ade-41cb-8397-543e35d2c603,monthly.9.99.3d.trial,3,2023-04-27 12:19:22.000000 UTC,2023-04-27 12:19:22.000000 UTC,2023-06-16 12:21:04.000000 UTC,5,4995,2023-05-29 16:51:33.000000 UTC,
a188a1b4-79dc-4a54-a6e7-469d74b54524,monthly.9.99.3d.trial,3,2023-05-21 06:19:10.000000 UTC,2023-05-21 06:19:10.000000 UTC,2023-05-21 06:19:10.000000 UTC,1,999,2023-05-21 06:58:52.000000 UTC,
a1b866af-a401-4eaa-91e8-6cc61e82f471,weekly.2.49,7,,2023-03-27 05:50:48.000000 UTC,2023-03-27 05:50:48.000000 UTC,1,249,2023-03-31 09:56:00.000000 UTC,
a1c0940e-014f-4f62-956e-d4ae613e2231,monthly.7.49,30,,2023-05-15 13:33:23.000000 UTC,2023-06-15 13:32:42.000000 UTC,2,1498,2023-05-24 01:18:28.000000 UTC,
a1cc314a-719c-4ab3-9edc-5dcd114ca63f,weekly.4.99.3d.trial,3,2023-06-04 13:03:51.000000 UTC,2023-06-04 13:03:51.000000 UTC,2023-06-04 13:03:51.000000 UTC,1,499,2023-06-11 05:04:55.000000 UTC,
a1df06ff-be2d-4bd8-89f3-e54d8ef85849,monthly.7.49,30,,2023-04-19 05:30:44.000000 UTC,2023-06-30 12:18:01.000000 UTC,9,6741,2023-06-20 21:33:11.000000 UTC,
a1ff2d20-3a32-429b-b865-5f948b4e5031,weekly.2.49,7,,2023-05-13 01:16:48.000000 UTC,2023-06-03 15:31:53.000000 UTC,4,996,2023-06-09 05:21:36.000000 UTC,
a207c9a9-6f6e-47cf-bd9a-8099ead22936,monthly.7.49,30,,2023-05-01 05:25:52.000000 UTC,2023-05-31 05:26:35.000000 UTC,2,1498,2023-05-13 12:29:30.000000 UTC,
a228b9db-f667-408d-aadf-d27e05f93492,weekly.4.99.3d.trial,3,2023-05-08 19:25:42.000000 UTC,2023-05-08 19:25:42.000000 UTC,2023-05-29 19:25:40.000000 UTC,4,1996,2023-05-31 14:16:13.000000 UTC,
a24703c4-a90d-4bdf-afe3-9fb24bb956ae,weekly.4.99.3d.trial,3,2023-03-23 04:15:47.000000 UTC,2023-03-23 04:15:47.000000 UTC,2023-04-05 04:25:02.000000 UTC,3,299790,2023-04-07 19:15:33.000000 UTC,
a2610f4b-e1b5-4ba9-934a-ff7332ea8571,weekly.2.49,7,,2023-05-18 04:07:36.000000 UTC,2023-08-17 04:08:15.000000 UTC,14,85484,,
a2c1d7f0-9984-4166-989d-cc971a47ba52,monthly.9.99.3d.trial,3,2023-04-18 13:20:21.000000 UTC,2023-04-18 13:20:21.000000 UTC,2023-06-29 21:36:08.000000 UTC,10,9990,2023-07-01 11:55:42.000000 UTC,
a2c971a9-2743-4312-9ee2-ebd8f106391a,weekly.4.99.3d.trial,3,2023-04-23 17:13:28.000000 UTC,2023-04-23 17:13:28.000000 UTC,2023-05-29 18:08:13.000000 UTC,2,998,,
a2d86768-54ef-4b2f-bcde-e156ac4bc8a6,weekly.2.49,7,,2023-05-08 07:14:33.000000 UTC,2023-05-08 07:14:33.000000 UTC,1,249,2023-05-08 20:06:50.000000 UTC,
a2fccd44-3bee-4453-bdb1-38c0c632ca4a,weekly.2.49,7,,2023-04-21 03:15:33.000000 UTC,2023-04-28 09:57:21.000000 UTC,2,498,2023-05-01 17:19:16.000000 UTC,
a328cddf-42a6-4d05-b948-3e73213d9886,weekly.4.99.3d.trial,3,2023-05-03 09:53:33.000000 UTC,2023-05-03 09:53:33.000000 UTC,2023-05-03 09:53:33.000000 UTC,1,499,2023-05-07 00:33:49.000000 UTC,
a348ca34-b1c3-4a0b-b406-84399b536d3c,weekly.4.99.3d.trial,3,2023-03-11 08:09:54.000000 UTC,2023-03-11 08:09:54.000000 UTC,2023-08-03 14:26:27.000000 UTC,16,7984,2023-04-26 02:48:57.000000 UTC,
a37d2f91-24b8-4dc7-afe8-f2b2dee62574,monthly.7.49,30,,2023-03-09 04:13:50.000000 UTC,2023-03-09 04:13:50.000000 UTC,1,749,2023-03-11 13:16:26.000000 UTC,
a4133bba-69bf-48ef-ad5b-171fccbaf903,weekly.2.49,7,,2023-03-13 11:29:46.000000 UTC,2023-07-25 11:29:24.000000 UTC,20,767100,2023-07-27 01:55:25.000000 UTC,2023-07-17 11:30:01.000000 UTC
a41664e6-e436-439d-ae8a-d5db44fe173d,weekly.2.49,7,,2023-06-28 12:06:50.000000 UTC,2023-06-28 12:06:50.000000 UTC,1,249,2023-06-28 12:10:26.000000 UTC,
a424fa2e-eb94-4460-b92a-6f2496cb5f01,weekly.2.49,7,,2023-03-12 09:34:48.000000 UTC,2023-03-20 09:33:13.000000 UTC,2,498,2023-03-20 20:47:00.000000 UTC,
a4515bde-48a3-4965-9d99-7085ca678841,weekly.4.99.3d.trial,3,2023-06-08 13:57:03.000000 UTC,2023-06-08 13:57:03.000000 UTC,2023-06-08 13:57:03.000000 UTC,1,499,2023-06-08 14:52:13.000000 UTC,
a4548099-de3e-420e-beb6-989fa5085a1a,monthly.9.99.3d.trial,3,2023-05-18 13:50:41.000000 UTC,2023-05-18 13:50:41.000000 UTC,2023-05-18 13:50:41.000000 UTC,1,999,2023-05-17 20:05:39.000000 UTC,
a489c99b-febd-44d4-a12f-b84552bcce78,monthly.9.99.3d.trial,3,2023-03-29 20:35:30.000000 UTC,2023-03-29 20:35:30.000000 UTC,2023-03-29 20:35:30.000000 UTC,1,999,2023-03-30 21:06:13.000000 UTC,
a4984103-cefa-4e72-8267-14d8eb58e6a3,weekly.2.49,7,,2023-05-23 11:57:16.000000 UTC,2023-10-18 11:57:36.000000 UTC,22,35263,,
a4c941de-b4a2-431e-b882-38b78f6e6fbb,weekly.2.49,7,,2023-09-14 06:54:01.000000 UTC,2023-10-13 06:53:58.000000 UTC,5,1245,,
a4cced9a-24ad-4eb7-971f-be5800089238,monthly.9.99.3d.trial,3,2023-03-09 08:48:42.000000 UTC,2023-03-09 08:48:42.000000 UTC,2023-06-10 08:46:31.000000 UTC,11,874680,2023-05-23 14:47:41.000000 UTC,
a4e109d5-ff49-4900-a96d-da9f8a722ca5,weekly.2.49,7,,2023-05-08 08:45:21.000000 UTC,2023-10-06 16:16:02.000000 UTC,4,996,2023-05-19 12:42:29.000000 UTC,
a503a9dd-6c6a-43af-85a2-1555c32186a1,monthly.9.99.3d.trial,3,2023-03-18 11:56:05.000000 UTC,2023-03-18 11:56:05.000000 UTC,2023-03-18 11:56:05.000000 UTC,1,999,2023-03-18 11:45:46.000000 UTC,
a50e57eb-e2ab-4074-8ba4-cba632ab569e,weekly.4.99.3d.trial,3,2023-05-18 01:49:05.000000 UTC,2023-05-18 01:49:05.000000 UTC,2023-10-12 01:48:51.000000 UTC,22,9980,,2023-08-04 18:44:17.000000 UTC
a55e397c-5047-4040-ad39-3a0a5784b353,weekly.2.49,7,,2023-04-29 04:12:14.000000 UTC,2023-04-29 04:12:14.000000 UTC,1,249,2023-05-02 07:48:35.000000 UTC,
a57d30e0-ff23-4110-a492-ce53807919b1,weekly.2.49,7,,2023-05-18 17:08:43.000000 UTC,2023-05-18 17:08:43.000000 UTC,1,249,,
a5c4a743-67a5-417f-858c-821beb7e308c,weekly.2.49,7,,2023-06-29 07:31:47.000000 UTC,2023-06-29 07:31:47.000000 UTC,1,249,2023-06-29 07:34:53.000000 UTC,
a5ca5532-1132-4f59-a9dd-4ea8156124bf,weekly.4.99.3d.trial,3,2023-05-20 09:11:06.000000 UTC,2023-05-20 09:11:06.000000 UTC,2023-05-20 09:11:06.000000 UTC,1,499,2023-05-24 19:23:02.000000 UTC,
a5e8157d-0aa4-4a73-9b5d-816828be3a3e,monthly.9.99.3d.trial,3,2023-05-17 07:50:43.000000 UTC,2023-05-17 07:50:43.000000 UTC,2023-06-16 07:24:49.000000 UTC,2,1998,2023-05-28 17:00:54.000000 UTC,
a60751ff-e5f9-4c02-b78b-ea41d2cf11e3,monthly.7.49,30,,2023-05-03 17:34:43.000000 UTC,2023-07-29 17:34:32.000000 UTC,10,7490,,
a61197d7-1571-4ce7-8b31-ed7f4507d856,monthly.9.99.3d.trial,3,2023-04-05 11:30:38.000000 UTC,2023-04-05 11:30:38.000000 UTC,2023-11-08 12:41:58.000000 UTC,18,17982,2023-10-15 16:02:40.000000 UTC,
a614a3c2-97c2-4ac0-957a-e1441aa90971,weekly.2.49,7,,2023-04-30 05:25:31.000000 UTC,2023-05-31 16:35:50.000000 UTC,3,747,2023-05-31 16:45:12.000000 UTC,
a615bf8a-f103-4391-b9f6-f335970ff86a,weekly.4.99.3d.trial,3,2023-05-09 22:02:44.000000 UTC,2023-05-09 22:02:44.000000 UTC,2023-05-09 22:02:44.000000 UTC,1,499,2023-05-12 02:42:41.000000 UTC,
a631fa71-b85c-41eb-9f0d-da8ab58b47c0,monthly.7.49,30,,2023-09-01 14:59:49.000000 UTC,2023-10-01 14:59:53.000000 UTC,2,1498,2023-09-08 15:17:05.000000 UTC,
a636f07c-8b33-42d9-b3c4-8a20030c1e7e,weekly.4.99.3d.trial,3,2023-04-28 15:24:45.000000 UTC,2023-04-28 15:24:45.000000 UTC,2023-06-02 15:24:58.000000 UTC,6,2994,2023-06-03 18:47:27.000000 UTC,
a6612bf1-2cff-4328-b712-b0e1f580ec8e,monthly.7.49,30,,2023-04-07 09:56:52.000000 UTC,2023-04-07 09:56:52.000000 UTC,1,749,2023-04-10 17:36:59.000000 UTC,
a6747bec-fdc9-4faf-9edf-e3623f398889,monthly.7.49,30,,2023-05-02 07:02:53.000000 UTC,2023-06-23 07:03:58.000000 UTC,5,2996,,2023-05-16 07:03:03.000000 UTC
a67854fa-9e62-4c6b-9ad8-e9eab23a542d,monthly.9.99.3d.trial,3,2023-05-01 05:58:52.000000 UTC,2023-05-01 05:58:52.000000 UTC,2023-05-01 05:58:52.000000 UTC,1,999,2023-05-04 08:35:37.000000 UTC,
a6b9404f-2c10-4521-83ee-7a23d3560fd2,weekly.4.99.3d.trial,3,2023-05-02 07:46:09.000000 UTC,2023-05-02 07:46:09.000000 UTC,2023-10-03 07:45:12.000000 UTC,23,436845,2023-10-05 05:20:55.000000 UTC,
a6bcd17d-fdf5-4323-a910-113a2f0ed01b,monthly.9.99.3d.trial,3,2023-05-17 08:38:16.000000 UTC,2023-05-17 08:38:16.000000 UTC,2023-07-08 08:37:38.000000 UTC,5,4995,2023-06-16 03:54:59.000000 UTC,
a6c551d2-9518-447f-83fa-1a92f449c825,weekly.2.49,7,,2023-03-20 12:27:16.000000 UTC,2023-09-05 12:28:22.000000 UTC,25,216228,2023-09-06 15:35:33.000000 UTC,
a6e30fa0-d4cb-4daf-950b-8298e46b01c3,weekly.2.49,7,,2023-04-13 10:23:15.000000 UTC,2023-04-27 10:22:19.000000 UTC,2,498,2023-04-27 23:36:44.000000 UTC,
a6e74259-3a29-4090-a4a0-3f9ce6270498,weekly.2.49,7,,2023-05-12 18:17:02.000000 UTC,2023-06-24 18:17:00.000000 UTC,7,1743,2023-06-27 15:49:25.000000 UTC,
a6e8b191-28be-4257-82db-66f9b7ab256c,weekly.4.99.3d.trial,3,2023-06-05 09:25:38.000000 UTC,2023-06-05 09:25:38.000000 UTC,2023-06-05 09:25:38.000000 UTC,1,499,2023-06-06 10:10:09.000000 UTC,
a726ee76-0339-4522-a26a-d3ff498d767b,weekly.2.49,7,,2023-07-07 07:20:13.000000 UTC,2023-07-28 07:19:37.000000 UTC,4,996,2023-07-29 02:26:02.000000 UTC,
a72ae5be-1795-4fdb-b9ae-365ce7cf5488,weekly.2.49,7,,2023-05-05 20:49:39.000000 UTC,2023-05-13 14:57:51.000000 UTC,3,747,2023-05-07 15:37:38.000000 UTC,
a7485b30-100c-40d8-a5cf-174bac1c23f7,monthly.9.99.3d.trial,3,2023-04-17 05:59:33.000000 UTC,2023-04-17 05:59:33.000000 UTC,2023-05-17 05:59:12.000000 UTC,2,1998,2023-04-27 02:32:06.000000 UTC,
a767be78-cbc0-471e-b4ff-c1f5caf80bd4,weekly.2.49,7,,2023-04-07 15:19:05.000000 UTC,2023-06-03 14:39:18.000000 UTC,7,1743,2023-06-07 01:54:16.000000 UTC,
a79afa96-5303-4af6-83ce-cd47149c260c,weekly.4.99.3d.trial,3,2023-05-16 10:54:52.000000 UTC,2023-05-16 10:54:52.000000 UTC,2023-05-16 10:54:52.000000 UTC,1,499,2023-05-18 12:31:34.000000 UTC,
a7be7f39-9360-494f-b52c-dbaec514261e,weekly.4.99.3d.trial,3,2023-03-13 18:27:38.000000 UTC,2023-03-13 18:27:38.000000 UTC,2023-04-10 18:27:39.000000 UTC,5,244673,2023-04-12 05:50:14.000000 UTC,
a7d3295e-5be3-4b6a-a5a4-60c36489c608,weekly.2.49,7,,2023-04-21 22:38:25.000000 UTC,2023-04-29 14:38:48.000000 UTC,2,498,2023-05-02 23:03:26.000000 UTC,
a7dc6165-bebe-4879-8e62-05339ffd7499,weekly.2.49,7,,2023-05-02 12:07:03.000000 UTC,2023-05-02 12:07:03.000000 UTC,1,249,2023-05-02 17:21:25.000000 UTC,
a7e11098-4b6f-465b-9e94-612cd075ee4f,weekly.2.49,7,,2023-03-22 12:14:22.000000 UTC,2023-05-25 12:15:02.000000 UTC,10,307966,2023-05-30 13:49:37.000000 UTC,
a7f8a142-01f2-420c-8c71-1ef407fd372d,weekly.4.99.3d.trial,3,2023-03-25 07:08:09.000000 UTC,2023-03-25 07:08:09.000000 UTC,2023-08-12 10:05:34.000000 UTC,19,19660,2023-08-17 11:51:58.000000 UTC,
a818329e-122e-4f15-a791-f1068e309621,monthly.9.99.3d.trial,3,2023-03-23 15:05:38.000000 UTC,2023-03-23 15:05:38.000000 UTC,2023-04-28 15:05:33.000000 UTC,3,2997,2023-04-07 20:45:43.000000 UTC,
a8195067-a701-4453-b93b-74a352220580,weekly.2.49,7,,2023-04-11 06:09:49.000000 UTC,2023-04-11 06:09:49.000000 UTC,1,249,2023-04-13 19:26:50.000000 UTC,
a819d175-e10a-45b4-a54f-2e2a7bca99a5,weekly.4.99.3d.trial,3,2023-04-29 03:19:21.000000 UTC,2023-04-29 03:19:21.000000 UTC,2023-04-29 03:19:21.000000 UTC,1,499,2023-04-28 18:03:28.000000 UTC,
a83a0243-2f59-4b29-be5c-d1979505eb06,monthly.9.99.3d.trial,3,2023-04-29 06:05:08.000000 UTC,2023-04-29 06:05:08.000000 UTC,2023-06-05 04:58:45.000000 UTC,3,2997,2023-05-17 18:10:46.000000 UTC,
a83a95e0-c9f2-4611-b5e0-5c7f8dea9cf9,weekly.2.49,7,,2023-05-14 17:54:16.000000 UTC,2023-05-22 06:43:53.000000 UTC,2,498,2023-05-19 20:20:11.000000 UTC,
a8816680-2360-4107-b837-b0e0bd363aca,monthly.7.49,30,,2023-06-06 16:13:41.000000 UTC,2023-07-13 16:14:34.000000 UTC,3,2247,2023-06-22 01:13:04.000000 UTC,
a883196e-e8c1-4c90-8424-ba8b7ed0b578,weekly.2.49,7,,2023-05-20 07:25:08.000000 UTC,2023-10-15 07:24:41.000000 UTC,22,210259,,
a8ad231c-4ae5-4e93-884b-9fc6063c6b2d,weekly.4.99.3d.trial,3,2023-03-07 14:22:20.000000 UTC,2023-03-07 14:22:20.000000 UTC,2023-03-07 14:22:20.000000 UTC,1,499,2023-03-06 22:21:17.000000 UTC,
a8cfb276-4254-45c0-ad21-a271b9ede056,weekly.2.49,7,,2023-03-11 05:44:06.000000 UTC,2023-03-11 05:44:06.000000 UTC,1,249,,
a90d6c8e-1433-48fb-9773-cf9915d36c2c,weekly.2.49,7,,2023-03-11 11:32:01.000000 UTC,2023-07-01 11:31:51.000000 UTC,17,4233,2023-07-03 13:55:19.000000 UTC,
a90ea63b-ed69-466e-9158-5b37a815c022,monthly.9.99.3d.trial,3,2023-06-01 07:54:12.000000 UTC,2023-06-01 07:54:12.000000 UTC,2023-08-19 07:54:31.000000 UTC,9,351708,2023-07-28 22:45:32.000000 UTC,
a920fd10-6359-4cea-965f-3208ab634fff,weekly.4.99.3d.trial,3,2023-07-21 06:30:44.000000 UTC,2023-07-21 06:30:44.000000 UTC,2023-08-17 06:30:19.000000 UTC,5,2495,,
a940d6ab-9a97-4382-a567-a1a0e69d1760,weekly.2.49,7,,2023-05-24 15:06:51.000000 UTC,2023-08-23 15:07:51.000000 UTC,14,3486,2023-08-23 23:36:22.000000 UTC,
a947f890-acb1-4753-9b54-22760bd91d50,weekly.4.99.3d.trial,3,2023-06-04 10:24:51.000000 UTC,2023-06-04 10:24:51.000000 UTC,2023-06-19 10:23:28.000000 UTC,3,1497,2023-06-19 20:40:56.000000 UTC,
a9958900-b291-4719-acc1-b7efc5629bb0,weekly.4.99.3d.trial,3,2023-03-09 11:38:31.000000 UTC,2023-03-09 11:38:31.000000 UTC,2023-03-30 11:37:33.000000 UTC,4,158695,,2023-03-19 05:51:43.000000 UTC
a9971c93-4566-4cce-9f2a-e746b629e5dc,monthly.9.99.3d.trial,3,2023-03-08 18:34:11.000000 UTC,2023-03-08 18:34:11.000000 UTC,2023-04-18 03:45:07.000000 UTC,4,3996,2023-03-25 21:03:19.000000 UTC,
a9dd9cce-692c-498a-a8d7-ed8731287da9,monthly.9.99.3d.trial,3,2023-03-01 21:56:18.000000 UTC,2023-03-01 21:56:18.000000 UTC,2023-04-01 12:59:34.000000 UTC,2,1998,2023-04-21 21:20:15.000000 UTC,
a9f95613-dc56-4bc3-9c33-235fdbe7d4d1,monthly.9.99.3d.trial,3,2023-04-29 05:06:46.000000 UTC,2023-04-29 05:06:46.000000 UTC,2023-11-07 19:17:47.000000 UTC,26,23976,,2023-08-06 19:16:46.000000 UTC
aa22cc98-061c-494f-b4f0-00c04bcfdc8c,monthly.9.99.3d.trial,3,2023-04-29 20:43:17.000000 UTC,2023-04-29 20:43:17.000000 UTC,2023-04-29 20:43:17.000000 UTC,1,999,,
aa93e710-e38c-4fa5-9df4-2517435da8b6,weekly.2.49,7,,2023-04-28 13:27:14.000000 UTC,2023-07-22 13:26:57.000000 UTC,13,134007,2023-07-24 23:56:00.000000 UTC,
aaaf0f34-5b43-491c-9360-c1750d1d77b7,weekly.2.49,7,,2023-05-21 16:42:16.000000 UTC,2023-05-21 16:42:16.000000 UTC,1,249,2023-05-22 14:25:16.000000 UTC,
aac38569-af73-40d5-b657-98b087ee2249,weekly.4.99.3d.trial,3,2023-05-02 20:03:34.000000 UTC,2023-05-02 20:03:34.000000 UTC,2023-05-02 20:03:34.000000 UTC,1,499,2023-05-02 21:00:00.000000 UTC,
aac6afe8-690f-4f8b-9842-4b0492e9516e,weekly.4.99.3d.trial,3,2023-03-17 20:04:33.000000 UTC,2023-03-17 20:04:33.000000 UTC,2023-03-17 20:04:33.000000 UTC,1,499,2023-03-17 11:46:38.000000 UTC,
aaec6123-e8df-4b6c-8f8b-402ccfb447c1,weekly.2.49,7,,2023-05-16 12:13:30.000000 UTC,2023-05-16 12:13:30.000000 UTC,1,249,2023-05-18 18:13:30.000000 UTC,
aaee1e0d-a35b-4fe2-86ca-423e4eb81091,weekly.4.99.3d.trial,3,2023-04-19 15:15:10.000000 UTC,2023-04-19 15:15:10.000000 UTC,2023-04-24 16:59:08.000000 UTC,2,998,2023-04-18 17:05:06.000000 UTC,
aaf7264b-5937-4698-8473-965ee2c8b081,weekly.2.49,7,,2023-03-24 06:24:56.000000 UTC,2023-03-24 06:24:56.000000 UTC,1,249,2023-03-27 18:40:56.000000 UTC,
aaf9e7e0-c49f-48e3-819b-090c6426b45a,weekly.2.49,7,,2023-04-06 10:43:06.000000 UTC,2023-04-06 10:43:06.000000 UTC,1,249,,
ab0911e9-e3c7-4338-abff-9230a87b6942,weekly.4.99.3d.trial,3,2023-04-16 09:06:33.000000 UTC,2023-04-16 09:06:33.000000 UTC,2023-04-30 01:00:23.000000 UTC,3,1497,2023-04-29 01:00:23.000000 UTC,
ab0d01e6-aebd-4a2a-bd1a-aead039e4045,monthly.7.49,30,,2023-03-07 16:11:13.000000 UTC,2023-03-07 16:11:13.000000 UTC,1,749,2023-03-08 09:40:48.000000 UTC,
ab1defbe-8081-4958-baf8-bf6bb42d492b,weekly.2.49,7,,2023-06-13 20:08:44.000000 UTC,2023-06-13 20:08:44.000000 UTC,1,249,2023-05-12 12:39:11.000000 UTC,
ab2a5876-40c8-46a9-8137-c8c2abff6a59,monthly.9.99.3d.trial,3,2023-03-07 08:58:53.000000 UTC,2023-03-07 08:58:53.000000 UTC,2023-03-07 08:58:53.000000 UTC,1,999,2023-03-06 13:25:19.000000 UTC,
ab3d862f-3d02-462a-a232-5855903f2580,weekly.4.99.3d.trial,3,2023-03-18 10:26:16.000000 UTC,2023-03-18 10:26:16.000000 UTC,2023-03-24 10:27:14.000000 UTC,2,998,2023-03-25 00:51:59.000000 UTC,
ab55e991-ac9d-4919-98e6-57b7dd3e5134,monthly.7.49,30,,2023-06-04 19:19:18.000000 UTC,2023-06-04 19:19:18.000000 UTC,1,749,2023-05-15 04:51:24.000000 UTC,
ab58856f-659c-4227-b7ce-ba3dad56c56c,weekly.2.49,7,,2023-05-26 16:26:19.000000 UTC,2023-05-26 16:26:19.000000 UTC,1,249,2023-05-26 19:42:15.000000 UTC,
ab5d960e-5072-4f37-a37a-8e7578d61ee0,weekly.4.99.3d.trial,3,2023-05-13 14:35:19.000000 UTC,2023-05-13 14:35:19.000000 UTC,2023-05-13 14:35:19.000000 UTC,1,499,2023-05-16 04:42:16.000000 UTC,
ab5ee7b2-2249-4090-9cb5-db3ce2f16ba8,weekly.4.99.3d.trial,3,2023-04-01 01:10:51.000000 UTC,2023-04-01 01:10:51.000000 UTC,2023-04-01 01:10:51.000000 UTC,1,499,2023-04-01 14:56:33.000000 UTC,
ab693a0f-39dd-4581-9871-682b1ad027ff,weekly.4.99.3d.trial,3,2023-05-18 10:22:56.000000 UTC,2023-05-18 10:22:56.000000 UTC,2023-07-11 18:02:58.000000 UTC,5,2495,,
abab6a03-04b4-4835-95f9-3bb6fb3d51aa,weekly.2.49,7,,2023-05-27 11:07:18.000000 UTC,2023-08-06 11:06:48.000000 UTC,11,2739,2023-08-12 10:17:35.000000 UTC,
abd4ac91-1e3b-4b69-baad-f69e31d8c62f,weekly.4.99.3d.trial,3,2023-04-23 04:42:07.000000 UTC,2023-04-23 04:42:07.000000 UTC,2023-04-29 04:42:32.000000 UTC,2,998,2023-04-29 11:56:18.000000 UTC,
abde1b8c-30c9-45b4-87cd-dcae9290f0a2,weekly.2.49,7,,2023-03-23 13:21:43.000000 UTC,2023-10-13 13:20:15.000000 UTC,30,179320,,2023-09-14 13:20:17.000000 UTC
abfc23c2-f2fa-4bd2-9956-5f56d296d15f,monthly.7.49,30,,2023-05-02 08:48:21.000000 UTC,2023-05-02 08:48:21.000000 UTC,1,749,,
ac104b42-b68c-415d-9555-02365fa983ee,weekly.4.99.3d.trial,3,2023-05-27 08:33:26.000000 UTC,2023-05-27 08:33:26.000000 UTC,2023-10-14 00:14:44.000000 UTC,6,2994,,
ac1429a2-8bdc-4b00-a0cd-2eb77a0cbaaf,weekly.4.99.3d.trial,3,2023-03-12 00:26:34.000000 UTC,2023-03-12 00:26:34.000000 UTC,2023-05-20 07:42:03.000000 UTC,11,421673,,
ac4b2513-471a-4907-bc1b-78fb128889e0,weekly.4.99.3d.trial,3,2023-04-25 17:40:02.000000 UTC,2023-04-25 17:40:02.000000 UTC,2023-04-25 17:40:02.000000 UTC,1,499,2023-04-24 17:41:42.000000 UTC,
ac5e7f8f-8897-4064-8484-98a032328493,monthly.7.49,30,,2023-03-15 22:19:43.000000 UTC,2023-03-15 22:19:43.000000 UTC,1,749,2023-03-19 04:25:02.000000 UTC,
ac694c50-3279-4429-b214-40a1edbdfe03,monthly.9.99.3d.trial,3,2023-05-20 14:20:23.000000 UTC,2023-05-20 14:20:23.000000 UTC,2023-05-20 14:20:23.000000 UTC,1,999,2023-05-25 17:37:42.000000 UTC,
aca3d061-f5ab-48b2-a28f-6a33986693f0,weekly.2.49,7,,2023-03-05 09:14:47.000000 UTC,2023-03-26 08:15:04.000000 UTC,4,996,,
acb44bea-2a39-4e23-8019-c3d6ca7aed43,weekly.4.99.3d.trial,3,2023-05-30 17:10:30.000000 UTC,2023-05-30 17:10:30.000000 UTC,2023-05-30 17:10:30.000000 UTC,1,499,2023-05-30 05:04:55.000000 UTC,
acb8388d-d35e-4b69-a4f4-fb95027af5a0,weekly.4.99.3d.trial,3,2023-04-18 17:16:21.000000 UTC,2023-04-18 17:16:21.000000 UTC,2023-10-16 17:16:14.000000 UTC,27,80507,,
acc825f0-53c4-4254-8925-c838fbce8962,weekly.4.99.3d.trial,3,2023-04-29 03:26:26.000000 UTC,2023-04-29 03:26:26.000000 UTC,2023-04-29 03:26:26.000000 UTC,1,499,2023-04-28 09:47:41.000000 UTC,
acced6a4-eb04-490b-a912-574321dc4e39,monthly.7.49,30,,2023-05-15 20:15:08.000000 UTC,2023-10-08 07:11:20.000000 UTC,11,8239,,
acdd62d3-9963-450a-a467-9cc3e34b355b,weekly.4.99.3d.trial,3,2023-03-07 16:18:00.000000 UTC,2023-03-07 16:18:00.000000 UTC,2023-10-16 15:18:14.000000 UTC,33,16467,,
ace573d0-3e0e-462f-8b8d-8262a08cf58c,weekly.2.49,7,,2023-04-16 01:05:14.000000 UTC,2023-04-16 01:05:14.000000 UTC,1,249,2023-03-11 13:34:33.000000 UTC,
acf2990b-07db-472c-a63d-f5ef46c332f3,monthly.9.99.3d.trial,3,2023-05-23 07:41:19.000000 UTC,2023-05-23 07:41:19.000000 UTC,2023-11-10 07:40:56.000000 UTC,22,21978,,
acf3e1f5-8c38-4739-93c9-beed1fa13ba8,weekly.2.49,7,,2023-05-20 13:54:40.000000 UTC,2023-05-20 13:54:40.000000 UTC,1,249,,
ad22a6c1-cfbe-4d51-b8c4-542a4b80726d,weekly.2.49,7,,2023-04-30 16:55:43.000000 UTC,2023-05-15 16:55:06.000000 UTC,3,169492,2023-05-15 16:01:44.000000 UTC,
ad4e6151-7b13-4d2a-b1ef-4191002929d7,weekly.4.99.3d.trial,3,2023-05-31 08:47:42.000000 UTC,2023-05-31 08:47:42.000000 UTC,2023-05-31 08:47:42.000000 UTC,1,499,2023-06-03 15:48:32.000000 UTC,
ad586db5-3f82-47a9-9576-ac82512efe94,weekly.2.49,7,,2023-04-29 07:03:55.000000 UTC,2023-04-29 07:03:55.000000 UTC,1,249,2023-04-29 13:01:32.000000 UTC,
ad966015-4c78-42bc-8512-d117b1f1dfef,monthly.9.99.3d.trial,3,2023-04-19 16:11:30.000000 UTC,2023-04-19 16:11:30.000000 UTC,2023-04-19 16:11:30.000000 UTC,1,999,2023-04-23 02:17:53.000000 UTC,
adcd9531-39da-4fe6-91e4-23d69d79854c,monthly.9.99.3d.trial,3,2023-05-18 12:21:35.000000 UTC,2023-05-18 12:21:35.000000 UTC,2023-06-17 18:21:50.000000 UTC,2,1998,2023-05-18 18:05:06.000000 UTC,
adec9c29-041c-4c60-b45a-b47cc792befd,weekly.2.49,7,,2023-03-10 11:02:33.000000 UTC,2023-04-14 00:07:34.000000 UTC,7,1743,2023-04-05 05:37:12.000000 UTC,
adf08a6c-6018-488d-98c3-a8659007cc6b,weekly.2.49,7,,2023-06-17 16:35:12.000000 UTC,2023-10-15 16:34:50.000000 UTC,18,4482,,
ae034181-f9ad-48df-a76a-c1f2ba042888,weekly.2.49,7,,2023-03-23 08:33:23.000000 UTC,2023-03-31 08:31:59.000000 UTC,2,498,2023-03-30 18:22:55.000000 UTC,
ae358b24-30a4-40e9-b769-89eb43e4fe1f,weekly.2.49,7,,2023-05-17 06:19:10.000000 UTC,2023-06-15 06:17:11.000000 UTC,5,1245,2023-06-18 14:56:15.000000 UTC,
ae3936c1-8306-49dd-9ac0-ee992827e0a5,weekly.2.49,7,,2023-03-27 12:58:31.000000 UTC,2023-03-27 12:58:31.000000 UTC,1,0,2023-03-31 17:21:43.000000 UTC,2023-03-27 12:58:31.000000 UTC
ae77696d-ca3e-4cc3-81a1-244b17e8c263,weekly.4.99.3d.trial,3,2023-04-27 09:08:50.000000 UTC,2023-04-27 09:08:50.000000 UTC,2023-07-13 09:08:30.000000 UTC,12,518602,2023-07-16 03:42:57.000000 UTC,
ae7cbe6e-46f4-4425-96b3-c7e1dca9cb6a,weekly.4.99.3d.trial,3,2023-04-14 13:25:44.000000 UTC,2023-04-14 13:25:44.000000 UTC,2023-04-14 13:25:44.000000 UTC,1,499,2023-04-14 22:14:54.000000 UTC,
aef1d45f-e0f3-4b18-b3ed-de2cabcd8865,monthly.9.99.3d.trial,3,2023-05-04 23:24:02.000000 UTC,2023-05-04 23:24:02.000000 UTC,2023-05-04 23:24:02.000000 UTC,1,999,2023-05-04 23:29:25.000000 UTC,
af02e94b-fa32-4d98-8636-1d95c5801e7e,weekly.2.49,7,,2023-05-10 17:30:43.000000 UTC,2023-05-10 17:30:43.000000 UTC,1,74694,2023-05-10 22:23:47.000000 UTC,
af1b3ef8-3ed5-4653-9757-73af0b026490,monthly.9.99.3d.trial,3,2023-05-05 08:30:26.000000 UTC,2023-05-05 08:30:26.000000 UTC,2023-06-25 08:28:45.000000 UTC,5,4995,2023-06-02 04:57:44.000000 UTC,
af5ecd73-4bc8-436d-8a0a-888831617b89,weekly.2.49,7,,2023-04-24 11:49:21.000000 UTC,2023-05-01 11:50:37.000000 UTC,2,498,2023-05-04 19:06:10.000000 UTC,
af8cb015-6765-4b84-9e30-9dbe82c995d5,weekly.2.49,7,,2023-06-21 00:43:24.000000 UTC,2023-06-28 00:43:27.000000 UTC,2,498,2023-06-21 04:59:36.000000 UTC,
af8d6086-a3d6-4067-8960-983b29176ec7,weekly.2.49,7,,2023-04-13 13:17:04.000000 UTC,2023-04-13 13:17:04.000000 UTC,1,249,2023-04-13 13:37:04.000000 UTC,
af9bedb0-ec97-478d-ab6b-c8ba0c33d683,weekly.2.49,7,,2023-05-31 13:36:04.000000 UTC,2023-06-17 08:28:53.000000 UTC,4,747,2023-06-22 18:10:55.000000 UTC,2023-06-16 08:28:53.000000 UTC
b00677f0-da51-48d5-9986-876e9486e0e4,weekly.2.49,7,,2023-04-01 17:48:22.000000 UTC,2023-04-01 17:48:22.000000 UTC,1,249,2023-04-02 21:36:46.000000 UTC,
b00d7384-ebef-4ba6-9ca0-2b0bf479af7e,weekly.4.99.3d.trial,3,2023-04-21 05:58:33.000000 UTC,2023-04-21 05:58:33.000000 UTC,2023-08-10 05:57:20.000000 UTC,17,8483,,
b01715cd-2ca4-46e1-96df-5bff14a2344c,weekly.4.99.3d.trial,3,2023-08-14 08:42:38.000000 UTC,2023-08-14 08:42:38.000000 UTC,2023-08-28 08:42:24.000000 UTC,3,1497,2023-08-31 01:52:05.000000 UTC,
b01a565e-4914-437d-a84f-2aed059e2802,monthly.9.99.3d.trial,3,2023-04-28 14:40:41.000000 UTC,2023-04-28 14:40:41.000000 UTC,2023-06-04 14:18:43.000000 UTC,3,125053,2023-05-12 02:05:09.000000 UTC,
b044b5f2-94ad-4182-b3a8-c459d35ddc29,weekly.2.49,7,,2023-05-20 05:15:39.000000 UTC,2023-05-20 05:15:39.000000 UTC,1,249,,
b08dbd28-d92e-4449-be28-5df210a307b7,weekly.4.99.3d.trial,3,2023-04-17 11:46:12.000000 UTC,2023-04-17 11:46:12.000000 UTC,2023-05-08 11:46:25.000000 UTC,4,1996,2023-05-11 15:18:10.000000 UTC,
b09341e8-b588-4009-a8bf-35c4979a73cf,monthly.9.99.3d.trial,3,2023-03-18 01:42:38.000000 UTC,2023-03-18 01:42:38.000000 UTC,2023-03-18 01:42:38.000000 UTC,1,999,2023-03-17 14:04:50.000000 UTC,
b0985989-29ca-4a08-8ece-7a47b5e9ae34,monthly.9.99.3d.trial,3,2023-04-26 13:55:08.000000 UTC,2023-04-26 13:55:08.000000 UTC,2023-07-27 06:02:28.000000 UTC,4,3996,2023-07-27 09:54:29.000000 UTC,
b0985fd3-c650-419d-821a-84ca9d26a25d,weekly.2.49,7,,2023-03-18 04:13:41.000000 UTC,2023-04-09 04:12:09.000000 UTC,4,996,2023-04-09 09:11:40.000000 UTC,
b0a72b27-ec80-4323-a5d0-16f9ab3bd6f6,weekly.4.99.3d.trial,3,2023-05-26 09:57:24.000000 UTC,2023-05-26 09:57:24.000000 UTC,2023-05-26 09:57:24.000000 UTC,1,210342,2023-05-26 14:51:32.000000 UTC,
b0d438b5-3922-4683-86e4-edec7e1aa46d,monthly.7.49,30,,2023-06-04 16:32:08.000000 UTC,2023-06-04 16:32:08.000000 UTC,1,749,,
b0e41089-c069-4c1f-8620-352202b398df,monthly.9.99.3d.trial,3,2023-03-25 07:57:54.000000 UTC,2023-03-25 07:57:54.000000 UTC,2023-05-01 07:57:36.000000 UTC,3,1998,2023-04-07 12:49:06.000000 UTC,2023-03-24 07:57:54.000000 UTC
b13afdba-daa4-4755-b707-69a11d9f4221,weekly.2.49,7,,2023-05-20 06:45:35.000000 UTC,2023-10-15 06:44:29.000000 UTC,22,5478,,
b14698a7-3211-45b2-81f0-b5fc91bb76cc,monthly.9.99.3d.trial,3,2023-07-24 15:23:21.000000 UTC,2023-07-24 15:23:21.000000 UTC,2023-10-11 09:17:26.000000 UTC,5,827101,2023-09-19 23:08:29.000000 UTC,
b15bdbd6-d047-4dce-9d63-638a5710e1d6,monthly.7.49,30,,2023-04-18 11:30:28.000000 UTC,2023-06-15 11:30:36.000000 UTC,6,1173799,2023-05-25 13:40:38.000000 UTC,
b1bbac6d-986a-41d9-bcf9-2643f949fd3e,weekly.2.49,7,,2023-03-11 15:48:47.000000 UTC,2023-04-19 05:01:01.000000 UTC,8,1992,2023-04-14 12:53:55.000000 UTC,
b1e2d940-1b0d-4b07-b495-be647ead3b87,monthly.7.49,30,,2023-05-16 16:23:31.000000 UTC,2023-08-03 16:23:58.000000 UTC,9,6741,2023-07-15 01:52:16.000000 UTC,
b1ed564a-7566-42f2-b4a9-91dc473b8278,weekly.4.99.3d.trial,3,2023-03-18 16:15:38.000000 UTC,2023-03-18 16:15:38.000000 UTC,2023-03-18 16:15:38.000000 UTC,1,499,,
b23ceeb3-5b3c-4c53-abc6-204d197bf7ec,weekly.2.49,7,,2023-03-17 09:38:03.000000 UTC,2023-07-14 09:38:18.000000 UTC,18,4482,2023-07-18 17:39:50.000000 UTC,
b27c663f-55dc-45e7-949c-111c6961de2b,weekly.2.49,7,,2023-06-08 22:41:03.000000 UTC,2023-10-16 19:37:24.000000 UTC,20,230308,,2023-09-11 19:37:13.000000 UTC
b2856340-ca09-4ef8-bdbc-6de8b68d1ca1,weekly.2.49,7,,2023-03-13 11:45:59.000000 UTC,2023-07-17 11:47:00.000000 UTC,19,371007,2023-07-21 14:53:05.000000 UTC,2023-07-17 11:47:00.000000 UTC
b2d36cca-513c-4927-aeae-547f22e77981,weekly.4.99.3d.trial,3,2023-06-11 08:50:36.000000 UTC,2023-06-11 08:50:36.000000 UTC,2023-06-11 08:50:36.000000 UTC,1,499,2023-06-10 13:43:46.000000 UTC,
b30d89aa-8657-48ba-9a4b-e9dd7d0c016c,weekly.2.49,7,,2023-04-29 08:37:23.000000 UTC,2023-04-29 08:37:23.000000 UTC,1,249,2023-04-29 23:43:28.000000 UTC,
b3306656-ee85-4447-838d-fad11f50fd42,weekly.4.99.3d.trial,3,2023-04-21 21:36:42.000000 UTC,2023-04-21 21:36:42.000000 UTC,2023-06-08 15:34:05.000000 UTC,8,3992,2023-06-10 13:45:27.000000 UTC,
b37613bf-9b8d-49b5-a84c-398c0e3fd4b9,monthly.9.99.3d.trial,3,2023-03-17 16:29:06.000000 UTC,2023-03-17 16:29:06.000000 UTC,2023-09-02 16:28:47.000000 UTC,21,19980,,2023-05-18 16:31:20.000000 UTC
b378d9bc-9da7-4c62-896e-9f99e9b5b6b3,weekly.2.49,7,,2023-05-20 13:00:42.000000 UTC,2023-08-19 13:00:07.000000 UTC,14,154455,,
b37ee5ac-59ab-4d29-8b89-656975dc5fb9,weekly.2.49,7,,2023-03-23 13:19:05.000000 UTC,2023-03-23 13:19:05.000000 UTC,1,249,2023-03-25 03:37:39.000000 UTC,
b3ac818f-643a-42a5-a7df-72a74eca651c,weekly.4.99.3d.trial,3,2023-05-13 13:45:10.000000 UTC,2023-05-13 13:45:10.000000 UTC,2023-06-03 13:45:46.000000 UTC,4,1996,2023-06-05 02:07:32.000000 UTC,
b3c4ba6f-1128-43e5-b87c-e595e98e8952,monthly.7.49,30,,2023-05-26 02:19:19.000000 UTC,2023-05-26 02:19:19.000000 UTC,1,749,2023-05-26 19:55:44.000000 UTC,
b3f6cdee-2bc9-42c9-bea7-a2ea4cf58549,monthly.9.99.3d.trial,3,2023-05-11 21:13:40.000000 UTC,2023-05-11 21:13:40.000000 UTC,2023-05-11 21:13:40.000000 UTC,1,999,2023-05-11 15:33:47.000000 UTC,
b4047e5d-c968-41ed-992d-e51ffc48cfdf,weekly.2.49,7,,2023-06-05 18:01:37.000000 UTC,2023-07-11 10:01:47.000000 UTC,6,1494,2023-07-10 18:39:41.000000 UTC,
b40a3609-02ce-4b3f-bd3c-1373d6d3f933,weekly.2.49,7,,2023-03-17 18:43:46.000000 UTC,2023-04-22 18:43:44.000000 UTC,6,7068,2023-04-28 05:14:37.000000 UTC,
b40e972a-614e-418b-b263-c2e3bf9012be,weekly.4.99.3d.trial,3,2023-08-03 08:51:09.000000 UTC,2023-08-03 08:51:09.000000 UTC,2023-08-03 08:51:09.000000 UTC,1,499,2023-08-03 10:05:54.000000 UTC,
b41146fa-0c8d-44f6-8a3a-45d761aa5a1a,weekly.2.49,7,,2023-08-22 13:45:17.000000 UTC,2023-10-18 07:32:07.000000 UTC,6,1494,2023-09-07 21:40:41.000000 UTC,
b4abe6d8-3c2a-4edd-93a9-d1e2dc5ce931,weekly.4.99.3d.trial,3,2023-04-19 23:31:39.000000 UTC,2023-04-19 23:31:39.000000 UTC,2023-05-24 23:30:35.000000 UTC,6,2994,2023-05-24 01:19:12.000000 UTC,
b4b95cc0-183b-4196-99a5-56a342fc8147,weekly.2.49,7,,2023-03-16 15:01:15.000000 UTC,2023-03-31 15:01:44.000000 UTC,3,747,2023-03-31 19:11:59.000000 UTC,
b4c291b6-2b8c-45fa-89a2-e50e6f616b1b,weekly.4.99.3d.trial,3,2023-03-17 06:52:29.000000 UTC,2023-03-17 06:52:29.000000 UTC,2023-03-30 06:52:33.000000 UTC,3,1497,2023-04-02 02:23:45.000000 UTC,
b4ebf695-9b33-4a1e-8ccf-79a6297ea9a0,weekly.4.99.3d.trial,3,2023-04-03 15:18:59.000000 UTC,2023-04-03 15:18:59.000000 UTC,2023-05-14 15:21:12.000000 UTC,7,3493,2023-05-19 01:27:54.000000 UTC,
b51d5405-d316-4343-84a5-3f2f8fe385b1,monthly.7.49,30,,2023-05-22 09:41:08.000000 UTC,2023-06-22 09:40:38.000000 UTC,2,1498,2023-06-04 18:01:26.000000 UTC,
b54cabdd-357d-4683-81bd-97e22cb1a824,weekly.2.49,7,,2023-04-24 06:21:14.000000 UTC,2023-04-24 06:21:14.000000 UTC,1,249,2023-04-24 16:16:33.000000 UTC,
b56cbad5-19d3-4031-884b-d845f5278c3a,weekly.4.99.3d.trial,3,2023-03-07 02:14:15.000000 UTC,2023-03-07 02:14:15.000000 UTC,2023-03-14 01:14:13.000000 UTC,2,372411,,
b5b8fdce-3ecd-4a8f-8b64-878219026e9c,monthly.9.99.3d.trial,3,2023-04-30 00:05:16.000000 UTC,2023-04-30 00:05:16.000000 UTC,2023-09-12 00:05:08.000000 UTC,17,58002,2023-08-24 11:30:24.000000 UTC,
b5fca775-21cf-4940-8e72-e0ac0e57381b,weekly.2.49,7,,2023-03-16 06:54:37.000000 UTC,2023-05-06 06:53:26.000000 UTC,8,1992,2023-05-08 18:48:35.000000 UTC,
b626e4f8-9dbe-4904-9c7b-aa13e5cca3c6,weekly.2.49,7,,2023-03-09 12:00:19.000000 UTC,2023-04-06 11:59:47.000000 UTC,5,1245,2023-04-13 10:46:14.000000 UTC,
b6644867-22a8-45c7-bd9b-3d625e9a5d25,weekly.4.99.3d.trial,3,2023-04-12 15:24:24.000000 UTC,2023-04-12 15:24:24.000000 UTC,2023-04-12 15:24:24.000000 UTC,1,499,2023-04-15 16:47:05.000000 UTC,
b66531af-916c-448c-960f-79e7e2e40e50,weekly.4.99.3d.trial,3,2023-06-01 13:29:56.000000 UTC,2023-06-01 13:29:56.000000 UTC,2023-08-10 13:31:43.000000 UTC,11,230175,,
b678c7c6-c5e3-4d2d-a454-a1acab852d91,weekly.2.49,7,,2023-03-31 23:47:52.000000 UTC,2023-05-23 06:35:01.000000 UTC,7,1743,2023-06-30 14:37:02.000000 UTC,
b691d6d5-0755-4e9f-9c06-93ed702e5c52,monthly.9.99.3d.trial,3,2023-05-04 04:12:11.000000 UTC,2023-05-04 04:12:11.000000 UTC,2023-06-10 04:11:49.000000 UTC,3,2997,2023-05-21 17:24:29.000000 UTC,
b71bf031-cc42-4099-a562-1e18f0256be2,weekly.4.99.3d.trial,3,2023-05-04 03:56:36.000000 UTC,2023-05-04 03:56:36.000000 UTC,2023-05-24 03:57:15.000000 UTC,4,1996,,
b72f4bed-86f7-4b39-906e-396f113a0a19,weekly.4.99.3d.trial,3,2023-03-09 12:49:20.000000 UTC,2023-03-09 12:49:20.000000 UTC,2023-05-03 12:47:35.000000 UTC,9,3992,2023-05-06 12:44:55.000000 UTC,2023-03-22 12:49:57.000000 UTC
b73a543e-490b-4192-8c02-d5508b9c295d,weekly.2.49,7,,2023-06-07 10:35:23.000000 UTC,2023-06-15 10:35:05.000000 UTC,2,249,2023-06-14 16:09:16.000000 UTC,2023-06-14 10:35:05.000000 UTC
b742d42a-9bee-42be-bec2-91299ce8b1fd,weekly.4.99.3d.trial,3,2023-04-01 11:31:51.000000 UTC,2023-04-01 11:31:51.000000 UTC,2023-04-29 11:31:51.000000 UTC,5,1996,2023-05-02 21:32:28.000000 UTC,2023-04-07 11:31:52.000000 UTC
b7557d59-6d54-409d-8b9d-57ff644b23a4,monthly.7.49,30,,2023-05-08 13:42:37.000000 UTC,2023-05-08 13:42:37.000000 UTC,1,749,2023-05-11 20:44:12.000000 UTC,
b75baebe-008f-44ad-9a43-7885a3961abc,weekly.4.99.3d.trial,3,2023-04-15 13:15:51.000000 UTC,2023-04-15 13:15:51.000000 UTC,2023-06-10 13:15:52.000000 UTC,9,4491,2023-06-14 17:23:00.000000 UTC,
b77e5095-2afc-42ce-be2f-3aa72c4e10c3,monthly.9.99.3d.trial,3,2023-05-16 12:20:09.000000 UTC,2023-05-16 12:20:09.000000 UTC,2023-07-19 12:19:57.000000 UTC,7,6993,2023-06-27 07:24:30.000000 UTC,
b7a2e4f1-24df-4bfa-94cd-bbac1411d05d,weekly.2.49,7,,2023-03-24 05:28:41.000000 UTC,2023-03-24 05:28:41.000000 UTC,1,249,2023-03-24 18:02:44.000000 UTC,
b7dcb6a6-4fda-4bfd-9ec8-6b06b36296a1,weekly.2.49,7,,2023-03-22 15:45:04.000000 UTC,2023-03-29 21:45:01.000000 UTC,2,498,,
b7f2a03e-695e-4e45-aa47-f32e351f44e3,weekly.2.49,7,,2023-03-26 16:32:48.000000 UTC,2023-03-26 16:32:48.000000 UTC,1,249,,
b8067f18-5f57-463e-841d-000af5e75e98,weekly.4.99.3d.trial,3,2023-06-10 19:09:03.000000 UTC,2023-06-10 19:09:03.000000 UTC,2023-06-10 19:09:03.000000 UTC,1,499,2023-06-11 16:26:27.000000 UTC,
b82c7e88-e6f4-4907-9321-d7559a8118d9,weekly.2.49,7,,2023-03-27 09:56:10.000000 UTC,2023-10-08 01:10:21.000000 UTC,10,2490,,
b8528b51-fdea-40a7-814d-83d9c5833b29,weekly.2.49,7,,2023-08-26 16:01:53.000000 UTC,2023-08-26 16:01:53.000000 UTC,1,249,2023-08-26 16:03:12.000000 UTC,
b874aa41-b0ae-4332-9c0f-3315bc3326b9,weekly.2.49,7,,2023-03-21 06:41:59.000000 UTC,2023-03-21 06:41:59.000000 UTC,1,249,2023-03-22 12:34:37.000000 UTC,
b88c7ff1-bb2e-4a9a-bf3e-b628dd3ee227,weekly.2.49,7,,2023-09-26 20:34:10.000000 UTC,2023-10-03 20:34:12.000000 UTC,2,498,2023-09-26 20:41:30.000000 UTC,
b896bcca-93f1-41d5-96e1-b2b7fa88b57f,weekly.4.99.3d.trial,3,2023-04-30 07:39:48.000000 UTC,2023-04-30 07:39:48.000000 UTC,2023-04-30 07:39:48.000000 UTC,1,499,2023-04-30 19:57:33.000000 UTC,
b89b34da-9870-4a3a-a0fe-8351d875e873,weekly.2.49,7,,2023-05-16 09:43:37.000000 UTC,2023-06-16 01:43:19.000000 UTC,5,199829,2023-06-16 04:32:14.000000 UTC,2023-05-16 09:43:37.000000 UTC
b89d8791-d3d8-41c8-8499-5817a04680ee,weekly.4.99.3d.trial,3,2023-03-11 11:51:59.000000 UTC,2023-03-11 11:51:59.000000 UTC,2023-05-27 11:51:07.000000 UTC,12,5988,2023-05-31 02:18:52.000000 UTC,
b8b1d03c-f4c1-4cf4-8a8b-800cd15cf3e7,monthly.9.99.3d.trial,3,2023-03-09 18:51:27.000000 UTC,2023-03-09 18:51:27.000000 UTC,2023-04-28 18:51:14.000000 UTC,5,704131,,
b8b3201e-a8b5-42d6-ad2b-753955c4a9b5,weekly.4.99.3d.trial,3,2023-03-09 16:51:35.000000 UTC,2023-03-09 16:51:35.000000 UTC,2023-05-10 16:52:12.000000 UTC,10,4990,2023-05-17 14:45:36.000000 UTC,
b8c8510f-1c73-40bc-a1f6-06b101a9b711,weekly.2.49,7,,2023-05-17 05:04:57.000000 UTC,2023-05-17 05:04:57.000000 UTC,1,249,2023-05-19 03:57:00.000000 UTC,
b8c85302-484b-4576-a699-716edd46c5b1,weekly.2.49,7,,2023-05-10 11:45:07.000000 UTC,2023-08-10 11:43:45.000000 UTC,14,3486,2023-08-09 17:10:06.000000 UTC,
b8db5092-e030-49d0-8776-8d5644f98a83,monthly.9.99.3d.trial,3,2023-05-21 06:09:11.000000 UTC,2023-05-21 06:09:11.000000 UTC,2023-11-08 06:09:34.000000 UTC,21,415478,,2023-07-09 06:09:22.000000 UTC
b90d18f2-1b23-47f5-a0d1-50ec1bb23722,weekly.4.99.3d.trial,3,2023-05-19 13:37:21.000000 UTC,2023-05-19 13:37:21.000000 UTC,2023-05-19 13:37:21.000000 UTC,1,499,2023-05-21 17:09:50.000000 UTC,
b916652b-750a-462b-8e5d-820c7150cf54,weekly.4.99.3d.trial,3,2023-03-18 23:31:01.000000 UTC,2023-03-18 23:31:01.000000 UTC,2023-03-24 23:31:03.000000 UTC,2,998,2023-03-26 01:18:53.000000 UTC,
b91bee83-5beb-4502-9d48-10a8c4c70eb6,weekly.2.49,7,,2023-04-08 09:33:26.000000 UTC,2023-08-20 09:33:20.000000 UTC,20,4980,2023-08-23 19:26:56.000000 UTC,
b9281eb9-2780-440d-a5ac-b137c877b1fc,weekly.2.49,7,,2023-04-22 22:21:53.000000 UTC,2023-08-18 03:57:56.000000 UTC,10,2241,2023-08-11 04:07:01.000000 UTC,2023-08-11 03:57:55.000000 UTC
b94842fb-2b10-4f1a-bba2-c404c924e85d,weekly.4.99.3d.trial,3,2023-05-05 08:05:40.000000 UTC,2023-05-05 08:05:40.000000 UTC,2023-05-05 08:05:40.000000 UTC,1,499,2023-05-06 14:12:43.000000 UTC,
b95301ce-2485-4cfe-9a54-d989f4388883,monthly.9.99.3d.trial,3,2023-05-13 05:54:26.000000 UTC,2023-05-13 05:54:26.000000 UTC,2023-05-13 05:54:26.000000 UTC,1,999,2023-05-13 06:21:31.000000 UTC,
b981fbeb-7fb3-4c4f-afb6-9cca11594424,weekly.4.99.3d.trial,3,2023-05-21 08:04:52.000000 UTC,2023-05-21 08:04:52.000000 UTC,2023-05-21 08:04:52.000000 UTC,1,499,,
b9930ef3-abf4-4ada-91b9-76e4b0f62b19,weekly.2.49,7,,2023-05-06 06:38:07.000000 UTC,2023-07-30 06:37:57.000000 UTC,13,3237,,
b9aa3158-c2d3-4735-a4f8-6e1f42f0c04f,monthly.7.49,30,,2023-05-05 13:11:42.000000 UTC,2023-06-05 13:10:29.000000 UTC,2,1498,2023-05-12 22:41:40.000000 UTC,
b9b217df-7ec7-431a-934f-bf76db51d64f,weekly.4.99.3d.trial,3,2023-06-07 13:23:17.000000 UTC,2023-06-07 13:23:17.000000 UTC,2023-07-05 13:20:16.000000 UTC,5,2495,2023-07-05 14:32:42.000000 UTC,
b9e93b54-4fe6-4396-b6d7-ce16df75fe3b,weekly.2.49,7,,2023-03-24 07:21:55.000000 UTC,2023-04-01 07:21:49.000000 UTC,2,498,2023-04-01 22:18:38.000000 UTC,
ba109088-fccc-4a2c-beb3-c3390cd49fb7,weekly.4.99.3d.trial,3,2023-03-26 07:47:03.000000 UTC,2023-03-26 07:47:03.000000 UTC,2023-08-27 07:47:00.000000 UTC,23,11477,2023-08-26 19:27:24.000000 UTC,
ba4f76b3-8e71-4ee6-8695-d94234a48179,weekly.4.99.3d.trial,3,2023-06-04 15:55:09.000000 UTC,2023-06-04 15:55:09.000000 UTC,2023-06-12 15:53:47.000000 UTC,2,460152,,
ba535657-c8bc-46ad-8846-a1d822559a3c,weekly.2.49,7,,2023-05-20 13:52:42.000000 UTC,2023-05-20 13:52:42.000000 UTC,1,249,,
ba62a832-aee1-47c0-81c7-d093955d8b79,weekly.4.99.3d.trial,3,2023-03-26 10:59:43.000000 UTC,2023-03-26 10:59:43.000000 UTC,2023-04-15 10:58:07.000000 UTC,4,1996,2023-04-22 01:51:35.000000 UTC,
ba7220a3-b7ab-4020-907d-4645e61088f0,weekly.2.49,7,,2023-05-27 12:04:11.000000 UTC,2023-10-02 11:15:08.000000 UTC,17,4233,2023-10-01 03:47:35.000000 UTC,
ba917fe8-fb30-4e06-ac84-a8c7d94c8e96,monthly.9.99.3d.trial,3,2023-05-28 06:48:18.000000 UTC,2023-05-28 06:48:18.000000 UTC,2023-05-28 06:48:18.000000 UTC,1,999,2023-05-27 16:16:59.000000 UTC,
ba9a4cab-27fd-4d9c-8437-674b43a9a6f9,monthly.7.49,30,,2023-04-20 07:13:59.000000 UTC,2023-09-03 07:12:50.000000 UTC,17,330953,,
ba9eb107-1385-41a9-b0da-ab1cc98d1b60,weekly.4.99.3d.trial,3,2023-04-07 09:07:30.000000 UTC,2023-04-07 09:07:30.000000 UTC,2023-04-07 09:07:30.000000 UTC,1,499,2023-04-09 01:48:26.000000 UTC,
baa3ba27-68d6-43fb-a9f8-7852194b6598,weekly.2.49,7,,2023-08-24 14:24:52.000000 UTC,2023-09-28 06:25:04.000000 UTC,6,92307,2023-10-01 14:27:49.000000 UTC,
baa55707-a3e3-4e1b-a711-b4ea0e3ffe4c,weekly.4.99.3d.trial,3,2023-05-26 12:21:48.000000 UTC,2023-05-26 12:21:48.000000 UTC,2023-05-26 12:21:48.000000 UTC,1,499,2023-05-25 19:10:39.000000 UTC,
baae476b-ea36-43d4-89c5-c1ee2fb68b9d,monthly.7.49,30,,2023-03-04 10:27:07.000000 UTC,2023-03-04 10:27:07.000000 UTC,1,749,2023-03-04 12:22:47.000000 UTC,
bad185d8-613d-40a2-9153-a2dadde95ebf,weekly.4.99.3d.trial,3,2023-04-17 16:59:27.000000 UTC,2023-04-17 16:59:27.000000 UTC,2023-05-15 09:00:54.000000 UTC,5,2495,2023-05-18 14:29:26.000000 UTC,
baff6e20-0e29-4e08-8f75-552565e1ac14,weekly.2.49,7,,2023-05-04 00:54:32.000000 UTC,2023-06-27 23:45:18.000000 UTC,7,1743,2023-07-04 17:20:19.000000 UTC,
bb0a5870-ab1b-4072-995c-0b660458a137,weekly.2.49,7,,2023-05-11 06:02:30.000000 UTC,2023-05-11 06:02:30.000000 UTC,1,249,2023-05-11 07:40:07.000000 UTC,
bb0be4bc-4e91-4245-81d1-3f65e2d81040,monthly.7.49,30,,2023-04-09 15:10:47.000000 UTC,2023-05-09 15:10:56.000000 UTC,2,1498,2023-04-10 03:33:49.000000 UTC,
bb4ea07f-21b3-47ad-9a41-3c9c596f3224,weekly.2.49,7,,2023-03-21 06:24:30.000000 UTC,2023-03-28 19:42:39.000000 UTC,2,498,2023-03-31 11:40:29.000000 UTC,
bb5c48d1-e611-4ada-a202-e9baa2cae5dc,weekly.4.99.3d.trial,3,2023-06-07 12:54:34.000000 UTC,2023-06-07 12:54:34.000000 UTC,2023-06-07 12:54:34.000000 UTC,1,499,2023-06-07 22:51:20.000000 UTC,
bb6a1942-15a2-47e0-9668-ae8e367b2bcc,monthly.7.49,30,,2023-04-17 10:14:28.000000 UTC,2023-06-01 10:14:49.000000 UTC,4,471388,2023-05-11 23:54:12.000000 UTC,
bb70a97b-f463-4ed6-8044-2484e5c8aeb4,monthly.9.99.3d.trial,3,2023-03-22 18:14:47.000000 UTC,2023-03-22 18:14:47.000000 UTC,2023-04-22 01:12:54.000000 UTC,3,2997,,
bb7e5a90-afd0-4186-a5c4-6947783c15c2,weekly.2.49,7,,2023-03-08 12:08:36.000000 UTC,2023-04-19 12:07:10.000000 UTC,7,1743,2023-04-24 18:18:18.000000 UTC,
bb8bf368-85ab-4e98-ab5b-aaeba5291b31,weekly.2.49,7,,2023-03-24 21:55:29.000000 UTC,2023-04-23 00:12:33.000000 UTC,4,747,,2023-04-07 21:57:24.000000 UTC
bb91ae3f-8596-4b83-bef0-700f0a4446cc,monthly.9.99.3d.trial,3,2023-05-14 01:00:21.000000 UTC,2023-05-14 01:00:21.000000 UTC,2023-06-12 13:35:16.000000 UTC,2,1998,2023-05-26 19:55:53.000000 UTC,
bba117cf-e610-4eac-a88d-6f1775b8e891,weekly.4.99.3d.trial,3,2023-05-28 18:48:23.000000 UTC,2023-05-28 18:48:23.000000 UTC,2023-05-28 18:48:23.000000 UTC,1,499,2023-05-27 21:12:58.000000 UTC,
bba2acce-b520-4f33-94cb-c21641bb9043,weekly.2.49,7,,2023-06-03 07:27:29.000000 UTC,2023-07-08 07:27:35.000000 UTC,6,1494,2023-07-13 15:17:35.000000 UTC,
bbb346bd-18d6-4b16-9355-e5dd703df7ab,monthly.9.99.3d.trial,3,2023-05-19 01:44:34.000000 UTC,2023-05-19 01:44:34.000000 UTC,2023-06-18 07:44:27.000000 UTC,3,2997,2023-05-19 02:05:57.000000 UTC,
bbd7538b-cb39-48e7-85ec-93ba1ee31ccf,weekly.4.99.3d.trial,3,2023-03-06 16:00:21.000000 UTC,2023-03-06 16:00:21.000000 UTC,2023-03-06 16:00:21.000000 UTC,1,499,2023-03-05 17:18:48.000000 UTC,
bc14f042-f313-49af-bdba-c94d56409fd0,weekly.4.99.3d.trial,3,2023-03-18 11:21:41.000000 UTC,2023-03-18 11:21:41.000000 UTC,2023-03-18 11:21:41.000000 UTC,1,499,2023-03-22 13:53:11.000000 UTC,
bc214b04-9f97-410c-82b8-9fd18e9242da,monthly.9.99.3d.trial,3,2023-03-11 05:42:15.000000 UTC,2023-03-11 05:42:15.000000 UTC,2023-03-11 05:42:15.000000 UTC,1,999,2023-03-14 13:23:02.000000 UTC,
bc46cd98-2d72-4e44-9250-5aca7faa1754,weekly.4.99.3d.trial,3,2023-04-29 23:20:18.000000 UTC,2023-04-29 23:20:18.000000 UTC,2023-05-06 23:19:44.000000 UTC,2,998,2023-05-09 20:33:28.000000 UTC,
bc58f9b3-3e76-4156-9055-5b303cb9e5c7,monthly.9.99.3d.trial,3,2023-05-15 09:33:56.000000 UTC,2023-05-15 09:33:56.000000 UTC,2023-07-19 09:33:38.000000 UTC,7,6993,2023-06-30 13:09:40.000000 UTC,
bc6b8664-0f3a-4f8f-830a-c2006a1ef81c,weekly.4.99.3d.trial,3,2023-04-25 12:09:28.000000 UTC,2023-04-25 12:09:28.000000 UTC,2023-07-25 12:09:09.000000 UTC,14,6986,2023-07-24 22:05:00.000000 UTC,
bc6f1180-d840-443a-9476-5d074a4289f5,monthly.9.99.3d.trial,3,2023-04-04 00:44:46.000000 UTC,2023-04-04 00:44:46.000000 UTC,2023-04-04 00:44:46.000000 UTC,1,999,,
bcdea618-0bd0-438f-aa32-9c35243560a2,monthly.9.99.3d.trial,3,2023-03-27 13:48:30.000000 UTC,2023-03-27 13:48:30.000000 UTC,2023-05-03 13:48:03.000000 UTC,3,2997,2023-04-09 23:21:04.000000 UTC,
bcea179f-6bc4-4f7b-b7f1-c36dc81b0d28,monthly.7.49,30,,2023-06-06 12:22:19.000000 UTC,2023-07-27 06:54:30.000000 UTC,5,34109,2023-07-07 19:31:20.000000 UTC,
bcf4dd40-bf3e-45ec-8994-3578e29628da,weekly.2.49,7,,2023-03-28 17:57:14.000000 UTC,2023-03-28 17:57:14.000000 UTC,1,249,2023-03-29 14:06:07.000000 UTC,
bd1209d6-1294-44e0-8595-146d80a3a831,weekly.4.99.3d.trial,3,2023-03-16 06:20:31.000000 UTC,2023-03-16 06:20:31.000000 UTC,2023-03-16 06:20:31.000000 UTC,1,499,2023-03-15 11:54:05.000000 UTC,
bd2d9f11-a8da-4571-9e21-36cd18051131,weekly.2.49,7,,2023-05-02 06:37:36.000000 UTC,2023-05-02 06:37:36.000000 UTC,1,249,2023-05-02 09:10:34.000000 UTC,
bd2dcc8f-8e33-4f79-8c9b-219f827ccca5,monthly.9.99.3d.trial,3,2023-05-10 06:37:15.000000 UTC,2023-05-10 06:37:15.000000 UTC,2023-06-09 06:37:07.000000 UTC,2,1998,2023-05-21 15:32:15.000000 UTC,
bd413189-e7f1-45b9-8323-f9f42de2abec,monthly.9.99.3d.trial,3,2023-05-14 04:31:24.000000 UTC,2023-05-14 04:31:24.000000 UTC,2023-08-09 20:27:41.000000 UTC,4,3996,2023-07-13 08:44:29.000000 UTC,
bd6862af-56fc-4c92-b1d9-f8502dbcf7ea,monthly.9.99.3d.trial,3,2023-05-25 18:53:34.000000 UTC,2023-05-25 18:53:34.000000 UTC,2023-05-25 18:53:34.000000 UTC,1,999,2023-05-31 04:25:11.000000 UTC,
bd993d71-3151-4c87-addd-17db3c9a3e25,weekly.2.49,7,,2023-06-30 04:04:19.000000 UTC,2023-10-15 04:06:32.000000 UTC,16,3735,,2023-10-07 10:04:52.000000 UTC
bdbb48be-217a-4e4c-87f4-07fcb8b84b1f,weekly.2.49,7,,2023-04-22 16:12:42.000000 UTC,2023-05-29 16:18:04.000000 UTC,4,996,2023-05-30 17:54:29.000000 UTC,
bdc725de-13bb-4458-8af7-fb08f7d9c6b3,weekly.4.99.3d.trial,3,2023-07-20 15:29:08.000000 UTC,2023-07-20 15:29:08.000000 UTC,2023-07-27 15:28:56.000000 UTC,2,468954,2023-07-30 02:32:32.000000 UTC,2023-07-19 15:29:08.000000 UTC
bde6ea74-43c0-4fde-9765-2d0aa12d7524,weekly.4.99.3d.trial,3,2023-05-13 10:56:27.000000 UTC,2023-05-13 10:56:27.000000 UTC,2023-05-13 10:56:27.000000 UTC,1,499,2023-05-14 17:13:21.000000 UTC,
bdf44287-ba52-4cb7-a687-41a9eea7a8ab,weekly.4.99.3d.trial,3,2023-03-24 15:02:35.000000 UTC,2023-03-24 15:02:35.000000 UTC,2023-03-31 14:59:53.000000 UTC,2,998,2023-04-03 17:34:37.000000 UTC,
be187bfd-4049-4a6d-a5cc-47e8d5bde7bb,weekly.4.99.3d.trial,3,2023-04-10 07:50:55.000000 UTC,2023-04-10 07:50:55.000000 UTC,2023-04-10 07:50:55.000000 UTC,1,499,2023-04-09 12:17:11.000000 UTC,
be2a63fb-eedd-428c-b834-31b7105bf577,monthly.9.99.3d.trial,3,2023-06-03 13:47:14.000000 UTC,2023-06-03 13:47:14.000000 UTC,2023-06-03 13:47:14.000000 UTC,1,999,2023-06-06 22:26:28.000000 UTC,
be4dd43d-3f8d-45cb-8282-853c0473c70d,weekly.2.49,7,,2023-05-20 18:52:35.000000 UTC,2023-09-02 18:53:36.000000 UTC,16,107406,2023-09-07 23:03:58.000000 UTC,
be5e7bba-cc1c-4e33-b47c-0441ee6ddabe,weekly.4.99.3d.trial,3,2023-04-05 05:04:02.000000 UTC,2023-04-05 05:04:02.000000 UTC,2023-08-10 19:40:26.000000 UTC,11,113682,,
beb0bf47-eab4-4bef-b4d5-b7dac41f4e7e,weekly.4.99.3d.trial,3,2023-04-01 06:13:31.000000 UTC,2023-04-01 06:13:31.000000 UTC,2023-05-12 06:13:48.000000 UTC,6,2994,2023-05-12 11:20:36.000000 UTC,
becd87a7-62ab-437a-aca2-6018de77d543,weekly.4.99.3d.trial,3,2023-07-07 10:54:49.000000 UTC,2023-07-07 10:54:49.000000 UTC,2023-07-14 10:54:43.000000 UTC,2,73500,2023-07-13 17:53:07.000000 UTC,
bef61088-1d08-44db-a44f-a7cf324da47e,weekly.2.49,7,,2023-03-06 13:47:18.000000 UTC,2023-06-12 12:48:05.000000 UTC,15,240293,2023-06-13 17:48:18.000000 UTC,
bef67625-4067-436f-a391-be69bd168d64,weekly.4.99.3d.trial,3,2023-03-14 16:44:45.000000 UTC,2023-03-14 16:44:45.000000 UTC,2023-03-21 22:45:01.000000 UTC,2,998,2023-03-14 16:48:42.000000 UTC,
bf0163bd-22cc-4cca-9c60-b1d3c35bd26f,weekly.4.99.3d.trial,3,2023-05-14 09:49:17.000000 UTC,2023-05-14 09:49:17.000000 UTC,2023-05-21 15:50:44.000000 UTC,2,998,2023-05-29 20:05:56.000000 UTC,
bf092248-eb5e-4998-84ff-cbfe0aef5a01,weekly.2.49,7,,2023-03-31 15:20:06.000000 UTC,2023-10-14 15:19:44.000000 UTC,29,7221,,
bf406f22-8766-4096-bde1-2df53a406438,weekly.4.99.3d.trial,3,2023-05-23 11:53:33.000000 UTC,2023-05-23 11:53:33.000000 UTC,2023-09-04 12:51:51.000000 UTC,11,5489,2023-06-24 12:01:32.000000 UTC,
bf4e5cfa-9c8e-4c94-ac45-f72a3c983872,monthly.7.49,30,,2023-06-08 15:54:54.000000 UTC,2023-08-04 04:23:06.000000 UTC,3,2247,2023-07-14 04:39:29.000000 UTC,
bf6453e7-0ce2-49b5-9dbb-9530fa31f4b3,weekly.2.49,7,,2023-05-08 02:29:35.000000 UTC,2023-06-20 02:29:24.000000 UTC,7,1743,2023-06-20 16:21:53.000000 UTC,
bf87a320-908c-469d-9e9e-ca653f71a74b,weekly.4.99.3d.trial,3,2023-04-28 14:24:07.000000 UTC,2023-04-28 14:24:07.000000 UTC,2023-04-28 14:24:07.000000 UTC,1,499,2023-04-28 21:17:06.000000 UTC,
bfd96b40-2064-44de-9356-0b5aff3270b1,monthly.9.99.3d.trial,3,2023-04-14 07:54:47.000000 UTC,2023-04-14 07:54:47.000000 UTC,2023-07-30 10:41:11.000000 UTC,7,255536,,
c01a170e-2b91-42d4-95b1-66282d26a260,weekly.4.99.3d.trial,3,2023-05-08 14:47:43.000000 UTC,2023-05-08 14:47:43.000000 UTC,2023-05-08 14:47:43.000000 UTC,1,499,2023-05-09 23:21:56.000000 UTC,
c03522fc-d4f7-404d-8b71-d03a06fc396b,weekly.4.99.3d.trial,3,2023-05-26 13:10:34.000000 UTC,2023-05-26 13:10:34.000000 UTC,2023-08-26 08:51:10.000000 UTC,10,4491,,2023-06-08 20:24:37.000000 UTC
c03dcc92-0a04-4fcc-aede-0cebdf033d5f,weekly.4.99.3d.trial,3,2023-05-05 00:56:57.000000 UTC,2023-05-05 00:56:57.000000 UTC,2023-05-12 00:57:17.000000 UTC,2,998,2023-05-05 01:02:40.000000 UTC,
c045deba-2d8a-4bbc-8951-a01208bab62b,weekly.2.49,7,,2023-05-05 07:55:21.000000 UTC,2023-05-12 07:59:42.000000 UTC,2,498,2023-05-12 19:12:16.000000 UTC,
c0667523-ac56-4d6e-a6c6-394944b461b8,weekly.4.99.3d.trial,3,2023-05-10 12:24:49.000000 UTC,2023-05-10 12:24:49.000000 UTC,2023-06-14 12:21:44.000000 UTC,6,2994,2023-06-15 21:46:14.000000 UTC,
c070643f-101a-4b73-861f-dbfb23b01d89,weekly.4.99.3d.trial,3,2023-04-06 09:41:06.000000 UTC,2023-04-06 09:41:06.000000 UTC,2023-04-06 09:41:06.000000 UTC,1,499,,
c078690e-b8fa-42af-9ab9-df877b1e2ab5,monthly.9.99.3d.trial,3,2023-03-28 07:30:59.000000 UTC,2023-03-28 07:30:59.000000 UTC,2023-04-26 07:31:25.000000 UTC,2,1998,2023-04-05 11:32:19.000000 UTC,
c07d3ec8-678b-4ac6-af22-47006baba461,weekly.2.49,7,,2023-03-07 08:23:02.000000 UTC,2023-04-26 08:23:02.000000 UTC,8,1992,2023-04-26 02:45:59.000000 UTC,
c0a5857d-d0b8-40d9-a6e5-05fe6c7eb10e,weekly.2.49,7,,2023-05-22 22:37:31.000000 UTC,2023-05-22 22:37:31.000000 UTC,1,249,2023-06-15 20:04:20.000000 UTC,
c0bf6b27-8e89-4868-b651-941af57cf495,monthly.9.99.3d.trial,3,2023-03-11 10:36:02.000000 UTC,2023-03-11 10:36:02.000000 UTC,2023-03-11 10:36:02.000000 UTC,1,999,2023-03-11 21:15:26.000000 UTC,
c0cae2a3-dc49-42f0-b768-21d2404e1615,weekly.2.49,7,,2023-07-16 15:51:34.000000 UTC,2023-07-16 15:51:34.000000 UTC,1,249,,
c0d20278-6647-4d92-8bc5-3d7bca190048,weekly.2.49,7,,2023-06-04 15:46:10.000000 UTC,2023-07-09 15:50:04.000000 UTC,6,1494,2023-07-13 17:44:11.000000 UTC,
c0e48921-359c-4a55-91a7-1b89580fbee0,monthly.9.99.3d.trial,3,2023-04-09 02:07:44.000000 UTC,2023-04-09 02:07:44.000000 UTC,2023-04-09 02:07:44.000000 UTC,1,999,2023-04-09 03:29:45.000000 UTC,
c0eb8c4b-3550-47a9-a791-aedd7026367b,weekly.4.99.3d.trial,3,2023-04-10 16:34:00.000000 UTC,2023-04-10 16:34:00.000000 UTC,2023-07-02 16:34:33.000000 UTC,13,6487,2023-07-07 15:08:30.000000 UTC,
c0ebd2b7-32d1-48fa-a91a-5788484ec1a0,weekly.4.99.3d.trial,3,2023-03-14 22:38:00.000000 UTC,2023-03-14 22:38:00.000000 UTC,2023-03-14 22:38:00.000000 UTC,1,499,2023-03-15 11:43:57.000000 UTC,
c116901e-8c78-47ae-be56-9a0efc9f2938,monthly.9.99.3d.trial,3,2023-04-20 11:26:11.000000 UTC,2023-04-20 11:26:11.000000 UTC,2023-06-03 11:25:49.000000 UTC,4,3996,,
c117833d-9459-415f-9623-cc10b5a64d8a,monthly.7.49,30,,2023-04-21 22:51:31.000000 UTC,2023-05-22 04:52:56.000000 UTC,3,2247,2023-04-22 06:11:26.000000 UTC,
c11b8096-aac3-4877-b20c-c71478524bae,weekly.4.99.3d.trial,3,2023-05-20 08:52:09.000000 UTC,2023-05-20 08:52:09.000000 UTC,2023-06-02 08:52:19.000000 UTC,3,1497,2023-06-04 10:46:06.000000 UTC,
c11f16b3-2c4a-446b-81c6-05b92c582f1a,weekly.4.99.3d.trial,3,2023-03-20 08:29:28.000000 UTC,2023-03-20 08:29:28.000000 UTC,2023-05-21 14:29:04.000000 UTC,10,4990,2023-06-03 18:49:02.000000 UTC,
c12336f0-4526-419b-9272-a03c48141bbf,weekly.2.49,7,,2023-06-06 14:45:18.000000 UTC,2023-06-06 14:45:18.000000 UTC,1,249,2023-06-07 10:44:39.000000 UTC,
c1389c52-5f15-45b9-836d-aa7c6fc4dcea,weekly.2.49,7,,2023-03-28 14:48:27.000000 UTC,2023-03-28 14:48:27.000000 UTC,1,249,2023-03-29 20:48:11.000000 UTC,
c15bd9d2-6906-43f2-ab68-15ed3ed1b45d,weekly.4.99.3d.trial,3,2023-04-17 08:03:50.000000 UTC,2023-04-17 08:03:50.000000 UTC,2023-04-17 08:03:50.000000 UTC,1,499,2023-04-16 23:58:17.000000 UTC,
c15daf4b-6fe2-4ab6-ac22-bf499557375d,weekly.2.49,7,,2023-05-13 14:11:24.000000 UTC,2023-05-13 14:11:24.000000 UTC,1,249,2023-05-13 14:49:52.000000 UTC,
c1ab8e39-ea41-4bea-85f5-8d23255f379e,weekly.2.49,7,,2023-06-21 08:03:57.000000 UTC,2023-09-14 08:03:39.000000 UTC,13,47795,2023-09-14 12:05:16.000000 UTC,
c1cc2f47-5f11-4125-ada1-bcaae194b7e4,weekly.4.99.3d.trial,3,2023-03-23 06:44:44.000000 UTC,2023-03-23 06:44:44.000000 UTC,2023-03-23 06:44:44.000000 UTC,1,499,2023-03-26 11:41:09.000000 UTC,
c1d8ce86-7c0a-43a9-89a6-2d2f433c993f,weekly.2.49,7,,2023-03-25 07:49:04.000000 UTC,2023-03-25 07:49:04.000000 UTC,1,249,2023-03-28 15:39:01.000000 UTC,
c1d91120-aec5-469c-85e7-fe92546bbf82,weekly.4.99.3d.trial,3,2023-05-21 17:10:42.000000 UTC,2023-05-21 17:10:42.000000 UTC,2023-06-26 11:10:39.000000 UTC,5,111297,2023-06-28 14:38:26.000000 UTC,
c1dfee9a-42ac-4c0a-b9c6-aa45aec69bde,weekly.2.49,7,,2023-05-14 11:26:26.000000 UTC,2023-05-14 11:26:26.000000 UTC,1,249,2023-05-14 12:47:50.000000 UTC,
c22cb7fb-87a6-4425-ae45-51d51b567332,weekly.4.99.3d.trial,3,2023-06-06 07:53:06.000000 UTC,2023-06-06 07:53:06.000000 UTC,2023-06-20 07:53:48.000000 UTC,3,1497,,
c25ececd-8f33-4732-9401-7442f94d2470,monthly.7.49,30,,2023-04-12 07:41:44.000000 UTC,2023-06-18 10:27:21.000000 UTC,6,4494,2023-05-25 20:24:54.000000 UTC,
c280259a-5195-484d-b8f0-665cba6e71c1,weekly.4.99.3d.trial,3,2023-06-05 07:31:15.000000 UTC,2023-06-05 07:31:15.000000 UTC,2023-06-05 07:31:15.000000 UTC,1,499,2023-06-05 14:08:23.000000 UTC,
c296d562-0438-4e4a-9778-4c847f2b9a16,weekly.4.99.3d.trial,3,2023-05-02 01:04:40.000000 UTC,2023-05-02 01:04:40.000000 UTC,2023-06-26 01:05:10.000000 UTC,9,3992,2023-06-27 13:17:03.000000 UTC,2023-06-19 01:05:02.000000 UTC
c2a8474b-60f5-423b-a1c4-0de990a1c9b6,monthly.7.49,30,,2023-04-18 04:12:52.000000 UTC,2023-11-10 04:10:23.000000 UTC,27,65958,,2023-06-27 04:11:23.000000 UTC
c2dabbe8-604a-41b3-8cd6-82677ea472d1,weekly.2.49,7,,2023-05-12 04:03:38.000000 UTC,2023-10-15 04:03:24.000000 UTC,23,5727,,
c2dfb480-755a-44dc-82f6-9b1a9dce5d4a,weekly.2.49,7,,2023-07-06 20:21:33.000000 UTC,2023-10-13 12:21:05.000000 UTC,15,3735,,
c2f23960-d003-4c55-a058-f28ea7028e99,weekly.2.49,7,,2023-07-04 16:56:28.000000 UTC,2023-07-04 16:56:28.000000 UTC,1,249,2023-07-04 16:59:08.000000 UTC,
c3167b08-1117-4c16-9b25-77a58efd2b89,weekly.2.49,7,,2023-05-24 12:46:29.000000 UTC,2023-05-24 12:46:29.000000 UTC,1,249,2023-05-26 12:47:57.000000 UTC,
c373e60b-382a-4232-a277-5c5d7dcac63d,weekly.4.99.3d.trial,3,2023-04-01 10:19:02.000000 UTC,2023-04-01 10:19:02.000000 UTC,2023-06-09 10:17:34.000000 UTC,11,88371,2023-06-14 10:59:23.000000 UTC,
c39cc19f-8f93-4e9f-a7e6-79978a34d32e,weekly.2.49,7,,2023-04-22 13:52:53.000000 UTC,2023-04-30 07:55:17.000000 UTC,2,498,2023-04-28 10:52:09.000000 UTC,
c3a64f66-2a7c-4253-9ba8-2a7b6d45c502,weekly.2.49,7,,2023-06-04 12:24:54.000000 UTC,2023-06-12 12:24:53.000000 UTC,2,498,2023-06-11 17:56:25.000000 UTC,
c3e34cc7-9890-4588-9ae3-4721f1c208fe,weekly.4.99.3d.trial,3,2023-03-05 11:51:18.000000 UTC,2023-03-05 11:51:18.000000 UTC,2023-03-05 11:51:18.000000 UTC,1,0,2023-03-04 13:52:01.000000 UTC,2023-03-04 11:51:18.000000 UTC
c40d27f9-3f40-45de-a0db-f684dc5ff196,weekly.2.49,7,,2023-03-06 09:42:17.000000 UTC,2023-03-21 08:42:02.000000 UTC,3,747,2023-03-20 08:42:56.000000 UTC,
c4121110-fe0a-4188-bc8d-f5cbfbba3ef0,weekly.2.49,7,,2023-05-13 08:27:13.000000 UTC,2023-05-13 08:27:13.000000 UTC,1,249,2023-05-14 19:37:48.000000 UTC,
c41f04fe-a040-4ec4-b4fc-53e12c45e1ca,weekly.4.99.3d.trial,3,2023-04-20 07:25:52.000000 UTC,2023-04-20 07:25:52.000000 UTC,2023-05-27 12:42:39.000000 UTC,5,2495,,
c41fa73e-522b-4b0f-a84b-fc051ff44673,weekly.2.49,7,,2023-06-05 11:53:37.000000 UTC,2023-06-05 11:53:37.000000 UTC,1,249,2023-06-11 04:48:30.000000 UTC,
c4305d7f-4f7e-4904-a498-a8fbcf5e7d9d,monthly.7.49,30,,2023-04-30 08:41:40.000000 UTC,2023-04-30 08:41:40.000000 UTC,1,749,2023-05-04 00:05:31.000000 UTC,
c45b2cdb-a5d2-4870-8b6b-4f9a9b6c8059,weekly.4.99.3d.trial,3,2023-03-14 11:19:08.000000 UTC,2023-03-14 11:19:08.000000 UTC,2023-04-03 11:17:44.000000 UTC,4,1996,2023-04-07 12:15:28.000000 UTC,
c469c5a9-650c-4f7e-af3a-ed7f3d5c2d01,monthly.9.99.3d.trial,3,2023-04-28 06:33:13.000000 UTC,2023-04-28 06:33:13.000000 UTC,2023-04-28 06:33:13.000000 UTC,1,999,2023-04-27 20:08:29.000000 UTC,
c46f408e-9712-4525-a84e-ba3f21fbf2da,weekly.4.99.3d.trial,3,2023-05-28 08:39:03.000000 UTC,2023-05-28 08:39:03.000000 UTC,2023-06-04 08:39:00.000000 UTC,2,998,2023-06-03 11:27:34.000000 UTC,
c499d4a2-23a2-4db7-83cc-4cddb9e1b0a0,weekly.2.49,7,,2023-05-24 21:04:37.000000 UTC,2023-06-01 13:04:28.000000 UTC,2,498,2023-06-01 19:12:14.000000 UTC,
c4b0bcaa-e005-471f-a85b-b79e6d67e576,weekly.2.49,7,,2023-03-04 19:29:13.000000 UTC,2023-03-04 19:29:13.000000 UTC,1,249,2023-03-05 00:21:37.000000 UTC,
c4dec76c-fc38-4d47-960e-24bef64f9388,weekly.4.99.3d.trial,3,2023-05-15 14:17:35.000000 UTC,2023-05-15 14:17:35.000000 UTC,2023-06-19 14:18:37.000000 UTC,5,2495,2023-06-19 00:40:29.000000 UTC,
c4fb47ef-c61a-40c6-9bd4-d691ef033bcc,monthly.9.99.3d.trial,3,2023-05-16 13:30:02.000000 UTC,2023-05-16 13:30:02.000000 UTC,2023-06-23 13:24:51.000000 UTC,3,2997,2023-05-31 12:27:38.000000 UTC,
c51c01d3-5553-4bf2-831e-3de5838338da,weekly.2.49,7,,2023-05-19 07:14:00.000000 UTC,2023-10-13 07:13:47.000000 UTC,22,5478,,
c56f3d70-11a0-4a4b-b9ce-eea0994b016f,weekly.4.99.3d.trial,3,2023-04-14 12:22:10.000000 UTC,2023-04-14 12:22:10.000000 UTC,2023-08-04 11:19:14.000000 UTC,13,6487,2023-08-04 19:08:29.000000 UTC,
c581c8fd-89c8-4012-a6fa-83a0b3f33288,weekly.2.49,7,,2023-06-06 09:26:33.000000 UTC,2023-10-17 09:26:36.000000 UTC,20,196228,,
c59994ae-5ccb-421e-971a-49b3cc7a0f8b,weekly.4.99.3d.trial,3,2023-05-15 09:57:07.000000 UTC,2023-05-15 09:57:07.000000 UTC,2023-05-21 15:57:24.000000 UTC,2,998,2023-06-03 00:53:57.000000 UTC,
c5a50e89-1166-4f60-b279-245bd8950192,weekly.2.49,7,,2023-05-16 17:56:29.000000 UTC,2023-10-14 00:56:35.000000 UTC,16,3735,,2023-06-27 23:54:37.000000 UTC
c5b37f77-6a9f-4377-9e52-c4bca83ff7f8,weekly.2.49,7,,2023-08-11 17:41:30.000000 UTC,2023-08-11 17:41:30.000000 UTC,1,249,2023-08-11 17:54:57.000000 UTC,
c5d45765-2281-493b-8e3b-d43ef23608c6,weekly.2.49,7,,2023-04-16 20:31:16.000000 UTC,2023-04-16 20:31:16.000000 UTC,1,249,2023-04-16 20:48:40.000000 UTC,
c5d4c936-4fbb-4e6f-b7d9-594eccb92df9,weekly.4.99.3d.trial,3,2023-05-09 08:18:55.000000 UTC,2023-05-09 08:18:55.000000 UTC,2023-05-09 08:18:55.000000 UTC,1,499,2023-05-09 15:02:35.000000 UTC,
c5d6fca9-c5df-437a-a8c7-27bc020ef22c,weekly.4.99.3d.trial,3,2023-04-25 03:20:00.000000 UTC,2023-04-25 03:20:00.000000 UTC,2023-04-25 03:20:00.000000 UTC,1,499,2023-04-24 13:09:07.000000 UTC,
c60f6c12-efe5-40dc-9fdf-4af4142a3b5b,weekly.4.99.3d.trial,3,2023-09-11 19:31:28.000000 UTC,2023-09-11 19:31:28.000000 UTC,2023-10-16 11:34:18.000000 UTC,6,2994,2023-05-08 11:00:41.000000 UTC,
c6331fea-fb89-42c5-b3a0-2047b85f8fe8,weekly.2.49,7,,2023-04-09 01:40:46.000000 UTC,2023-04-09 01:40:46.000000 UTC,1,249,2023-04-09 14:45:43.000000 UTC,
c6343c25-71cb-4fd0-acab-42d482b45a59,weekly.4.99.3d.trial,3,2023-05-22 12:56:52.000000 UTC,2023-05-22 12:56:52.000000 UTC,2023-09-11 12:57:18.000000 UTC,17,8483,2023-09-13 02:16:32.000000 UTC,
c654b799-d9b0-45bf-bd31-96012cb369c5,weekly.4.99.3d.trial,3,2023-04-05 08:55:29.000000 UTC,2023-04-05 08:55:29.000000 UTC,2023-07-11 08:56:35.000000 UTC,15,342133,2023-07-15 15:17:15.000000 UTC,
c662dff2-6600-42ec-9dcc-78b4891b536d,weekly.2.49,7,,2023-04-06 13:33:19.000000 UTC,2023-04-06 13:33:19.000000 UTC,1,249,2023-04-07 00:57:37.000000 UTC,
c69f4460-408a-4a37-88b7-4bbf5a6880e9,monthly.7.49,30,,2023-05-05 12:56:28.000000 UTC,2023-05-05 12:56:28.000000 UTC,1,749,2023-05-06 16:32:36.000000 UTC,
c6bd630a-cf74-4deb-96ed-b918da8d61c0,weekly.4.99.3d.trial,3,2023-05-15 09:47:51.000000 UTC,2023-05-15 09:47:51.000000 UTC,2023-06-18 09:46:47.000000 UTC,5,2495,2023-06-24 23:55:45.000000 UTC,
c6f9c1f3-1102-4a29-a792-84670241fc99,weekly.4.99.3d.trial,3,2023-04-28 06:33:25.000000 UTC,2023-04-28 06:33:25.000000 UTC,2023-04-28 06:33:25.000000 UTC,1,499,2023-04-30 06:50:38.000000 UTC,
c7025bda-13b4-4d9f-bdf2-ee0bbab8509d,weekly.4.99.3d.trial,3,2023-06-18 05:37:58.000000 UTC,2023-06-18 05:37:58.000000 UTC,2023-10-15 05:37:20.000000 UTC,18,8982,,
c71c0520-68ae-4245-9ab4-3a528d602a2b,monthly.9.99.3d.trial,3,2023-03-18 00:03:51.000000 UTC,2023-03-18 00:03:51.000000 UTC,2023-03-18 00:03:51.000000 UTC,1,999,2023-03-22 13:25:04.000000 UTC,
c7332cf8-8b0e-4938-9fea-73b6111a09be,weekly.4.99.3d.trial,3,2023-03-09 08:03:50.000000 UTC,2023-03-09 08:03:50.000000 UTC,2023-03-15 08:04:06.000000 UTC,2,998,2023-03-18 23:14:39.000000 UTC,
c73f0e24-4c5d-443a-b6aa-e079817fa0d6,weekly.4.99.3d.trial,3,2023-03-27 11:04:19.000000 UTC,2023-03-27 11:04:19.000000 UTC,2023-03-27 11:04:19.000000 UTC,1,499,2023-03-27 20:32:16.000000 UTC,
c75e877c-b6a7-4cad-bde1-1ea1069f977c,weekly.2.49,7,,2023-04-30 09:41:42.000000 UTC,2023-04-30 09:41:42.000000 UTC,1,249,2023-05-01 15:15:51.000000 UTC,
c774ed85-7cdc-4097-9e6c-f58866325c65,monthly.9.99.3d.trial,3,2023-03-15 14:28:17.000000 UTC,2023-03-15 14:28:17.000000 UTC,2023-03-15 14:28:17.000000 UTC,1,999,2023-03-17 07:05:20.000000 UTC,
c77c2ecf-9e24-4871-9bdd-5004e0d2935e,weekly.2.49,7,,2023-03-18 13:49:55.000000 UTC,2023-03-26 13:49:11.000000 UTC,2,498,2023-03-25 15:23:10.000000 UTC,
c7905ff9-85df-40c5-9e11-7d80b7d70033,monthly.9.99.3d.trial,3,2023-06-01 02:55:10.000000 UTC,2023-06-01 02:55:10.000000 UTC,2023-06-01 02:55:10.000000 UTC,1,999,2023-06-06 11:51:03.000000 UTC,
c79d0516-1601-43dd-9ef5-db3589378e9a,weekly.4.99.3d.trial,3,2023-04-03 03:26:35.000000 UTC,2023-04-03 03:26:35.000000 UTC,2023-10-15 03:26:24.000000 UTC,29,14471,,
c7c2df5b-fe1c-4bd2-b65e-ed9c6e29e5ea,weekly.4.99.3d.trial,3,2023-03-06 15:55:58.000000 UTC,2023-03-06 15:55:58.000000 UTC,2023-03-21 06:56:08.000000 UTC,3,1497,2023-03-21 19:08:56.000000 UTC,
c7ea49f1-f40e-4533-aa8f-4a3fdbc58105,weekly.2.49,7,,2023-05-26 12:01:59.000000 UTC,2023-05-26 12:01:59.000000 UTC,1,249,2023-05-27 16:44:51.000000 UTC,
c7fecfa7-93ae-4b6f-adf0-d6fc65add59c,weekly.2.49,7,,2023-03-27 06:40:38.000000 UTC,2023-09-19 06:40:13.000000 UTC,26,5976,2023-09-22 03:12:22.000000 UTC,2023-07-31 06:43:57.000000 UTC
c8074985-6b9e-4362-acad-8a5450e5365e,weekly.2.49,7,,2023-04-19 11:51:06.000000 UTC,2023-10-05 04:56:58.000000 UTC,5,996,2023-10-07 19:30:27.000000 UTC,2023-04-26 11:50:11.000000 UTC
c818c20e-d172-41a1-8bd8-b0a6cd8423e9,weekly.2.49,7,,2023-03-16 22:07:50.000000 UTC,2023-03-23 22:14:51.000000 UTC,2,498,2023-03-25 13:29:39.000000 UTC,
c81c342d-9d02-4ca7-b70b-7649e5284718,weekly.2.49,7,,2023-05-16 12:41:37.000000 UTC,2023-05-16 12:41:37.000000 UTC,1,249,2023-05-19 03:16:26.000000 UTC,
c83b5ebf-deda-4e98-98b9-9eb0bcb7d98f,weekly.4.99.3d.trial,3,2023-03-09 16:35:29.000000 UTC,2023-03-09 16:35:29.000000 UTC,2023-10-11 16:35:51.000000 UTC,32,76677,,2023-05-10 16:36:27.000000 UTC
c83ba3ff-4364-49bb-a595-5930e29645ff,weekly.2.49,7,,2023-04-14 06:20:11.000000 UTC,2023-10-13 06:19:31.000000 UTC,27,6723,,
c8aa75cc-65d2-43b0-886e-42400026bf87,weekly.2.49,7,,2023-05-23 10:28:14.000000 UTC,2023-06-14 10:27:47.000000 UTC,4,996,2023-06-17 14:13:17.000000 UTC,
c8c8654b-367e-4527-ad4f-34b1dbdf0529,weekly.2.49,7,,2023-03-08 14:26:38.000000 UTC,2023-04-29 23:10:54.000000 UTC,9,178676,,
c9130fff-8edd-4c56-807b-8e2a3735968b,weekly.4.99.3d.trial,3,2023-03-09 04:29:25.000000 UTC,2023-03-09 04:29:25.000000 UTC,2023-07-19 04:30:46.000000 UTC,20,37113,,
c9147040-240b-43af-b9c9-9a42576a5be4,monthly.7.49,30,,2023-05-16 10:48:15.000000 UTC,2023-06-23 10:44:53.000000 UTC,3,2247,2023-06-03 01:19:41.000000 UTC,
c91ee01a-e6d8-44d4-a9c9-6cc6381f5668,weekly.4.99.3d.trial,3,2023-05-26 10:04:46.000000 UTC,2023-05-26 10:04:46.000000 UTC,2023-05-26 10:04:46.000000 UTC,1,499,,
c929f7c6-c918-491e-9fc7-7514da2ff608,weekly.4.99.3d.trial,3,2023-05-22 06:20:41.000000 UTC,2023-05-22 06:20:41.000000 UTC,2023-05-22 06:20:41.000000 UTC,1,499,2023-05-21 18:29:26.000000 UTC,
c94f0926-d3df-43a8-9dc8-f36f94e55902,weekly.2.49,7,,2023-05-06 05:01:34.000000 UTC,2023-09-16 05:01:04.000000 UTC,22,5229,,2023-07-29 05:00:55.000000 UTC
c9581eb6-dc84-430e-b6f4-a038461d859a,weekly.4.99.3d.trial,3,2023-04-18 12:01:43.000000 UTC,2023-04-18 12:01:43.000000 UTC,2023-09-29 21:06:51.000000 UTC,19,9481,,
c98cc072-fe40-4525-be89-a814b055ae63,weekly.4.99.3d.trial,3,2023-05-21 15:36:41.000000 UTC,2023-05-21 15:36:41.000000 UTC,2023-10-02 15:36:36.000000 UTC,20,9980,2023-10-01 19:41:58.000000 UTC,
c98dca57-499a-4f17-b268-cb778174addb,weekly.4.99.3d.trial,3,2023-03-14 09:46:49.000000 UTC,2023-03-14 09:46:49.000000 UTC,2023-03-14 09:46:49.000000 UTC,1,499,,
c99a9a87-25ac-4d81-adaf-77fa0fe40041,weekly.2.49,7,,2023-03-07 06:16:31.000000 UTC,2023-03-07 06:16:31.000000 UTC,1,249,2023-03-08 21:33:28.000000 UTC,
c9d077cf-96a1-4fd8-9bc7-180f43303f79,weekly.4.99.3d.trial,3,2023-04-16 06:53:58.000000 UTC,2023-04-16 06:53:58.000000 UTC,2023-04-16 06:53:58.000000 UTC,1,0,2023-04-15 20:34:59.000000 UTC,2023-04-15 06:53:58.000000 UTC
c9f44026-2e74-46f4-b5d4-2127e6d25a31,weekly.2.49,7,,2023-04-27 01:20:04.000000 UTC,2023-04-27 01:20:04.000000 UTC,1,249,2023-04-27 20:07:04.000000 UTC,
ca1a9d19-83d9-4be3-a5a7-9b01ba40f055,monthly.9.99.3d.trial,3,2023-03-14 09:09:48.000000 UTC,2023-03-14 09:09:48.000000 UTC,2023-06-22 09:11:29.000000 UTC,12,11988,2023-06-03 17:40:43.000000 UTC,
ca3f09a2-4e23-472d-82fc-d85500cf52aa,weekly.2.49,7,,2023-05-26 12:55:50.000000 UTC,2023-05-26 12:55:50.000000 UTC,1,249,2023-05-29 03:40:09.000000 UTC,
ca452e76-9e3b-4f0a-aaf6-e06d411830d4,monthly.7.49,30,,2023-03-31 15:52:56.000000 UTC,2023-08-06 15:52:34.000000 UTC,16,11984,2023-07-21 04:44:36.000000 UTC,
ca6b795c-fc4e-47bf-948c-fc3565276ad4,monthly.7.49,30,,2023-03-14 14:10:02.000000 UTC,2023-03-14 14:10:02.000000 UTC,1,749,2023-03-18 14:15:27.000000 UTC,
cac6d5b7-9746-48d2-944e-d915aa0d4195,weekly.2.49,7,,2023-03-15 17:09:44.000000 UTC,2023-03-15 17:09:44.000000 UTC,1,53112,2023-03-15 23:22:39.000000 UTC,
cae33675-27c4-449d-9115-2cca0da09c52,monthly.9.99.3d.trial,3,2023-03-27 16:47:31.000000 UTC,2023-03-27 16:47:31.000000 UTC,2023-05-02 16:44:10.000000 UTC,3,2997,2023-04-15 13:02:16.000000 UTC,
caed3dd5-43db-40d7-a7cc-2143f7932c43,weekly.4.99.3d.trial,3,2023-05-28 15:10:01.000000 UTC,2023-05-28 15:10:01.000000 UTC,2023-05-28 15:10:01.000000 UTC,1,499,2023-05-27 22:05:44.000000 UTC,
cb2992fd-7b8a-4c2a-91d1-f8ea456b23ba,monthly.7.49,30,,2023-04-07 11:04:43.000000 UTC,2023-11-05 11:05:48.000000 UTC,28,870850,,
cb5f13ab-13df-4407-88c6-07ccd0e0e94d,weekly.4.99.3d.trial,3,2023-04-17 12:38:53.000000 UTC,2023-04-17 12:38:53.000000 UTC,2023-10-02 12:39:31.000000 UTC,24,146481,2023-10-04 23:40:59.000000 UTC,2023-06-25 12:40:59.000000 UTC
cb6fedd7-52c3-422b-81a1-de6f9b09fd8d,weekly.4.99.3d.trial,3,2023-05-02 06:21:21.000000 UTC,2023-05-02 06:21:21.000000 UTC,2023-05-02 06:21:21.000000 UTC,1,499,2023-05-01 06:23:35.000000 UTC,
cb734ead-c3ba-4325-9ff2-9bf44ab2e907,weekly.4.99.3d.trial,3,2023-05-03 07:16:08.000000 UTC,2023-05-03 07:16:08.000000 UTC,2023-05-09 07:16:32.000000 UTC,2,998,,
cb76d786-df79-4988-8a4d-4e3dc39d35b7,weekly.4.99.3d.trial,3,2023-03-11 11:37:24.000000 UTC,2023-03-11 11:37:24.000000 UTC,2023-07-29 11:36:22.000000 UTC,21,92087,2023-07-30 05:03:26.000000 UTC,
cba291fb-2e22-47c6-b324-c803ba991c28,monthly.9.99.3d.trial,3,2023-04-30 05:10:47.000000 UTC,2023-04-30 05:10:47.000000 UTC,2023-06-05 05:11:09.000000 UTC,3,2997,2023-05-14 05:10:12.000000 UTC,
cba6e3c7-a1e2-4fb0-8ccd-ae30fadd6ace,weekly.4.99.3d.trial,3,2023-07-22 17:11:05.000000 UTC,2023-07-22 17:11:05.000000 UTC,2023-08-18 17:12:21.000000 UTC,5,1996,2023-08-18 22:37:03.000000 UTC,2023-08-04 17:12:12.000000 UTC
cbad0d8f-a0d0-485c-84b1-f865587065ae,weekly.2.49,7,,2023-03-30 12:25:43.000000 UTC,2023-10-12 14:37:13.000000 UTC,8,17969,2023-04-06 22:59:26.000000 UTC,
cbd05006-3dfa-4028-9df3-c0b73ee7889a,monthly.9.99.3d.trial,3,2023-05-22 09:15:46.000000 UTC,2023-05-22 09:15:46.000000 UTC,2023-05-22 09:15:46.000000 UTC,1,999,,
cbd2b01b-b916-4b86-b403-78b3c996bb8c,weekly.4.99.3d.trial,3,2023-04-15 11:53:43.000000 UTC,2023-04-15 11:53:43.000000 UTC,2023-04-15 11:53:43.000000 UTC,1,499,2023-04-15 11:55:42.000000 UTC,
cbf996dc-eeff-4151-a498-c5ff36551251,weekly.2.49,7,,2023-03-10 06:14:01.000000 UTC,2023-03-24 06:14:02.000000 UTC,3,747,2023-03-28 07:12:34.000000 UTC,
cc1593be-a2e3-43ab-b176-1e0f82d853e5,weekly.2.49,7,,2023-04-27 01:14:39.000000 UTC,2023-05-04 01:15:31.000000 UTC,2,498,2023-04-27 19:31:00.000000 UTC,
cc4c3a42-4e2e-4f2a-8bb2-598a86b747b8,monthly.9.99.3d.trial,3,2023-06-07 04:22:04.000000 UTC,2023-06-07 04:22:04.000000 UTC,2023-07-15 04:21:57.000000 UTC,3,2997,2023-06-25 11:02:06.000000 UTC,
cc6a716b-bbb7-4da2-9f37-7b9720ef322b,monthly.9.99.3d.trial,3,2023-03-23 09:13:31.000000 UTC,2023-03-23 09:13:31.000000 UTC,2023-03-23 09:13:31.000000 UTC,1,999,2023-03-22 20:44:26.000000 UTC,
cc9daec7-4a75-4f62-8241-ec99fe518d7b,monthly.7.49,30,,2023-03-16 07:57:49.000000 UTC,2023-03-16 07:57:49.000000 UTC,1,749,2023-03-16 13:16:21.000000 UTC,
ccaa8e24-8aee-4910-9e4f-397999fe5ff7,weekly.2.49,7,,2023-05-04 02:41:34.000000 UTC,2023-05-11 02:41:36.000000 UTC,2,498,2023-05-11 07:59:31.000000 UTC,
ccb1edf1-8111-4cea-b329-44698acd1cbe,weekly.4.99.3d.trial,3,2023-03-06 20:01:22.000000 UTC,2023-03-06 20:01:22.000000 UTC,2023-10-15 23:52:19.000000 UTC,31,222178,,
ccc64956-6ca2-41c2-a70d-c8aed96304ce,monthly.9.99.3d.trial,3,2023-04-07 06:11:53.000000 UTC,2023-04-07 06:11:53.000000 UTC,2023-04-07 06:11:53.000000 UTC,1,999,2023-04-06 11:15:46.000000 UTC,
ccca527e-0929-4016-b65d-fb8f54bfabff,weekly.2.49,7,,2023-04-18 06:20:02.000000 UTC,2023-04-18 06:20:02.000000 UTC,1,249,2023-04-22 02:58:22.000000 UTC,
cd043821-6aeb-47ca-8e7a-38e8b4f07eab,monthly.9.99.3d.trial,3,2023-03-23 20:29:27.000000 UTC,2023-03-23 20:29:27.000000 UTC,2023-03-23 20:29:27.000000 UTC,1,999,2023-03-23 20:33:59.000000 UTC,
cd1e5294-c8d5-445b-bf36-5c33360d1865,monthly.9.99.3d.trial,3,2023-03-31 11:57:49.000000 UTC,2023-03-31 11:57:49.000000 UTC,2023-03-31 11:57:49.000000 UTC,1,999,2023-04-01 02:10:33.000000 UTC,
cd3250c1-6f9c-4ae6-b42b-31ad8b582a39,monthly.7.49,30,,2023-03-21 16:04:43.000000 UTC,2023-03-21 16:04:43.000000 UTC,1,749,2023-03-21 16:34:13.000000 UTC,
cd39cfed-e2a9-496f-a42d-9a6651c6e985,monthly.7.49,30,,2023-05-24 11:47:21.000000 UTC,2023-05-24 11:47:21.000000 UTC,1,749,2023-05-24 14:10:31.000000 UTC,
cd49f24e-9a38-4fc0-924f-911c96d4e21f,monthly.9.99.3d.trial,3,2023-05-09 15:38:02.000000 UTC,2023-05-09 15:38:02.000000 UTC,2023-11-10 07:38:38.000000 UTC,24,506442,,2023-06-27 07:39:19.000000 UTC
cd4b59f4-ec0f-4fa9-9604-2511beda5662,monthly.9.99.3d.trial,3,2023-08-19 20:15:34.000000 UTC,2023-08-19 20:15:34.000000 UTC,2023-09-19 12:15:57.000000 UTC,3,2997,2023-08-27 11:25:16.000000 UTC,
cd4e595f-21b5-422b-982b-4c37cb4e463a,weekly.2.49,7,,2023-05-14 03:25:27.000000 UTC,2023-06-22 17:52:04.000000 UTC,4,996,2023-06-27 01:01:37.000000 UTC,
cd517264-7bee-48a8-8a9b-c363cdfe9cf6,weekly.4.99.3d.trial,3,2023-05-13 05:25:58.000000 UTC,2023-05-13 05:25:58.000000 UTC,2023-05-19 05:26:03.000000 UTC,2,998,2023-05-24 02:34:01.000000 UTC,
cd68c051-6841-4343-b8f4-06d5c3698635,monthly.9.99.3d.trial,3,2023-05-05 07:56:57.000000 UTC,2023-05-05 07:56:57.000000 UTC,2023-08-13 07:54:41.000000 UTC,12,11988,2023-07-21 22:12:51.000000 UTC,
cd8fd271-52ce-4dd2-810d-758cd35b09b8,weekly.4.99.3d.trial,3,2023-05-03 17:22:22.000000 UTC,2023-05-03 17:22:22.000000 UTC,2023-05-03 17:22:22.000000 UTC,1,499,2023-05-03 17:26:18.000000 UTC,
cd97ca98-bc92-4fd8-879e-2b0d8e57aed8,monthly.7.49,30,,2023-05-03 16:44:38.000000 UTC,2023-05-03 16:44:38.000000 UTC,1,749,2023-05-08 07:30:45.000000 UTC,
cd994ca3-6fca-44ee-bf18-c981bca4029f,monthly.9.99.3d.trial,3,2023-06-01 13:30:13.000000 UTC,2023-06-01 13:30:13.000000 UTC,2023-09-09 21:45:16.000000 UTC,12,11988,2023-08-15 21:45:16.000000 UTC,
cdad4ea4-8393-41af-8526-58497b3e1512,weekly.2.49,7,,2023-03-14 13:22:09.000000 UTC,2023-05-23 13:22:31.000000 UTC,14,3486,2023-05-29 12:14:19.000000 UTC,
cdb7b145-7754-4ddb-b540-107f232fdb27,monthly.9.99.3d.trial,3,2023-05-19 03:40:59.000000 UTC,2023-05-19 03:40:59.000000 UTC,2023-10-23 03:40:45.000000 UTC,20,125980,2023-10-06 10:15:03.000000 UTC,
ce1091f0-4e57-4428-a8d3-9de88c7ae781,monthly.9.99.3d.trial,3,2023-03-22 09:55:03.000000 UTC,2023-03-22 09:55:03.000000 UTC,2023-06-30 09:55:05.000000 UTC,12,11988,2023-06-08 13:34:51.000000 UTC,
ce1b86fc-d435-4753-a6d3-923c50d6082e,monthly.9.99.3d.trial,3,2023-04-16 05:45:10.000000 UTC,2023-04-16 05:45:10.000000 UTC,2023-05-16 05:44:58.000000 UTC,2,1998,2023-04-27 15:14:37.000000 UTC,
ce1d6d7f-7613-4eb1-854c-c56733d6ab37,weekly.2.49,7,,2023-04-07 07:19:20.000000 UTC,2023-06-02 07:19:28.000000 UTC,9,2241,2023-06-02 13:52:40.000000 UTC,
ce3da355-1814-463d-a0bb-4e89d6781101,monthly.7.49,30,,2023-06-10 20:32:30.000000 UTC,2023-11-08 14:45:53.000000 UTC,18,1016487,,
ce55a541-8870-438f-9681-301accf3a71e,weekly.2.49,7,,2023-04-07 12:58:47.000000 UTC,2023-04-14 12:59:58.000000 UTC,2,498,2023-04-15 11:52:51.000000 UTC,
ce58f8ff-9b33-49e4-b41a-8382eca95e24,weekly.4.99.3d.trial,3,2023-04-04 10:49:10.000000 UTC,2023-04-04 10:49:10.000000 UTC,2023-10-02 10:51:34.000000 UTC,27,13473,2023-10-07 11:48:50.000000 UTC,
ce6f7902-01fd-47fb-814f-70c319e173f4,monthly.7.49,30,,2023-03-24 09:30:22.000000 UTC,2023-11-05 09:30:41.000000 UTC,30,1359034,,
cea78f9e-8dc8-468a-a93d-dcc04162ee28,weekly.2.49,7,,2023-06-18 00:30:34.000000 UTC,2023-06-18 00:30:34.000000 UTC,1,249,2023-06-18 00:33:55.000000 UTC,
ced09730-77cb-4a60-8977-afc268ed779e,weekly.4.99.3d.trial,3,2023-04-14 07:00:29.000000 UTC,2023-04-14 07:00:29.000000 UTC,2023-09-07 07:01:15.000000 UTC,22,10479,2023-09-11 22:49:43.000000 UTC,2023-08-17 07:01:25.000000 UTC
cedf411c-de0b-43fc-b151-339891e5e348,monthly.9.99.3d.trial,3,2023-03-11 16:58:01.000000 UTC,2023-03-11 16:58:01.000000 UTC,2023-04-10 16:56:40.000000 UTC,2,1998,2023-03-18 14:21:20.000000 UTC,
cee3de83-25b8-4a08-ba38-ab21836c138d,weekly.2.49,7,,2023-05-05 06:13:16.000000 UTC,2023-09-29 06:14:18.000000 UTC,23,5727,,
cef83ed6-12f8-4390-bde3-87960945ca51,weekly.4.99.3d.trial,3,2023-05-22 18:23:46.000000 UTC,2023-05-22 18:23:46.000000 UTC,2023-10-16 18:24:39.000000 UTC,22,390860,,2023-10-09 18:24:07.000000 UTC
cf113f8c-eb28-4bce-82ce-463ea2c663e6,weekly.2.49,7,,2023-03-16 07:00:43.000000 UTC,2023-03-24 07:00:21.000000 UTC,2,498,2023-03-24 19:38:03.000000 UTC,
cf168647-7b8b-4312-b6ae-f89fb87a0ec3,weekly.4.99.3d.trial,3,2023-04-30 10:34:14.000000 UTC,2023-04-30 10:34:14.000000 UTC,2023-07-02 10:33:49.000000 UTC,10,4990,2023-07-02 11:10:52.000000 UTC,
cf1a3507-5a6e-478f-b5b1-364b38dd3387,weekly.4.99.3d.trial,3,2023-09-08 14:38:19.000000 UTC,2023-09-08 14:38:19.000000 UTC,2023-09-08 14:38:19.000000 UTC,1,499,2023-09-08 20:11:57.000000 UTC,
cf1f5551-8b87-4fb6-b951-9c7c44fa474f,monthly.7.49,30,,2023-03-24 13:47:13.000000 UTC,2023-03-24 13:47:13.000000 UTC,1,749,2023-03-24 15:09:01.000000 UTC,
cf2686d6-34a3-463d-9ffb-c5115cd549b4,monthly.7.49,30,,2023-03-15 10:38:35.000000 UTC,2023-03-15 10:38:35.000000 UTC,1,749,2023-03-16 18:00:14.000000 UTC,
cf50feb8-ddae-4500-9142-33f2d6efcd3f,weekly.4.99.3d.trial,3,2023-05-23 13:40:38.000000 UTC,2023-05-23 13:40:38.000000 UTC,2023-08-13 05:44:31.000000 UTC,10,417590,2023-08-17 19:43:07.000000 UTC,
cf53e7a0-271c-412b-9be0-a22e76fd7afc,monthly.9.99.3d.trial,3,2023-05-31 08:23:34.000000 UTC,2023-05-31 08:23:34.000000 UTC,2023-06-30 08:21:34.000000 UTC,2,1998,2023-07-24 21:17:08.000000 UTC,
cf667705-4c1c-4900-afd2-ac0ced52eb61,weekly.4.99.3d.trial,3,2023-05-31 12:17:03.000000 UTC,2023-05-31 12:17:03.000000 UTC,2023-05-31 12:17:03.000000 UTC,1,499,,
cfa96b83-f003-4c01-b6c3-2ecb2eda1f62,weekly.4.99.3d.trial,3,2023-05-20 06:16:14.000000 UTC,2023-05-20 06:16:14.000000 UTC,2023-08-27 16:45:31.000000 UTC,13,147886,,2023-06-06 12:25:04.000000 UTC
cfaeb5f5-ae0a-411a-8e49-0aea52a3e15c,weekly.4.99.3d.trial,3,2023-05-08 05:17:14.000000 UTC,2023-05-08 05:17:14.000000 UTC,2023-05-08 05:17:14.000000 UTC,1,499,2023-05-11 22:22:28.000000 UTC,
cfbc5fe1-a890-47cf-981e-94bb23b97df3,monthly.7.49,30,,2023-05-02 21:46:24.000000 UTC,2023-06-02 21:46:19.000000 UTC,2,1498,2023-05-11 22:43:27.000000 UTC,
cfc27a0c-edfd-4e53-b577-cf57ad941a7d,weekly.4.99.3d.trial,3,2023-03-05 13:09:47.000000 UTC,2023-03-05 13:09:47.000000 UTC,2023-03-05 13:09:47.000000 UTC,1,499,2023-03-10 19:09:20.000000 UTC,
cfc5b2e2-3911-4677-b54c-232b10c50d11,weekly.4.99.3d.trial,3,2023-03-09 10:19:17.000000 UTC,2023-03-09 10:19:17.000000 UTC,2023-04-24 12:01:15.000000 UTC,3,1497,2023-04-25 11:33:45.000000 UTC,
cfd383ed-0bbe-4b65-908c-6785b875deb5,weekly.4.99.3d.trial,3,2023-03-17 17:18:36.000000 UTC,2023-03-17 17:18:36.000000 UTC,2023-03-30 03:23:22.000000 UTC,2,998,2023-03-30 03:28:38.000000 UTC,
d0125b60-b428-41a2-809c-68dc2a843a2b,monthly.9.99.3d.trial,3,2023-05-22 13:12:34.000000 UTC,2023-05-22 13:12:34.000000 UTC,2023-07-20 16:55:37.000000 UTC,3,2997,2023-07-20 16:59:37.000000 UTC,
d0518b8b-8e79-4ba6-968d-a727e5d78592,weekly.4.99.3d.trial,3,2023-05-06 15:25:15.000000 UTC,2023-05-06 15:25:15.000000 UTC,2023-10-13 15:25:15.000000 UTC,24,11976,,
d05e4155-5186-48e1-a6c9-73e86431fe6b,weekly.4.99.3d.trial,3,2023-05-10 06:24:17.000000 UTC,2023-05-10 06:24:17.000000 UTC,2023-10-18 06:24:41.000000 UTC,24,440874,,2023-07-11 06:24:53.000000 UTC
d063d134-58d5-45a6-a468-26d9c37edb2f,monthly.9.99.3d.trial,3,2023-09-03 01:38:58.000000 UTC,2023-09-03 01:38:58.000000 UTC,2023-09-03 01:38:58.000000 UTC,1,999,2023-04-15 19:23:37.000000 UTC,
d068e12f-8479-48ee-a914-a433c0394b13,weekly.2.49,7,,2023-06-06 16:34:53.000000 UTC,2023-08-09 16:34:44.000000 UTC,10,2490,2023-08-10 18:30:02.000000 UTC,
d079d987-74f0-41ea-9c64-7b3bb4f92957,weekly.4.99.3d.trial,3,2023-05-16 15:11:13.000000 UTC,2023-05-16 15:11:13.000000 UTC,2023-05-23 15:13:16.000000 UTC,2,998,2023-05-23 15:22:41.000000 UTC,
d0e64afe-31aa-4c44-99d9-917b8546d152,monthly.9.99.3d.trial,3,2023-06-12 16:09:06.000000 UTC,2023-06-12 16:09:06.000000 UTC,2023-11-08 19:38:53.000000 UTC,18,17982,,
d0f394fc-a117-4a3c-bfb5-b6d428e99f33,monthly.9.99.3d.trial,3,2023-03-09 20:20:05.000000 UTC,2023-03-09 20:20:05.000000 UTC,2023-03-09 20:20:05.000000 UTC,1,999,2023-03-09 00:59:49.000000 UTC,
d11162a7-0d47-4773-8e8b-1f53627d0896,monthly.9.99.3d.trial,3,2023-03-25 06:17:02.000000 UTC,2023-03-25 06:17:02.000000 UTC,2023-04-23 06:17:06.000000 UTC,2,1998,2023-04-02 22:56:28.000000 UTC,
d12d1df8-e480-409b-aa5a-847df52bbcaa,weekly.4.99.3d.trial,3,2023-03-08 14:58:28.000000 UTC,2023-03-08 14:58:28.000000 UTC,2023-03-15 14:56:32.000000 UTC,2,998,2023-03-15 05:12:03.000000 UTC,
d1341b9a-761e-4dcb-b878-2f038a5c0330,monthly.9.99.3d.trial,3,2023-06-30 15:06:40.000000 UTC,2023-06-30 15:06:40.000000 UTC,2023-11-04 15:03:54.000000 UTC,16,15984,,
d143a09e-75c2-44c0-8d30-4abb0cf59161,monthly.7.49,30,,2023-03-23 06:39:55.000000 UTC,2023-04-30 06:39:48.000000 UTC,3,749,2023-04-09 16:28:10.000000 UTC,2023-04-06 06:39:48.000000 UTC
d14fb381-e66e-4e0d-a002-07236cf32de3,weekly.2.49,7,,2023-03-16 09:45:11.000000 UTC,2023-10-13 09:44:50.000000 UTC,31,171868,,
d1671936-d84a-48f9-934e-0657a42a3aa5,weekly.2.49,7,,2023-03-26 16:42:38.000000 UTC,2023-03-26 16:42:38.000000 UTC,1,249,2023-03-30 14:50:27.000000 UTC,
d17bc6b9-75f1-442d-88f2-f63af4e05622,weekly.2.49,7,,2023-05-16 09:41:42.000000 UTC,2023-05-16 09:41:42.000000 UTC,1,249,2023-05-18 01:02:55.000000 UTC,
d19a80aa-06eb-4e2e-a376-7f17a8e450aa,weekly.2.49,7,,2023-05-26 03:14:31.000000 UTC,2023-05-26 03:14:31.000000 UTC,1,249,2023-05-26 07:04:59.000000 UTC,
d1ffc442-14df-4bb0-9706-0559ff95bc22,weekly.2.49,7,,2023-05-17 16:10:42.000000 UTC,2023-05-24 16:10:59.000000 UTC,2,498,,
d206cee9-e7b2-4557-ae81-c9d43be2226a,monthly.9.99.3d.trial,3,2023-06-18 18:25:48.000000 UTC,2023-06-18 18:25:48.000000 UTC,2023-06-18 18:25:48.000000 UTC,1,999,2023-06-18 18:26:44.000000 UTC,
d233d86b-beab-48ea-9af8-ac68c6058f79,weekly.4.99.3d.trial,3,2023-05-25 14:27:58.000000 UTC,2023-05-25 14:27:58.000000 UTC,2023-05-25 14:27:58.000000 UTC,1,499,2023-05-26 02:01:31.000000 UTC,
d249dc20-6ebd-4b31-8d7c-a2ced67e5bdf,monthly.7.49,30,,2023-03-07 10:02:46.000000 UTC,2023-05-30 15:44:33.000000 UTC,12,8988,2023-05-07 11:32:12.000000 UTC,
d2780b16-0a5e-4731-a795-75c0ca05b688,weekly.2.49,7,,2023-04-28 21:02:50.000000 UTC,2023-04-28 21:02:50.000000 UTC,1,249,2023-04-30 06:21:22.000000 UTC,
d2a0ddfe-cbae-47c1-9b37-13c05dab773f,weekly.2.49,7,,2023-05-20 04:31:34.000000 UTC,2023-07-16 04:30:30.000000 UTC,9,219045,,
d2b5dbcd-d657-4a70-ae65-696940c41570,monthly.9.99.3d.trial,3,2023-10-08 19:31:35.000000 UTC,2023-10-08 19:31:35.000000 UTC,2023-10-08 19:31:35.000000 UTC,1,999,2023-10-08 19:52:43.000000 UTC,
d2c13a07-f459-4063-97fd-bd3af49048d7,weekly.2.49,7,,2023-05-23 15:49:22.000000 UTC,2023-05-23 15:49:22.000000 UTC,1,249,2023-05-23 16:00:39.000000 UTC,
d2c7709d-b438-4c15-876f-69c38e8d5fc1,monthly.9.99.3d.trial,3,2023-06-01 09:23:51.000000 UTC,2023-06-01 09:23:51.000000 UTC,2023-07-15 09:24:25.000000 UTC,4,3996,2023-06-22 11:25:10.000000 UTC,
d2daf247-bbbb-4fb9-9d70-c3081b68d3fc,weekly.2.49,7,,2023-04-19 12:06:45.000000 UTC,2023-06-14 12:06:59.000000 UTC,9,2241,2023-06-14 15:17:24.000000 UTC,
d3084c02-121f-40de-ae62-400c84d7c6aa,weekly.2.49,7,,2023-05-05 04:27:17.000000 UTC,2023-05-05 04:27:17.000000 UTC,1,249,2023-05-05 09:32:26.000000 UTC,
d31168d5-251a-4fc7-9445-8890bf94439a,monthly.9.99.3d.trial,3,2023-05-26 23:43:58.000000 UTC,2023-05-26 23:43:58.000000 UTC,2023-10-22 23:44:41.000000 UTC,19,18981,,
d31491e3-f49c-4daa-9913-ea9d3e432322,weekly.4.99.3d.trial,3,2023-03-07 12:45:23.000000 UTC,2023-03-07 12:45:23.000000 UTC,2023-03-07 12:45:23.000000 UTC,1,499,2023-03-06 19:16:56.000000 UTC,
d3460b90-cec3-425a-8f75-fd58e7bee19e,weekly.4.99.3d.trial,3,2023-05-23 23:14:06.000000 UTC,2023-05-23 23:14:06.000000 UTC,2023-05-23 23:14:06.000000 UTC,1,499,2023-05-23 23:32:36.000000 UTC,
d34e0a94-dee4-4b1a-aa45-04ca790e55b4,weekly.2.49,7,,2023-03-10 14:49:41.000000 UTC,2023-03-18 14:49:32.000000 UTC,2,498,2023-03-19 16:28:59.000000 UTC,
d34f5217-1271-4645-a624-d2276407af26,monthly.9.99.3d.trial,3,2023-03-17 21:20:33.000000 UTC,2023-03-17 21:20:33.000000 UTC,2023-03-17 21:20:33.000000 UTC,1,999,2023-03-20 18:23:23.000000 UTC,
d3791902-be9f-47c4-b3a1-24f9492a4fd2,monthly.9.99.3d.trial,3,2023-05-16 11:01:06.000000 UTC,2023-05-16 11:01:06.000000 UTC,2023-08-18 11:01:16.000000 UTC,11,985443,2023-07-29 21:23:38.000000 UTC,
d3c5261c-5e2b-4718-9338-2f22936d0d79,monthly.7.49,30,,2023-04-07 23:12:33.000000 UTC,2023-05-28 23:13:13.000000 UTC,5,3745,,
d3da61ef-688a-48b8-bb3a-859a0ebe6af0,weekly.2.49,7,,2023-05-27 07:35:39.000000 UTC,2023-10-14 07:31:38.000000 UTC,20,59887,,
d3edd0c4-fc22-45bf-b0c5-448d919cc410,weekly.4.99.3d.trial,3,2023-05-26 05:27:50.000000 UTC,2023-05-26 05:27:50.000000 UTC,2023-06-22 05:27:39.000000 UTC,5,2495,2023-06-28 11:38:12.000000 UTC,
d3fba068-b571-4170-885a-10a9e80bbf45,weekly.4.99.3d.trial,3,2023-05-19 07:38:13.000000 UTC,2023-05-19 07:38:13.000000 UTC,2023-06-23 10:51:34.000000 UTC,3,1497,2023-06-23 11:21:15.000000 UTC,
d410dae9-a0b0-4ae4-9a5d-a946a771b4b9,weekly.4.99.3d.trial,3,2023-05-27 18:46:07.000000 UTC,2023-05-27 18:46:07.000000 UTC,2023-05-27 18:46:07.000000 UTC,1,499,2023-06-01 15:24:24.000000 UTC,
d44af7dd-08bd-403c-97fa-823c68728986,weekly.2.49,7,,2023-04-23 18:15:38.000000 UTC,2023-04-23 18:15:38.000000 UTC,1,249,,
d47e9b54-524a-4637-80e1-dc6a9b2320e2,weekly.2.49,7,,2023-05-16 10:00:17.000000 UTC,2023-10-17 09:59:11.000000 UTC,23,270221,,
d48b5e71-e5bd-4a64-bda4-343239f2efad,weekly.2.49,7,,2023-04-27 09:33:30.000000 UTC,2023-10-15 04:58:00.000000 UTC,24,230504,,
d4a1b188-ac66-4ebc-a706-cc281ad65f6f,weekly.4.99.3d.trial,3,2023-05-05 07:51:56.000000 UTC,2023-05-05 07:51:56.000000 UTC,2023-05-05 07:51:56.000000 UTC,1,499,2023-05-05 01:17:18.000000 UTC,
d4a1eb2d-fc1f-452c-8fb0-ddca289174ef,weekly.4.99.3d.trial,3,2023-03-14 12:14:24.000000 UTC,2023-03-14 12:14:24.000000 UTC,2023-10-17 12:14:03.000000 UTC,32,15469,,2023-09-18 12:13:45.000000 UTC
d4b1a613-7e6a-4d66-a4c5-ebc578ca4f79,weekly.2.49,7,,2023-06-30 17:57:23.000000 UTC,2023-08-09 02:11:10.000000 UTC,4,177310,,
d4e5bd9c-a1c2-45c6-a727-b90aef37fc3b,weekly.2.49,7,,2023-04-15 18:03:44.000000 UTC,2023-04-15 18:03:44.000000 UTC,1,249,2023-04-15 21:57:53.000000 UTC,
d50d25cd-2db6-49a7-b925-22ba505af471,weekly.2.49,7,,2023-05-19 04:38:01.000000 UTC,2023-09-09 04:37:17.000000 UTC,17,4233,2023-09-12 02:54:11.000000 UTC,
d527fb00-b448-4ae2-814c-2d9d90e0e931,monthly.9.99.3d.trial,3,2023-05-23 07:45:16.000000 UTC,2023-05-23 07:45:16.000000 UTC,2023-05-23 07:45:16.000000 UTC,1,999,2023-05-25 01:02:05.000000 UTC,
d52a84ea-1bd9-494f-8c4e-faf6c42ad8a2,weekly.4.99.3d.trial,3,2023-03-12 14:24:03.000000 UTC,2023-03-12 14:24:03.000000 UTC,2023-06-07 14:45:18.000000 UTC,3,1497,2023-06-07 23:12:13.000000 UTC,
d54de5b8-e06a-4105-b34d-0a9a6673b5ed,monthly.7.49,30,,2023-05-27 13:05:33.000000 UTC,2023-05-27 13:05:33.000000 UTC,1,749,2023-05-27 17:57:46.000000 UTC,
d58c9d1f-684b-4fd9-a002-e62084ce063d,monthly.9.99.3d.trial,3,2023-05-24 10:38:40.000000 UTC,2023-05-24 10:38:40.000000 UTC,2023-05-24 10:38:40.000000 UTC,1,999,2023-05-24 20:47:10.000000 UTC,
d5d3dfc5-2805-4fb5-8839-c6740d0adabf,weekly.2.49,7,,2023-03-09 05:38:56.000000 UTC,2023-03-16 05:40:24.000000 UTC,2,498,2023-03-16 08:37:32.000000 UTC,
d5e0406c-ee84-44e9-af76-c63776529cf3,weekly.4.99.3d.trial,3,2023-08-21 19:34:49.000000 UTC,2023-08-21 19:34:49.000000 UTC,2023-08-21 19:34:49.000000 UTC,1,499,2023-05-21 19:57:47.000000 UTC,
d60717c1-ab81-4965-b668-6e6d1b016482,weekly.2.49,7,,2023-03-15 14:39:18.000000 UTC,2023-03-15 14:39:18.000000 UTC,1,249,2023-03-15 14:47:53.000000 UTC,
d62ab425-a239-45d5-ad94-4c2135c7eed9,weekly.2.49,7,,2023-03-07 12:51:01.000000 UTC,2023-03-07 12:51:01.000000 UTC,1,249,2023-03-07 21:49:07.000000 UTC,
d64d862c-ec40-4b5f-9469-e5c2ae5a59fc,weekly.4.99.3d.trial,3,2023-04-25 18:54:37.000000 UTC,2023-04-25 18:54:37.000000 UTC,2023-09-30 00:38:25.000000 UTC,18,8982,2023-09-23 00:40:19.000000 UTC,
d64fd09c-1e92-48b2-b630-9c5087260049,monthly.9.99.3d.trial,3,2023-03-10 07:33:13.000000 UTC,2023-03-10 07:33:13.000000 UTC,2023-03-10 07:33:13.000000 UTC,1,999,2023-03-10 23:27:36.000000 UTC,
d68134c5-3e3b-472c-be82-ca335b717cf6,monthly.7.49,30,,2023-04-14 02:44:53.000000 UTC,2023-11-07 02:45:23.000000 UTC,27,824779,,2023-08-11 02:43:01.000000 UTC
d6c2d855-ec97-40f1-ab43-e6596b2831db,weekly.4.99.3d.trial,3,2023-05-03 17:45:48.000000 UTC,2023-05-03 17:45:48.000000 UTC,2023-05-03 17:45:48.000000 UTC,1,499,2023-05-07 05:48:18.000000 UTC,
d6c30c21-b61c-41fb-ba9f-57db5039ac91,monthly.9.99.3d.trial,3,2023-04-09 12:25:15.000000 UTC,2023-04-09 12:25:15.000000 UTC,2023-05-29 12:25:38.000000 UTC,5,4995,,
d6d5b83b-38d9-49d9-8e91-aeeda4ebf2e6,weekly.4.99.3d.trial,3,2023-03-28 15:04:43.000000 UTC,2023-03-28 15:04:43.000000 UTC,2023-07-04 15:04:57.000000 UTC,15,7485,,
d6f7bfdd-6bc2-4a05-8070-2d1a874abd44,weekly.2.49,7,,2023-04-17 06:00:06.000000 UTC,2023-10-16 06:00:59.000000 UTC,27,37955,,
d7166376-2fa6-47f3-b85e-85068a1ebe29,weekly.4.99.3d.trial,3,2023-04-04 04:50:18.000000 UTC,2023-04-04 04:50:18.000000 UTC,2023-06-03 18:27:51.000000 UTC,2,998,2023-06-05 22:20:53.000000 UTC,
d74f8883-7a16-41b5-a921-afec9037a02c,weekly.4.99.3d.trial,3,2023-03-16 16:57:22.000000 UTC,2023-03-16 16:57:22.000000 UTC,2023-07-12 19:52:26.000000 UTC,13,111787,2023-07-13 16:10:29.000000 UTC,
d7729a46-a673-4a08-b462-200f8ad3e999,weekly.2.49,7,,2023-05-23 00:41:57.000000 UTC,2023-06-27 00:42:14.000000 UTC,6,23917,2023-06-29 10:43:04.000000 UTC,
d7caeda5-89e5-43a1-8707-47b942ca1759,monthly.9.99.3d.trial,3,2023-05-27 09:15:53.000000 UTC,2023-05-27 09:15:53.000000 UTC,2023-07-10 03:15:41.000000 UTC,4,3996,2023-06-29 14:57:57.000000 UTC,
d7fa22b0-cb31-4da6-9dca-b0f2b26b24b6,weekly.2.49,7,,2023-03-09 16:44:42.000000 UTC,2023-07-07 16:44:29.000000 UTC,17,3984,2023-07-11 02:33:23.000000 UTC,2023-05-11 16:44:06.000000 UTC
d810b52e-05f1-40fb-ab40-a56388c735de,weekly.2.49,7,,2023-05-02 10:43:07.000000 UTC,2023-08-09 18:37:06.000000 UTC,12,2988,,
d897ccd3-2462-48f6-8707-27cd5082901f,weekly.4.99.3d.trial,3,2023-05-10 21:21:44.000000 UTC,2023-05-10 21:21:44.000000 UTC,2023-05-10 21:21:44.000000 UTC,1,499,2023-05-10 21:23:24.000000 UTC,
d8a7d930-a4b0-4125-9bf6-4ab93b45cfee,monthly.7.49,30,,2023-05-25 22:45:37.000000 UTC,2023-05-25 22:45:37.000000 UTC,1,749,2023-05-27 03:45:42.000000 UTC,
d8c553b9-ab08-4c37-856a-03f2d378f866,weekly.4.99.3d.trial,3,2023-03-09 13:24:21.000000 UTC,2023-03-09 13:24:21.000000 UTC,2023-09-27 15:04:27.000000 UTC,32,97757,2023-09-28 01:44:03.000000 UTC,
d8dcf708-6d1b-4aeb-bc7d-0bf58355175c,weekly.4.99.3d.trial,3,2023-05-09 08:06:22.000000 UTC,2023-05-09 08:06:22.000000 UTC,2023-06-13 08:05:31.000000 UTC,5,2495,2023-06-18 13:42:30.000000 UTC,
d8e5a1dd-a3b6-45f1-96b9-684847cdff36,weekly.4.99.3d.trial,3,2023-05-10 22:04:00.000000 UTC,2023-05-10 22:04:00.000000 UTC,2023-05-18 04:04:03.000000 UTC,3,1497,2023-05-11 14:21:52.000000 UTC,
d91d1b6d-8b05-4d36-aab8-73e8ef3b0b4c,weekly.4.99.3d.trial,3,2023-05-14 12:54:30.000000 UTC,2023-05-14 12:54:30.000000 UTC,2023-10-16 12:53:15.000000 UTC,22,10978,,
d94ca8b7-d371-4d53-a893-36bf37b87a92,weekly.2.49,7,,2023-03-24 11:49:27.000000 UTC,2023-03-24 11:49:27.000000 UTC,1,249,2023-03-25 11:56:43.000000 UTC,
d95301e9-d368-410f-9ae9-5531acc0da24,weekly.2.49,7,,2023-04-17 06:30:10.000000 UTC,2023-04-17 06:30:10.000000 UTC,1,249,2023-04-17 06:35:00.000000 UTC,
d9600dc0-6fb7-4348-b223-d68482089b7a,weekly.2.49,7,,2023-03-30 14:30:19.000000 UTC,2023-05-18 14:31:00.000000 UTC,8,1992,2023-05-25 12:27:42.000000 UTC,
d967379c-43f1-447c-8138-27ed353882a9,weekly.2.49,7,,2023-05-14 20:21:37.000000 UTC,2023-07-16 20:21:28.000000 UTC,10,2490,2023-07-18 01:47:42.000000 UTC,
d9691b5a-2659-432c-8530-0de9986a088c,weekly.4.99.3d.trial,3,2023-08-19 09:19:19.000000 UTC,2023-08-19 09:19:19.000000 UTC,2023-08-19 09:19:19.000000 UTC,1,499,2023-08-19 09:52:41.000000 UTC,
d9762d66-e273-4959-869f-03209cfa4e58,weekly.2.49,7,,2023-05-12 14:22:00.000000 UTC,2023-05-20 14:21:45.000000 UTC,2,498,2023-05-22 14:23:08.000000 UTC,
d99eab97-9574-4380-a823-28fd8031bd4a,weekly.4.99.3d.trial,3,2023-05-05 08:34:36.000000 UTC,2023-05-05 08:34:36.000000 UTC,2023-05-05 08:34:36.000000 UTC,1,281948,2023-05-09 03:37:24.000000 UTC,
d9c2ac7c-dc56-4244-8f0b-3ef6b60ad565,weekly.2.49,7,,2023-03-11 17:20:03.000000 UTC,2023-03-18 17:21:29.000000 UTC,2,498,2023-03-18 22:13:17.000000 UTC,
d9d6b606-faff-464e-bf70-9bcb42eda435,weekly.2.49,7,,2023-03-26 16:26:19.000000 UTC,2023-04-02 16:26:27.000000 UTC,2,498,2023-04-05 20:40:24.000000 UTC,
d9d9acc8-0d27-4728-9e1b-5dbc6ed5b8af,monthly.7.49,30,,2023-05-09 05:44:42.000000 UTC,2023-05-09 05:44:42.000000 UTC,1,749,2023-05-10 07:24:23.000000 UTC,
da148540-41f7-4b90-9cf3-6926160d643a,weekly.4.99.3d.trial,3,2023-07-15 07:33:01.000000 UTC,2023-07-15 07:33:01.000000 UTC,2023-07-15 07:33:01.000000 UTC,1,499,,
da4e04c1-eced-45e5-89a1-a31518098027,weekly.4.99.3d.trial,3,2023-04-26 09:33:30.000000 UTC,2023-04-26 09:33:30.000000 UTC,2023-10-18 09:31:25.000000 UTC,26,394231,,
da5ef40b-493a-4699-9798-e47029da53f5,monthly.7.49,30,,2023-04-23 05:43:25.000000 UTC,2023-06-20 11:45:07.000000 UTC,6,4494,2023-05-26 17:41:30.000000 UTC,
da88ddc4-2455-450c-9a80-05bb5670b0fd,weekly.4.99.3d.trial,3,2023-04-27 08:09:25.000000 UTC,2023-04-27 08:09:25.000000 UTC,2023-06-17 16:31:21.000000 UTC,4,1996,2023-06-18 05:00:22.000000 UTC,
da89ce00-e3b7-456e-bcfa-b40f90f52b74,weekly.2.49,7,,2023-05-07 13:10:56.000000 UTC,2023-05-21 19:10:29.000000 UTC,3,747,2023-05-25 06:12:46.000000 UTC,
dabb0cfa-660f-48f7-8177-fda5e279fdd4,weekly.4.99.3d.trial,3,2023-03-04 17:23:09.000000 UTC,2023-03-04 17:23:09.000000 UTC,2023-04-24 17:40:07.000000 UTC,4,1996,2023-04-24 23:01:22.000000 UTC,
dac3ad3c-4046-4469-899a-1d4f385c3261,monthly.9.99.3d.trial,3,2023-05-06 02:41:11.000000 UTC,2023-05-06 02:41:11.000000 UTC,2023-08-07 02:40:58.000000 UTC,11,10989,2023-07-14 13:34:21.000000 UTC,
daf800cf-11a0-416c-837e-028fcc188e17,weekly.4.99.3d.trial,3,2023-03-09 14:34:54.000000 UTC,2023-03-09 14:34:54.000000 UTC,2023-10-11 14:34:35.000000 UTC,32,825170,,2023-06-14 14:34:20.000000 UTC
db2c7ae9-f16b-4c22-90cf-51776ac266da,monthly.7.49,30,,2023-05-23 12:43:14.000000 UTC,2023-07-21 12:43:17.000000 UTC,6,4494,2023-06-28 11:53:51.000000 UTC,
db4765a6-3745-43dc-8ecf-614c3014191d,weekly.2.49,7,,2023-05-12 21:27:19.000000 UTC,2023-05-12 21:27:19.000000 UTC,1,249,2023-05-12 21:27:47.000000 UTC,
db6ccbfc-321b-4be1-b14b-81f7550fb5d2,weekly.4.99.3d.trial,3,2023-03-12 14:21:31.000000 UTC,2023-03-12 14:21:31.000000 UTC,2023-04-16 14:19:31.000000 UTC,6,2994,,
db74dc56-017c-4883-9a2e-7842e0d80aef,weekly.2.49,7,,2023-03-08 11:09:59.000000 UTC,2023-03-23 11:09:34.000000 UTC,3,498,2023-03-25 16:38:58.000000 UTC,2023-03-08 11:09:59.000000 UTC
db7aeb4d-d28c-4009-ad85-9990f081cee4,weekly.2.49,7,,2023-05-03 04:56:56.000000 UTC,2023-05-03 04:56:56.000000 UTC,1,249,2023-05-04 11:06:50.000000 UTC,
db7f2ae4-d3a3-435e-bef6-84cd67c77677,monthly.9.99.3d.trial,3,2023-06-26 15:54:33.000000 UTC,2023-06-26 15:54:33.000000 UTC,2023-11-08 01:58:52.000000 UTC,18,17982,,
db8d021d-96ea-4214-b811-544ed04cdc76,monthly.7.49,30,,2023-03-15 23:08:19.000000 UTC,2023-03-15 23:08:19.000000 UTC,1,749,2023-03-06 19:09:26.000000 UTC,
dba24092-f39d-4643-bc31-6afd66f9eb30,weekly.4.99.3d.trial,3,2023-03-10 11:43:22.000000 UTC,2023-03-10 11:43:22.000000 UTC,2023-10-19 11:45:33.000000 UTC,33,16467,,
dbada519-c00e-4dfa-af0d-f5eb5bd694b4,weekly.4.99.3d.trial,3,2023-05-14 11:07:06.000000 UTC,2023-05-14 11:07:06.000000 UTC,2023-07-14 16:16:29.000000 UTC,5,2495,2023-07-14 16:40:44.000000 UTC,
dbc0de91-431b-47dd-be7e-c56fa580daa7,weekly.4.99.3d.trial,3,2023-05-06 15:06:35.000000 UTC,2023-05-06 15:06:35.000000 UTC,2023-08-05 15:06:54.000000 UTC,14,6986,2023-08-05 02:26:45.000000 UTC,
dbc98703-c719-42ec-9c77-a7cf6b0d048c,weekly.2.49,7,,2023-03-26 14:26:53.000000 UTC,2023-08-07 14:07:38.000000 UTC,2,498,2023-08-09 23:44:03.000000 UTC,
dbccd02e-a567-4afe-be34-5cbd831d9659,weekly.4.99.3d.trial,3,2023-05-17 21:30:37.000000 UTC,2023-05-17 21:30:37.000000 UTC,2023-07-04 21:31:08.000000 UTC,8,3992,2023-07-08 19:06:01.000000 UTC,
dbd065ba-14b2-40c3-b671-b8896d1febc9,weekly.2.49,7,,2023-04-30 19:11:05.000000 UTC,2023-05-08 11:11:41.000000 UTC,2,498,2023-05-14 16:51:59.000000 UTC,
dbe5a6d4-b57c-469b-9c1c-89e6ede43e77,weekly.2.49,7,,2023-06-02 05:42:46.000000 UTC,2023-06-02 05:42:46.000000 UTC,1,249,2023-06-04 13:03:03.000000 UTC,
dc0223f9-973e-4570-8850-cc8fcc3a4e4d,weekly.4.99.3d.trial,3,2023-05-27 18:09:09.000000 UTC,2023-05-27 18:09:09.000000 UTC,2023-07-04 10:27:04.000000 UTC,3,1497,2023-07-07 18:17:12.000000 UTC,
dc031bdf-ea1a-4434-a9a6-ec9b5d550a74,weekly.2.49,7,,2023-04-19 16:10:52.000000 UTC,2023-04-19 16:10:52.000000 UTC,1,249,2023-04-21 16:56:21.000000 UTC,
dc440115-15dc-4a96-980b-26788b42c9ee,weekly.4.99.3d.trial,3,2023-05-08 05:20:47.000000 UTC,2023-05-08 05:20:47.000000 UTC,2023-05-15 05:20:03.000000 UTC,2,998,2023-05-14 13:17:27.000000 UTC,
dc4e883d-cd6c-4ff3-9def-19e3b30da579,weekly.4.99.3d.trial,3,2023-03-11 11:17:44.000000 UTC,2023-03-11 11:17:44.000000 UTC,2023-03-31 11:17:16.000000 UTC,4,1996,2023-04-06 00:19:32.000000 UTC,
dc508303-a903-41c4-8bff-a5c547e36628,weekly.2.49,7,,2023-03-13 06:41:10.000000 UTC,2023-03-13 06:41:10.000000 UTC,1,249,2023-03-13 14:14:42.000000 UTC,
dc6cb80c-bfe8-4783-ab6e-8c137c08dced,weekly.4.99.3d.trial,3,2023-04-20 15:51:38.000000 UTC,2023-04-20 15:51:38.000000 UTC,2023-06-07 15:56:32.000000 UTC,8,3992,2023-06-08 16:03:02.000000 UTC,
dc78fd4d-6be8-4fad-b01e-1ebeff63f9d4,monthly.9.99.3d.trial,3,2023-05-15 04:19:45.000000 UTC,2023-05-15 04:19:45.000000 UTC,2023-11-11 04:18:27.000000 UTC,23,36940,,
dca4b2b1-f239-49dc-86e2-47287b602f89,weekly.4.99.3d.trial,3,2023-05-14 23:57:56.000000 UTC,2023-05-14 23:57:56.000000 UTC,2023-05-14 23:57:56.000000 UTC,1,499,2023-05-14 04:21:51.000000 UTC,
dcbf219c-2831-4d05-890d-1d9afb2998e4,weekly.2.49,7,,2023-05-18 09:03:06.000000 UTC,2023-10-13 09:02:54.000000 UTC,22,287211,,2023-05-25 09:03:29.000000 UTC
dcc20d80-52da-49fe-9171-d7e17ba5d68b,weekly.4.99.3d.trial,3,2023-06-05 03:07:12.000000 UTC,2023-06-05 03:07:12.000000 UTC,2023-06-05 03:07:12.000000 UTC,1,499,,
dd69da3b-7096-4f2c-adf5-722bd693ccfe,weekly.4.99.3d.trial,3,2023-04-09 05:27:40.000000 UTC,2023-04-09 05:27:40.000000 UTC,2023-07-16 05:26:03.000000 UTC,15,254212,2023-07-18 20:16:12.000000 UTC,
dd6c6ebf-c3bd-48c5-b1f6-8dae580a26b3,weekly.2.49,7,,2023-05-15 15:35:51.000000 UTC,2023-07-17 15:34:26.000000 UTC,10,2241,2023-07-23 17:44:39.000000 UTC,2023-05-29 15:34:24.000000 UTC
dd885896-78df-49f2-9860-48b7e74528d2,weekly.2.49,7,,2023-03-15 07:16:17.000000 UTC,2023-03-15 07:16:17.000000 UTC,1,0,2023-03-16 01:24:15.000000 UTC,2023-03-15 07:16:17.000000 UTC
dda24ddf-50a2-4540-9447-e85b7d228c6a,weekly.2.49,7,,2023-06-05 10:25:01.000000 UTC,2023-08-08 10:24:49.000000 UTC,10,98983,2023-08-07 14:44:44.000000 UTC,
ddb66fe3-54c1-4e70-bf01-e7d06fa1f695,monthly.9.99.3d.trial,3,2023-03-25 08:17:19.000000 UTC,2023-03-25 08:17:19.000000 UTC,2023-04-23 08:20:10.000000 UTC,2,1998,2023-03-31 13:48:13.000000 UTC,
ddbc70c5-9dde-42d6-b12f-8217504d415d,weekly.2.49,7,,2023-03-16 10:18:06.000000 UTC,2023-04-06 10:18:55.000000 UTC,4,996,2023-04-12 20:58:17.000000 UTC,
ddbed878-7bed-4bd7-9dff-7f5e73583196,weekly.4.99.3d.trial,3,2023-03-09 09:15:39.000000 UTC,2023-03-09 09:15:39.000000 UTC,2023-03-09 09:15:39.000000 UTC,1,499,2023-03-08 15:30:59.000000 UTC,
dddc9b83-c61d-4152-ae7b-9b90dc09b097,weekly.4.99.3d.trial,3,2023-03-19 08:56:29.000000 UTC,2023-03-19 08:56:29.000000 UTC,2023-03-19 08:56:29.000000 UTC,1,499,2023-03-19 09:18:21.000000 UTC,
dde157e9-649b-47cb-b0b9-ed696c9d14e2,weekly.2.49,7,,2023-04-18 01:42:44.000000 UTC,2023-06-12 13:10:22.000000 UTC,11,2739,2023-06-18 18:50:01.000000 UTC,
de3d777e-ae9e-4686-9e47-7af80f9f1d54,monthly.7.49,30,,2023-06-04 10:08:50.000000 UTC,2023-07-04 10:09:19.000000 UTC,2,1498,,
de5026a0-9531-43fd-98a4-e1d99c9e62fe,monthly.7.49,30,,2023-04-09 13:24:07.000000 UTC,2023-04-09 13:24:07.000000 UTC,1,749,2023-04-16 05:19:48.000000 UTC,
de999560-c611-4ffa-a977-f7913bd53a84,weekly.4.99.3d.trial,3,2023-09-12 15:02:58.000000 UTC,2023-09-12 15:02:58.000000 UTC,2023-09-19 15:03:00.000000 UTC,2,998,2023-09-12 15:05:08.000000 UTC,
deceb6e0-8c35-495f-887f-3cc4f6974d57,monthly.9.99.3d.trial,3,2023-03-23 01:55:04.000000 UTC,2023-03-23 01:55:04.000000 UTC,2023-03-23 01:55:04.000000 UTC,1,999,,
df1def46-4de9-4968-8c22-5e51c41e1aff,monthly.7.49,30,,2023-05-09 00:53:07.000000 UTC,2023-07-07 00:52:51.000000 UTC,6,4494,2023-06-15 18:04:56.000000 UTC,
df285607-af8d-45ad-ae70-9ce63cc6701a,weekly.2.49,7,,2023-04-29 12:49:14.000000 UTC,2023-04-29 12:49:14.000000 UTC,1,249,2023-04-29 13:18:39.000000 UTC,
df37ce98-1bda-4ff5-8bda-6a564ac7e045,weekly.2.49,7,,2023-03-11 07:58:02.000000 UTC,2023-03-19 07:57:12.000000 UTC,2,9149,2023-03-25 04:53:45.000000 UTC,2023-03-18 07:57:12.000000 UTC
df3cb9b9-ae9b-42be-b1f0-cb92f4f4d633,monthly.9.99.3d.trial,3,2023-05-15 13:36:51.000000 UTC,2023-05-15 13:36:51.000000 UTC,2023-07-26 13:37:21.000000 UTC,8,6993,2023-07-09 02:19:12.000000 UTC,2023-06-12 13:36:21.000000 UTC
df52dbc3-398e-44cd-a72d-dcf792123448,weekly.2.49,7,,2023-03-24 22:20:13.000000 UTC,2023-05-06 22:19:24.000000 UTC,7,1494,2023-05-08 15:11:47.000000 UTC,2023-04-21 22:19:32.000000 UTC
df839c33-85ae-432c-b517-8b858d68cf8a,weekly.2.49,7,,2023-06-01 02:09:47.000000 UTC,2023-06-01 02:09:47.000000 UTC,1,249,2023-06-01 02:17:32.000000 UTC,
dfbafd93-6ead-46cb-aa5a-58d16bbd7ebe,weekly.2.49,7,,2023-03-04 07:32:11.000000 UTC,2023-03-26 06:32:09.000000 UTC,4,996,2023-03-27 22:45:05.000000 UTC,
dfd37291-aacf-4473-b61d-a6c415c9bc35,weekly.2.49,7,,2023-03-16 15:35:32.000000 UTC,2023-03-24 15:34:48.000000 UTC,2,498,2023-03-25 17:28:41.000000 UTC,
dfef0e43-9604-4ab8-aae7-a6301d03455e,weekly.4.99.3d.trial,3,2023-05-27 11:34:03.000000 UTC,2023-05-27 11:34:03.000000 UTC,2023-10-16 02:14:10.000000 UTC,15,7485,,
dff96771-0434-48a5-9591-da0289093edc,monthly.9.99.3d.trial,3,2023-04-28 10:07:26.000000 UTC,2023-04-28 10:07:26.000000 UTC,2023-06-11 10:07:26.000000 UTC,4,2997,2023-05-23 11:24:58.000000 UTC,2023-05-18 10:07:26.000000 UTC
e004f12a-0f53-45a5-8d9f-3716abb935ae,weekly.2.49,7,,2023-03-17 09:26:19.000000 UTC,2023-03-17 09:26:19.000000 UTC,1,249,,
e0872e7d-e532-426b-84e8-c7e0ffae5aa4,monthly.7.49,30,,2023-06-03 16:08:38.000000 UTC,2023-06-03 16:08:38.000000 UTC,1,749,2023-06-06 04:42:50.000000 UTC,
e08f88cb-37fe-47d1-a88f-2459777739f5,weekly.4.99.3d.trial,3,2023-05-16 14:23:14.000000 UTC,2023-05-16 14:23:14.000000 UTC,2023-05-16 14:23:14.000000 UTC,1,499,2023-05-15 20:37:45.000000 UTC,
e092b5eb-7417-4903-8c6f-4c7e8afe2d11,weekly.2.49,7,,2023-05-08 15:49:57.000000 UTC,2023-05-23 15:49:54.000000 UTC,3,747,2023-05-25 15:02:40.000000 UTC,
e0beeeb0-e45c-426f-beba-a88985386281,weekly.4.99.3d.trial,3,2023-03-26 13:32:41.000000 UTC,2023-03-26 13:32:41.000000 UTC,2023-04-16 13:27:49.000000 UTC,4,1996,2023-04-21 21:06:06.000000 UTC,
e0f45f6f-1865-417c-a524-d37c051a1554,weekly.2.49,7,,2023-03-06 04:55:30.000000 UTC,2023-03-14 03:54:35.000000 UTC,2,498,2023-03-16 18:21:19.000000 UTC,
e106883e-ac3b-4640-b2d0-e270c8020137,weekly.4.99.3d.trial,3,2023-05-12 13:43:48.000000 UTC,2023-05-12 13:43:48.000000 UTC,2023-06-08 13:44:12.000000 UTC,5,2495,2023-06-13 23:20:55.000000 UTC,
e121475d-3cc1-4384-ac46-ef8581943440,weekly.4.99.3d.trial,3,2023-03-10 07:03:11.000000 UTC,2023-03-10 07:03:11.000000 UTC,2023-04-07 07:02:38.000000 UTC,5,2495,2023-04-09 12:06:48.000000 UTC,
e13dd319-b93b-49d4-802f-f49247d5af40,weekly.2.49,7,,2023-05-02 17:37:49.000000 UTC,2023-10-18 17:38:23.000000 UTC,25,60802,,
e1404ae8-d0b1-42e9-97d4-71b5f015c720,weekly.4.99.3d.trial,3,2023-04-20 14:00:09.000000 UTC,2023-04-20 14:00:09.000000 UTC,2023-08-16 14:00:09.000000 UTC,18,8982,2023-08-17 11:07:57.000000 UTC,
e1520718-85e6-44cd-bd7f-fd00d0ebb549,weekly.4.99.3d.trial,3,2023-05-26 13:23:49.000000 UTC,2023-05-26 13:23:49.000000 UTC,2023-06-01 13:24:12.000000 UTC,2,998,,
e17553f1-64df-4865-9368-f333f3d92b9c,weekly.4.99.3d.trial,3,2023-04-14 07:31:10.000000 UTC,2023-04-14 07:31:10.000000 UTC,2023-04-27 07:34:18.000000 UTC,3,998,2023-04-30 11:18:07.000000 UTC,2023-04-27 07:34:18.000000 UTC
e17b3f2a-7d3b-4dbc-8ef0-d74b4dfb25f1,weekly.4.99.3d.trial,3,2023-04-25 08:47:54.000000 UTC,2023-04-25 08:47:54.000000 UTC,2023-10-17 05:25:33.000000 UTC,26,492605,,
e1acc250-3d97-424b-a7fc-8dd39927bfb6,monthly.7.49,30,,2023-06-10 17:52:40.000000 UTC,2023-06-10 17:52:40.000000 UTC,1,749,2023-06-11 04:19:30.000000 UTC,
e1c1baa7-f2a4-40c9-a519-96512011299e,weekly.4.99.3d.trial,3,2023-06-04 11:33:24.000000 UTC,2023-06-04 11:33:24.000000 UTC,2023-07-17 03:33:19.000000 UTC,7,477745,2023-07-18 10:03:17.000000 UTC,
e20cd5c7-8946-41a1-a68c-76c4bbd2b7e7,weekly.2.49,7,,2023-05-13 21:27:42.000000 UTC,2023-10-12 13:41:14.000000 UTC,19,145969,,
e221c607-6c15-4a00-9eb6-955e8f588b8a,weekly.4.99.3d.trial,3,2023-03-25 06:57:15.000000 UTC,2023-03-25 06:57:15.000000 UTC,2023-05-26 06:58:31.000000 UTC,10,484874,,
e24add4a-c6b2-48ac-ae22-c45f95aaa60e,weekly.4.99.3d.trial,3,2023-03-16 08:37:33.000000 UTC,2023-03-16 08:37:33.000000 UTC,2023-08-31 08:36:59.000000 UTC,25,12475,2023-09-01 13:56:30.000000 UTC,
e24e3707-3923-48f0-aaff-968198b0de37,monthly.9.99.3d.trial,3,2023-03-27 13:58:58.000000 UTC,2023-03-27 13:58:58.000000 UTC,2023-06-13 19:59:46.000000 UTC,9,8991,2023-06-02 19:08:48.000000 UTC,
e253ef55-981b-48c8-b0c2-a16222497d9e,weekly.4.99.3d.trial,3,2023-06-10 00:36:41.000000 UTC,2023-06-10 00:36:41.000000 UTC,2023-07-28 00:37:49.000000 UTC,8,3992,2023-07-31 02:41:28.000000 UTC,
e25eb717-2b3d-4cc5-899c-4804275ea02e,monthly.9.99.3d.trial,3,2023-05-29 08:13:45.000000 UTC,2023-05-29 08:13:45.000000 UTC,2023-11-02 08:13:17.000000 UTC,20,18981,2023-10-11 00:31:38.000000 UTC,2023-09-11 08:13:50.000000 UTC
e28cd5ad-8d85-4a4a-be12-bed4b9137698,weekly.4.99.3d.trial,3,2023-03-11 13:55:47.000000 UTC,2023-03-11 13:55:47.000000 UTC,2023-03-11 13:55:47.000000 UTC,1,499,2023-03-13 12:56:52.000000 UTC,
e2930497-8fbe-4228-8dfe-75a45675df0d,weekly.2.49,7,,2023-04-25 08:10:56.000000 UTC,2023-04-25 08:10:56.000000 UTC,1,249,2023-04-26 19:47:30.000000 UTC,
e2a76f76-ffd4-40c7-a362-bbaeb213dacf,monthly.9.99.3d.trial,3,2023-08-31 16:12:16.000000 UTC,2023-08-31 16:12:16.000000 UTC,2023-11-05 08:12:28.000000 UTC,8,7992,2023-05-05 16:55:13.000000 UTC,
e2c72cd2-061d-4447-85d3-9804652ec925,monthly.9.99.3d.trial,3,2023-05-04 07:39:54.000000 UTC,2023-05-04 07:39:54.000000 UTC,2023-06-02 07:39:54.000000 UTC,2,1998,2023-05-15 14:23:13.000000 UTC,
e2cfcf7e-0990-474f-a9ef-5815b788ebb3,weekly.2.49,7,,2023-04-19 05:56:50.000000 UTC,2023-06-25 15:06:53.000000 UTC,10,2490,2023-06-28 09:24:45.000000 UTC,
e30454ff-026e-4b64-8755-1728b9966929,weekly.4.99.3d.trial,3,2023-05-04 12:43:59.000000 UTC,2023-05-04 12:43:59.000000 UTC,2023-05-12 12:44:49.000000 UTC,4,1996,2023-05-04 06:53:35.000000 UTC,
e32f06f3-a316-44f3-9b1a-cacab438f01b,weekly.4.99.3d.trial,3,2023-03-11 16:41:13.000000 UTC,2023-03-11 16:41:13.000000 UTC,2023-08-04 20:41:50.000000 UTC,21,9481,2023-08-04 16:23:54.000000 UTC,2023-06-16 16:41:00.000000 UTC
e338ad40-b746-4af9-b44c-87dbda4f09ab,monthly.7.49,30,,2023-05-20 13:29:31.000000 UTC,2023-05-20 13:29:31.000000 UTC,1,749,2023-05-24 05:05:22.000000 UTC,
e373ad7b-05f8-4d9b-a3c3-21e86492a947,weekly.4.99.3d.trial,3,2023-04-04 07:51:55.000000 UTC,2023-04-04 07:51:55.000000 UTC,2023-04-04 07:51:55.000000 UTC,1,499,2023-04-03 07:52:56.000000 UTC,
e3917e82-d630-4cff-a2cc-2a5fe5f60e0b,monthly.7.49,30,,2023-04-01 13:44:53.000000 UTC,2023-08-22 13:44:52.000000 UTC,18,256201,2023-07-30 15:33:13.000000 UTC,2023-04-08 13:45:29.000000 UTC
e3a7698f-1cbe-4911-b734-2d0bac0354fd,monthly.9.99.3d.trial,3,2023-04-27 11:07:02.000000 UTC,2023-04-27 11:07:02.000000 UTC,2023-04-27 11:07:02.000000 UTC,1,999,2023-04-26 12:14:44.000000 UTC,
e3d1f29b-2bfc-45f2-b7b4-31b678b49531,weekly.2.49,7,,2023-03-03 16:48:29.000000 UTC,2023-04-28 23:00:19.000000 UTC,12,2988,2023-05-05 21:55:06.000000 UTC,
e4232a41-bdcd-432c-900d-159ccf1cd195,weekly.4.99.3d.trial,3,2023-03-06 08:30:41.000000 UTC,2023-03-06 08:30:41.000000 UTC,2023-03-06 08:30:41.000000 UTC,1,499,2023-03-06 19:02:18.000000 UTC,
e45da7e2-5bc8-4b34-95cc-7e7315dfe118,weekly.2.49,7,,2023-05-03 06:25:13.000000 UTC,2023-05-03 06:25:13.000000 UTC,1,249,2023-05-03 08:49:28.000000 UTC,
e45e0522-5029-4090-b7de-a6787d7c5e8f,weekly.2.49,7,,2023-05-16 08:49:10.000000 UTC,2023-10-15 18:41:08.000000 UTC,17,4233,,
e49cbd1d-6623-4672-9d07-01fcd35a7513,weekly.4.99.3d.trial,3,2023-03-09 12:03:26.000000 UTC,2023-03-09 12:03:26.000000 UTC,2023-03-09 12:03:26.000000 UTC,1,0,2023-03-10 19:10:42.000000 UTC,2023-03-08 12:03:26.000000 UTC
e4a978a2-310d-4eee-8fbd-cf2004c2150a,monthly.7.49,30,,2023-10-03 00:31:32.000000 UTC,2023-10-03 00:31:32.000000 UTC,1,749,2023-10-03 00:39:22.000000 UTC,
e4b16871-bb7b-4fed-8e86-5f08143e1102,weekly.2.49,7,,2023-06-01 10:18:54.000000 UTC,2023-10-12 10:17:57.000000 UTC,20,4980,,
e4d30ccc-1303-4a28-9809-258dd1fe1e62,weekly.2.49,7,,2023-03-08 04:06:44.000000 UTC,2023-03-08 04:06:44.000000 UTC,1,249,2023-03-08 13:04:12.000000 UTC,
e4d3d48c-5389-423f-99e1-ab2ebc43b94f,weekly.4.99.3d.trial,3,2023-08-31 01:57:57.000000 UTC,2023-08-31 01:57:57.000000 UTC,2023-09-07 01:58:00.000000 UTC,2,998,2023-08-31 03:48:04.000000 UTC,
e4deceda-515f-46f6-ad5e-53876d7318b4,weekly.4.99.3d.trial,3,2023-04-26 09:35:18.000000 UTC,2023-04-26 09:35:18.000000 UTC,2023-04-26 09:35:18.000000 UTC,1,128441,2023-05-02 01:45:11.000000 UTC,
e4df0ce1-9379-4a19-a2a0-cb5436fdd95c,monthly.9.99.3d.trial,3,2023-05-16 09:53:33.000000 UTC,2023-05-16 09:53:33.000000 UTC,2023-06-22 22:05:25.000000 UTC,3,2997,,
e4ea1a6a-3eb9-4d44-99d6-c4abc62f8b2a,weekly.2.49,7,,2023-05-16 16:51:35.000000 UTC,2023-05-16 16:51:35.000000 UTC,1,249,2023-05-18 06:09:08.000000 UTC,
e4ef36d2-3a78-4506-8dec-57315b3b365c,weekly.4.99.3d.trial,3,2023-05-28 10:13:00.000000 UTC,2023-05-28 10:13:00.000000 UTC,2023-10-14 10:12:37.000000 UTC,21,141596,,
e58abb3f-68d7-4691-9444-0e35eda3531b,monthly.9.99.3d.trial,3,2023-04-02 06:41:19.000000 UTC,2023-04-02 06:41:19.000000 UTC,2023-05-16 06:40:33.000000 UTC,4,422405,2023-04-23 01:05:33.000000 UTC,
e5ae6d38-5e67-43ef-bb75-52ecf294336b,weekly.4.99.3d.trial,3,2023-03-12 08:17:39.000000 UTC,2023-03-12 08:17:39.000000 UTC,2023-03-12 08:17:39.000000 UTC,1,499,2023-03-13 14:42:06.000000 UTC,
e5d7d269-bb87-44bf-aea5-cf1666314671,weekly.2.49,7,,2023-05-16 15:38:51.000000 UTC,2023-05-16 15:38:51.000000 UTC,1,249,2023-05-17 13:00:47.000000 UTC,
e60babc9-a410-49d4-82f6-2d8c4f924ed8,weekly.4.99.3d.trial,3,2023-06-03 11:02:37.000000 UTC,2023-06-03 11:02:37.000000 UTC,2023-06-17 11:04:24.000000 UTC,3,1497,2023-06-20 09:26:34.000000 UTC,
e631b337-a3f3-4deb-9bda-49d2a22f8751,weekly.2.49,7,,2023-03-09 08:21:02.000000 UTC,2023-03-09 08:21:02.000000 UTC,1,249,2023-03-09 13:21:19.000000 UTC,
e67091a6-0917-4ca8-8aed-667cc42dcfbc,monthly.7.49,30,,2023-05-19 09:53:36.000000 UTC,2023-08-08 09:53:53.000000 UTC,9,6741,2023-07-14 17:38:11.000000 UTC,
e6879df2-9d32-49f2-843a-d69aa6c59582,monthly.9.99.3d.trial,3,2023-06-02 11:56:59.000000 UTC,2023-06-02 11:56:59.000000 UTC,2023-07-31 11:56:54.000000 UTC,6,711902,2023-07-08 10:21:38.000000 UTC,
e68c1e5d-0d92-48e8-bcbe-7c27e8e0cbb2,monthly.9.99.3d.trial,3,2023-03-20 13:31:04.000000 UTC,2023-03-20 13:31:04.000000 UTC,2023-03-20 13:31:04.000000 UTC,1,999,2023-03-23 00:04:34.000000 UTC,
e6b38ccf-9a38-4cff-8ed2-b19741654838,monthly.7.49,30,,2023-04-15 00:10:25.000000 UTC,2023-05-16 06:11:09.000000 UTC,4,2247,2023-04-19 16:11:19.000000 UTC,2023-04-15 00:10:25.000000 UTC
e6cd6f22-027f-4ed3-a77c-1081d3a2454e,weekly.2.49,7,,2023-06-07 09:56:41.000000 UTC,2023-06-07 09:56:41.000000 UTC,1,249,,
e72a5060-710c-4bc8-971b-480ce452e1d2,monthly.7.49,30,,2023-08-03 07:18:38.000000 UTC,2023-10-01 07:18:08.000000 UTC,6,4494,2023-09-10 09:12:44.000000 UTC,
e72a915d-96ad-443a-b534-686f89f440cb,weekly.4.99.3d.trial,3,2023-04-05 07:04:35.000000 UTC,2023-04-05 07:04:35.000000 UTC,2023-04-05 07:04:35.000000 UTC,1,464514,2023-04-05 16:26:35.000000 UTC,
e735f787-8e5a-4e09-b796-2cb7bf4274d8,weekly.2.49,7,,2023-05-10 12:14:00.000000 UTC,2023-07-12 12:18:40.000000 UTC,10,2490,2023-07-14 18:47:30.000000 UTC,
e7451fe8-df60-4c10-8564-9395844078ae,monthly.9.99.3d.trial,3,2023-05-06 09:33:51.000000 UTC,2023-05-06 09:33:51.000000 UTC,2023-06-12 09:33:45.000000 UTC,3,7203,2023-05-24 09:53:55.000000 UTC,
e74f1180-736c-4585-941c-d1defe3b48c8,weekly.4.99.3d.trial,3,2023-05-03 22:50:33.000000 UTC,2023-05-03 22:50:33.000000 UTC,2023-10-10 22:50:47.000000 UTC,24,655096,2023-10-11 17:51:42.000000 UTC,
e75a765f-e445-4db6-839f-f51a34922256,weekly.2.49,7,,2023-04-21 08:35:56.000000 UTC,2023-05-05 10:06:40.000000 UTC,3,747,2023-05-07 18:31:39.000000 UTC,
e766ae40-29f7-4baf-a773-5cfc33b73aa3,monthly.9.99.3d.trial,3,2023-09-19 20:36:56.000000 UTC,2023-09-19 20:36:56.000000 UTC,2023-09-19 20:36:56.000000 UTC,1,999,2023-09-19 20:39:47.000000 UTC,
e76e2e52-bc74-47ed-a1e3-2b5b253489b0,weekly.2.49,7,,2023-03-18 08:05:41.000000 UTC,2023-10-13 13:04:05.000000 UTC,26,6474,,
e775068f-b1af-41e0-a99f-62b487a9c585,weekly.4.99.3d.trial,3,2023-05-03 06:28:29.000000 UTC,2023-05-03 06:28:29.000000 UTC,2023-06-25 07:55:33.000000 UTC,2,998,2023-06-25 07:55:35.000000 UTC,
e776919c-4386-4f76-9027-9b95709f9fcf,monthly.9.99.3d.trial,3,2023-03-13 20:15:51.000000 UTC,2023-03-13 20:15:51.000000 UTC,2023-04-16 00:00:56.000000 UTC,3,2997,2023-04-02 00:15:22.000000 UTC,
e77f99d9-4fc5-44a3-b678-a96ed83df9d6,weekly.4.99.3d.trial,3,2023-03-12 06:03:33.000000 UTC,2023-03-12 06:03:33.000000 UTC,2023-07-18 16:17:06.000000 UTC,19,8982,,2023-04-01 06:03:22.000000 UTC
e79029c3-665c-4163-84b0-07161fe2f9fd,weekly.2.49,7,,2023-04-18 04:24:10.000000 UTC,2023-06-07 04:23:46.000000 UTC,8,1992,2023-06-12 14:50:39.000000 UTC,
e79fa300-4a7a-47dd-a5a7-e9f7cb539b04,weekly.4.99.3d.trial,3,2023-05-12 10:14:53.000000 UTC,2023-05-12 10:14:53.000000 UTC,2023-06-22 10:16:32.000000 UTC,7,3493,2023-06-28 14:01:40.000000 UTC,
e7e464e7-5907-4b9e-a948-66a44b92e0ff,weekly.2.49,7,,2023-05-10 03:24:32.000000 UTC,2023-05-10 03:24:32.000000 UTC,1,249,2023-05-10 13:28:27.000000 UTC,
e7eba355-1ec1-41ca-9399-1818c1a2e6e6,weekly.2.49,7,,2023-03-20 14:21:55.000000 UTC,2023-03-20 14:21:55.000000 UTC,1,0,2023-03-20 14:36:35.000000 UTC,2023-03-20 14:21:55.000000 UTC
e80e4a3a-679f-4d3a-bacc-c23bfe2c78a8,weekly.4.99.3d.trial,3,2023-06-19 16:03:40.000000 UTC,2023-06-19 16:03:40.000000 UTC,2023-06-27 08:05:40.000000 UTC,3,1497,2023-06-30 14:47:51.000000 UTC,
e82f0d40-fca0-40e1-97aa-4eda25af97d0,weekly.2.49,7,,2023-04-09 16:43:01.000000 UTC,2023-07-13 02:11:01.000000 UTC,14,3486,,
e83c5872-397a-4f2c-871a-d32f3d453e2e,weekly.4.99.3d.trial,3,2023-03-28 04:58:58.000000 UTC,2023-03-28 04:58:58.000000 UTC,2023-05-09 04:59:07.000000 UTC,7,2994,2023-05-13 16:42:26.000000 UTC,2023-05-08 04:59:07.000000 UTC
e87229f4-3856-46df-8655-dab471496f2e,weekly.2.49,7,,2023-03-30 09:24:32.000000 UTC,2023-08-18 09:25:24.000000 UTC,20,4980,,
e8e4c2b6-44c7-4e3e-aafb-3f175c246852,weekly.2.49,7,,2023-03-14 12:39:09.000000 UTC,2023-03-14 12:39:09.000000 UTC,1,249,2023-03-14 20:15:55.000000 UTC,
e8f0ff6c-9d0e-4669-9c56-8f23c13c9282,weekly.4.99.3d.trial,3,2023-03-13 13:31:54.000000 UTC,2023-03-13 13:31:54.000000 UTC,2023-03-13 13:31:54.000000 UTC,1,499,2023-03-13 21:39:22.000000 UTC,
e94ab84a-ff88-4c7e-b15d-cf20c5754e82,weekly.4.99.3d.trial,3,2023-03-09 11:40:54.000000 UTC,2023-03-09 11:40:54.000000 UTC,2023-10-11 11:44:57.000000 UTC,32,15968,,
e981bbca-5d32-4da9-84cb-57dc0eef5394,weekly.4.99.3d.trial,3,2023-04-17 08:44:19.000000 UTC,2023-04-17 08:44:19.000000 UTC,2023-05-01 08:43:56.000000 UTC,3,1497,2023-05-01 21:27:29.000000 UTC,
e9a7cde6-3aad-4149-9c18-49dba89cd8ae,monthly.7.49,30,,2023-05-19 06:48:26.000000 UTC,2023-05-19 06:48:26.000000 UTC,1,749,2023-05-22 11:14:43.000000 UTC,
e9a86c2d-ab14-45da-acf2-21311cea5c89,monthly.9.99.3d.trial,3,2023-03-23 04:51:00.000000 UTC,2023-03-23 04:51:00.000000 UTC,2023-04-21 04:51:08.000000 UTC,2,540945,2023-04-03 15:45:49.000000 UTC,
e9d1d3e9-2aac-44d8-9d7c-e9fcd71c3db6,monthly.7.49,30,,2023-05-10 10:24:40.000000 UTC,2023-05-10 10:24:40.000000 UTC,1,749,2023-05-12 12:59:44.000000 UTC,
e9d51e32-6b82-47f9-b906-9479ba86cd77,monthly.9.99.3d.trial,3,2023-08-22 16:04:48.000000 UTC,2023-08-22 16:04:48.000000 UTC,2023-09-22 16:04:26.000000 UTC,2,1998,2023-08-30 01:36:50.000000 UTC,
ea2e0998-6a09-41cb-89b7-0e6a8c6f4458,monthly.7.49,30,,2023-04-28 14:36:48.000000 UTC,2023-04-28 14:36:48.000000 UTC,1,749,2023-05-02 18:40:50.000000 UTC,
ea5b8d76-762f-401b-8250-76b3a749c8b8,weekly.4.99.3d.trial,3,2023-06-01 10:40:46.000000 UTC,2023-06-01 10:40:46.000000 UTC,2023-06-15 10:41:22.000000 UTC,3,1497,,
ea5d20af-ccf9-4279-9237-dc15df372b16,weekly.2.49,7,,2023-04-17 11:29:30.000000 UTC,2023-04-17 11:29:30.000000 UTC,1,249,2023-04-17 22:30:59.000000 UTC,
ea6309ea-2a6e-48a3-97d5-639ebbc8d69e,weekly.2.49,7,,2023-05-16 15:55:07.000000 UTC,2023-05-16 15:55:07.000000 UTC,1,249,2023-05-16 22:25:02.000000 UTC,
eab45a0b-d7b7-4f50-8d54-fd16f30a86fb,weekly.4.99.3d.trial,3,2023-05-04 06:28:07.000000 UTC,2023-05-04 06:28:07.000000 UTC,2023-09-13 06:28:45.000000 UTC,20,9980,2023-09-16 10:34:05.000000 UTC,
eac5f376-523c-4e91-ad08-8377c6275e38,weekly.2.49,7,,2023-05-08 11:17:32.000000 UTC,2023-06-07 08:14:28.000000 UTC,9,2241,2023-06-08 09:55:36.000000 UTC,
eaf51ebb-f71e-49c3-964a-9b88b345b24c,monthly.9.99.3d.trial,3,2023-05-27 09:46:16.000000 UTC,2023-05-27 09:46:16.000000 UTC,2023-05-27 09:46:16.000000 UTC,1,999,2023-07-28 17:53:12.000000 UTC,
eafcb032-7aa6-4231-91e9-57a1caef4f29,weekly.2.49,7,,2023-03-07 04:58:39.000000 UTC,2023-04-18 16:12:01.000000 UTC,9,137193,2023-04-15 00:52:03.000000 UTC,
eb06e0b0-b5ec-4071-988d-65f21afbcfa5,weekly.2.49,7,,2023-03-09 15:03:33.000000 UTC,2023-08-17 15:04:49.000000 UTC,24,13014,,
eb40f849-8c01-4990-83c4-24b84c3e969d,monthly.9.99.3d.trial,3,2023-04-20 18:13:15.000000 UTC,2023-04-20 18:13:15.000000 UTC,2023-06-03 18:12:42.000000 UTC,4,3996,,
eb52c245-3047-485b-9eca-ea8d35a71cfe,weekly.4.99.3d.trial,3,2023-03-07 13:16:30.000000 UTC,2023-03-07 13:16:30.000000 UTC,2023-03-14 12:14:50.000000 UTC,2,376975,2023-03-15 19:54:00.000000 UTC,
eb635c2c-488c-4c99-956c-7f50dc318bfa,weekly.2.49,7,,2023-03-22 14:03:28.000000 UTC,2023-09-14 14:02:47.000000 UTC,26,367109,2023-09-17 20:48:48.000000 UTC,
eb769efc-5aaf-4f54-8189-98d4a8e4d689,weekly.2.49,7,,2023-04-09 02:50:35.000000 UTC,2023-05-20 20:50:59.000000 UTC,7,1494,2023-05-23 21:31:03.000000 UTC,2023-04-29 20:50:47.000000 UTC
eb88ff2e-eb95-470e-87b1-7eef882bdabf,weekly.2.49,7,,2023-05-01 12:48:42.000000 UTC,2023-05-01 12:48:42.000000 UTC,1,249,2023-05-01 20:45:24.000000 UTC,
ebb5c596-5bdc-4931-9503-dfd367dde3dd,weekly.2.49,7,,2023-06-07 15:31:47.000000 UTC,2023-06-29 15:32:09.000000 UTC,4,996,2023-07-05 00:57:04.000000 UTC,
ebcd1316-395e-48c9-84d0-cac8e0019584,weekly.2.49,7,,2023-04-12 17:28:12.000000 UTC,2023-05-04 17:28:26.000000 UTC,4,996,2023-05-10 01:25:01.000000 UTC,
ebcdacb6-67a2-4aed-a76a-5d2a6ade9f8b,weekly.2.49,7,,2023-06-03 11:02:15.000000 UTC,2023-06-03 11:02:15.000000 UTC,1,249,2023-06-04 22:47:48.000000 UTC,
ebcee3dc-4327-40df-b1c7-a4b96984ba6b,weekly.2.49,7,,2023-04-22 07:16:27.000000 UTC,2023-04-22 07:16:27.000000 UTC,1,249,2023-04-23 02:31:20.000000 UTC,
ebdc9842-f4f0-43b3-a3d5-366c1e2d6621,weekly.2.49,7,,2023-04-20 12:24:25.000000 UTC,2023-10-13 12:23:24.000000 UTC,26,6474,,
ebfcb1b3-0184-45ec-936c-ebd5ae5e67bb,weekly.2.49,7,,2023-03-09 07:04:52.000000 UTC,2023-03-18 12:08:18.000000 UTC,2,498,2023-03-18 18:42:04.000000 UTC,
ec1dc003-6cd5-401c-852f-560a42bc2cb6,monthly.9.99.3d.trial,3,2023-03-10 23:59:03.000000 UTC,2023-03-10 23:59:03.000000 UTC,2023-04-12 06:01:39.000000 UTC,6,5994,2023-03-12 14:53:53.000000 UTC,
ec285c31-0489-46eb-946d-89d7fab74feb,weekly.2.49,7,,2023-03-22 14:29:38.000000 UTC,2023-04-12 14:29:35.000000 UTC,4,65709,2023-04-12 23:39:18.000000 UTC,
ec40daec-0b7e-4d9a-9a8a-08a9ddce860d,monthly.9.99.3d.trial,3,2023-05-05 11:28:21.000000 UTC,2023-05-05 11:28:21.000000 UTC,2023-05-05 11:28:21.000000 UTC,1,999,2023-05-07 04:32:02.000000 UTC,
ec5bb362-df0c-4910-808f-f5a17b07565e,monthly.9.99.3d.trial,3,2023-05-16 13:56:17.000000 UTC,2023-05-16 13:56:17.000000 UTC,2023-06-30 13:54:28.000000 UTC,4,3996,2023-06-09 22:02:54.000000 UTC,
ec635c1f-f043-41d3-ac91-4f16d5a21410,monthly.9.99.3d.trial,3,2023-03-18 11:52:59.000000 UTC,2023-03-18 11:52:59.000000 UTC,2023-05-28 19:17:59.000000 UTC,7,6993,2023-05-08 21:03:55.000000 UTC,
ecddfd9c-1dcf-4a8e-9552-82753ef67a85,monthly.9.99.3d.trial,3,2023-06-05 01:11:26.000000 UTC,2023-06-05 01:11:26.000000 UTC,2023-08-23 01:12:02.000000 UTC,9,8991,2023-08-03 15:42:30.000000 UTC,
ece3f568-e965-4466-8262-b46c38aa0669,monthly.9.99.3d.trial,3,2023-03-11 08:24:14.000000 UTC,2023-03-11 08:24:14.000000 UTC,2023-03-11 08:24:14.000000 UTC,1,999,2023-03-15 00:05:10.000000 UTC,
ed19ad39-a6a2-487d-9c3b-2a8e9e886508,monthly.9.99.3d.trial,3,2023-03-28 19:13:00.000000 UTC,2023-03-28 19:13:00.000000 UTC,2023-03-28 19:13:00.000000 UTC,1,999,2023-03-29 11:08:35.000000 UTC,
ed216170-3d6d-4311-b1b0-ac2345e78f97,weekly.4.99.3d.trial,3,2023-05-04 13:01:31.000000 UTC,2023-05-04 13:01:31.000000 UTC,2023-05-04 13:01:31.000000 UTC,1,499,2023-05-06 14:42:46.000000 UTC,
ed225550-467a-4d14-aeb7-c66cc0d083ea,weekly.2.49,7,,2023-04-03 14:14:54.000000 UTC,2023-06-20 14:14:41.000000 UTC,12,2988,2023-06-25 05:21:05.000000 UTC,
ed3f778c-8bd7-4b40-aea2-088364193770,weekly.4.99.3d.trial,3,2023-04-08 17:47:49.000000 UTC,2023-04-08 17:47:49.000000 UTC,2023-04-16 23:48:51.000000 UTC,4,1996,2023-04-12 04:27:04.000000 UTC,
ed41a479-2d2c-4806-ac0f-22dc965a5d3d,monthly.7.49,30,,2023-06-04 09:23:51.000000 UTC,2023-06-04 09:23:51.000000 UTC,1,749,,
ed7128d8-c3a4-473b-9e9a-0e6dc5e4baf8,weekly.4.99.3d.trial,3,2023-04-07 06:10:47.000000 UTC,2023-04-07 06:10:47.000000 UTC,2023-04-14 06:08:39.000000 UTC,2,998,2023-04-16 12:16:24.000000 UTC,
ed718048-ee8e-44d6-9fad-0bfa86cbc1b1,monthly.9.99.3d.trial,3,2023-07-13 12:24:39.000000 UTC,2023-07-13 12:24:39.000000 UTC,2023-07-13 12:24:39.000000 UTC,1,999,2023-07-13 12:25:15.000000 UTC,
ed77b652-7f9b-4a6e-b944-5889bab8acb5,weekly.2.49,7,,2023-03-22 07:02:59.000000 UTC,2023-07-22 19:44:05.000000 UTC,13,237346,2023-06-25 12:52:55.000000 UTC,
ed9ae4a5-f5a6-476a-a5cb-80392f90075e,monthly.9.99.3d.trial,3,2023-06-11 11:58:32.000000 UTC,2023-06-11 11:58:32.000000 UTC,2023-09-26 11:58:00.000000 UTC,13,412501,2023-09-02 20:44:19.000000 UTC,
edc312e3-49ab-4f6a-876f-fbfceb40fda1,weekly.4.99.3d.trial,3,2023-05-15 14:41:14.000000 UTC,2023-05-15 14:41:14.000000 UTC,2023-05-28 14:41:38.000000 UTC,3,1497,,
eddf82b3-9038-4e85-82bf-3d6c71af278a,monthly.9.99.3d.trial,3,2023-03-12 13:24:44.000000 UTC,2023-03-12 13:24:44.000000 UTC,2023-03-12 13:24:44.000000 UTC,1,999,2023-03-13 01:09:43.000000 UTC,
ede3ca51-e4a1-4708-af85-830541c84c4a,weekly.2.49,7,,2023-04-24 15:26:36.000000 UTC,2023-06-02 15:26:20.000000 UTC,6,1494,2023-05-29 17:39:56.000000 UTC,
edfc953f-bf6e-44fd-be4e-5e774c8558c4,monthly.9.99.3d.trial,3,2023-03-11 08:56:34.000000 UTC,2023-03-11 08:56:34.000000 UTC,2023-08-21 08:56:23.000000 UTC,21,194787,,
ee1823df-72c2-4de7-bc0c-79bbb3ffb776,monthly.9.99.3d.trial,3,2023-03-18 15:13:39.000000 UTC,2023-03-18 15:13:39.000000 UTC,2023-03-18 15:13:39.000000 UTC,1,999,2023-03-17 19:56:35.000000 UTC,
ee1cbd72-635c-4f30-b857-a1256693c927,monthly.7.49,30,,2023-03-11 14:31:12.000000 UTC,2023-03-11 14:31:12.000000 UTC,1,749,2023-03-15 15:40:20.000000 UTC,
ee548d8b-6e7a-4894-b207-f37bd63c67b7,weekly.4.99.3d.trial,3,2023-03-20 18:46:21.000000 UTC,2023-03-20 18:46:21.000000 UTC,2023-10-16 18:43:45.000000 UTC,31,479703,,2023-04-30 18:44:04.000000 UTC
ee5a38c0-a19e-4750-b5e4-8ae40737061f,weekly.4.99.3d.trial,3,2023-05-25 05:32:00.000000 UTC,2023-05-25 05:32:00.000000 UTC,2023-05-25 05:32:00.000000 UTC,1,499,2023-05-24 14:35:56.000000 UTC,
ee6a87d8-1b14-4e62-900b-746faa674ae8,weekly.4.99.3d.trial,3,2023-05-15 10:26:53.000000 UTC,2023-05-15 10:26:53.000000 UTC,2023-05-31 02:37:00.000000 UTC,3,1497,2023-05-30 07:35:08.000000 UTC,
ee89eb90-8933-4c5c-b670-d85e3011db7a,weekly.4.99.3d.trial,3,2023-04-14 19:45:26.000000 UTC,2023-04-14 19:45:26.000000 UTC,2023-05-03 21:57:26.000000 UTC,3,1497,2023-04-27 17:26:06.000000 UTC,
ee931f33-c517-49cf-81ac-38578ddf30c1,weekly.2.49,7,,2023-03-25 11:32:04.000000 UTC,2023-03-25 11:32:04.000000 UTC,1,249,2023-03-31 03:20:06.000000 UTC,
eec6c436-1c8d-4043-bd10-1dff79c6c9f1,monthly.9.99.3d.trial,3,2023-07-02 07:28:15.000000 UTC,2023-07-02 07:28:15.000000 UTC,2023-11-07 07:28:03.000000 UTC,16,14985,,2023-08-26 07:30:31.000000 UTC
eecb06ba-425b-4399-9e76-a711f7a3696b,weekly.4.99.3d.trial,3,2023-05-27 13:35:19.000000 UTC,2023-05-27 13:35:19.000000 UTC,2023-05-27 13:35:19.000000 UTC,1,499,2023-05-26 18:25:24.000000 UTC,
eed70d72-7f1b-4cc6-9df6-bce9915185af,monthly.7.49,30,,2023-07-02 17:29:28.000000 UTC,2023-07-02 17:29:28.000000 UTC,1,749,2023-05-15 17:51:33.000000 UTC,
ef14ad4c-230d-460b-80ef-7310c87a712e,monthly.7.49,30,,2023-09-23 03:23:00.000000 UTC,2023-11-06 19:23:07.000000 UTC,4,102905,,
ef65a761-00aa-4ffb-8ac4-32b68601d4f1,monthly.9.99.3d.trial,3,2023-03-18 00:30:50.000000 UTC,2023-03-18 00:30:50.000000 UTC,2023-03-18 00:30:50.000000 UTC,1,999,2023-03-18 02:28:54.000000 UTC,
efa1a810-a869-4278-bc72-2c17d8d4753f,weekly.2.49,7,,2023-04-23 01:49:59.000000 UTC,2023-05-08 01:49:43.000000 UTC,3,747,2023-05-13 04:23:26.000000 UTC,
efce7bab-7c52-4c36-bb3b-ff36bfa6c757,weekly.2.49,7,,2023-03-12 17:50:41.000000 UTC,2023-03-12 17:50:41.000000 UTC,1,249,2023-03-15 19:37:59.000000 UTC,
f02306f5-1072-43e8-8571-83695e8267cb,weekly.2.49,7,,2023-04-26 15:23:53.000000 UTC,2023-04-26 15:23:53.000000 UTC,1,249,2023-04-26 15:33:39.000000 UTC,
f04ad7e4-6f18-47e0-8a80-b4fa36da7325,monthly.9.99.3d.trial,3,2023-05-22 13:32:26.000000 UTC,2023-05-22 13:32:26.000000 UTC,2023-05-22 13:32:26.000000 UTC,1,999,2023-05-18 14:51:21.000000 UTC,
f081b62b-69bd-41a0-a9ba-c060948eccbd,weekly.2.49,7,,2023-03-09 14:44:10.000000 UTC,2023-06-30 14:44:12.000000 UTC,17,232942,2023-06-30 20:43:52.000000 UTC,2023-03-09 14:44:10.000000 UTC
f084048a-a382-4628-bb73-f570ca70707b,monthly.9.99.3d.trial,3,2023-04-21 04:45:09.000000 UTC,2023-04-21 04:45:09.000000 UTC,2023-04-21 04:45:09.000000 UTC,1,999,2023-04-22 13:48:48.000000 UTC,
f0a5ffa6-77d8-4f49-9880-bb02029e7af0,monthly.9.99.3d.trial,3,2023-04-04 19:15:24.000000 UTC,2023-04-04 19:15:24.000000 UTC,2023-05-18 19:15:20.000000 UTC,4,3996,2023-05-01 03:55:02.000000 UTC,
f0aa0ca5-4290-4a71-b156-4a06fa9bb964,monthly.9.99.3d.trial,3,2023-04-29 14:58:59.000000 UTC,2023-04-29 14:58:59.000000 UTC,2023-09-01 21:07:10.000000 UTC,3,2997,2023-08-02 21:11:59.000000 UTC,
f0b9db65-34ea-4e3f-b393-76d4ede0a82c,weekly.4.99.3d.trial,3,2023-05-28 03:13:50.000000 UTC,2023-05-28 03:13:50.000000 UTC,2023-07-08 03:13:52.000000 UTC,7,3493,2023-07-11 09:55:14.000000 UTC,
f0d0941c-e71d-46fe-9bc2-c15a098337fb,weekly.2.49,7,,2023-04-24 12:54:45.000000 UTC,2023-04-24 12:54:45.000000 UTC,1,249,2023-04-30 17:53:23.000000 UTC,
f0f954c3-2624-40b6-88eb-e6fa8590b1a1,weekly.2.49,7,,2023-04-08 09:33:11.000000 UTC,2023-04-08 09:33:11.000000 UTC,1,249,2023-04-09 13:45:39.000000 UTC,
f10734bd-9ea7-4932-adc6-d81cc8245216,weekly.2.49,7,,2023-03-10 06:20:52.000000 UTC,2023-03-10 06:20:52.000000 UTC,1,17989,2023-03-10 20:35:45.000000 UTC,
f1098763-6704-4788-82e9-98b09efa8d2b,weekly.2.49,7,,2023-04-26 16:48:12.000000 UTC,2023-05-27 08:35:56.000000 UTC,6,1245,2023-05-31 01:35:52.000000 UTC,2023-05-27 08:35:56.000000 UTC
f10fdd3c-ff0f-46a4-8697-456d46219b2d,weekly.4.99.3d.trial,3,2023-03-23 17:50:38.000000 UTC,2023-03-23 17:50:38.000000 UTC,2023-05-24 17:48:03.000000 UTC,10,4990,2023-05-26 23:31:43.000000 UTC,
f1208946-c8c4-4127-8adf-12da6d4b48b9,weekly.4.99.3d.trial,3,2023-06-01 11:32:52.000000 UTC,2023-06-01 11:32:52.000000 UTC,2023-10-12 11:33:36.000000 UTC,20,9980,,
f187aad5-c0b3-48f0-9f79-7e2164cd0993,weekly.2.49,7,,2023-06-07 06:57:36.000000 UTC,2023-10-11 06:57:42.000000 UTC,19,35810,,2023-10-11 06:57:42.000000 UTC
f194e7ae-4850-4dc4-b080-3ff843d10d10,monthly.7.49,30,,2023-03-26 08:11:43.000000 UTC,2023-04-26 08:06:16.000000 UTC,2,1498,,
f19defbb-bf3c-4963-a313-e8ebab6d7119,weekly.2.49,7,,2023-04-04 23:27:01.000000 UTC,2023-05-09 15:27:53.000000 UTC,8,1992,,
f1b0beaa-8994-4841-b322-0baad901da4b,weekly.4.99.3d.trial,3,2023-06-05 11:05:51.000000 UTC,2023-06-05 11:05:51.000000 UTC,2023-06-13 11:05:39.000000 UTC,2,998,2023-06-15 14:59:08.000000 UTC,
f1daed35-1028-4608-91da-27d313999bb1,weekly.2.49,7,,2023-06-29 16:17:58.000000 UTC,2023-10-12 16:19:04.000000 UTC,16,157754,,
f2315c84-b72c-4459-8511-e01817a8dd60,weekly.2.49,7,,2023-05-05 22:14:23.000000 UTC,2023-05-05 22:14:23.000000 UTC,1,249,2023-05-06 00:06:49.000000 UTC,
f27e0aa6-7ab3-42ec-b3ac-bb5b84d9ff2e,weekly.4.99.3d.trial,3,2023-03-10 11:12:44.000000 UTC,2023-03-10 11:12:44.000000 UTC,2023-05-25 11:14:44.000000 UTC,11,5489,2023-05-27 13:14:49.000000 UTC,
f2819e67-b2a3-429a-9a6a-bd5d5389c916,weekly.2.49,7,,2023-03-09 10:13:08.000000 UTC,2023-08-10 10:14:10.000000 UTC,22,5478,,
f2e0e6c1-6c7e-4c1f-9f19-1a23ad9e11d7,weekly.4.99.3d.trial,3,2023-06-10 05:09:37.000000 UTC,2023-06-10 05:09:37.000000 UTC,2023-08-04 05:13:15.000000 UTC,9,4491,2023-08-04 13:10:42.000000 UTC,
f309c509-6349-4294-aef0-2c892ce9291c,weekly.2.49,7,,2023-04-24 14:46:04.000000 UTC,2023-07-02 11:16:52.000000 UTC,3,747,,
f30bae15-1420-48ce-88b0-f507ff5f1d55,weekly.4.99.3d.trial,3,2023-03-27 21:11:01.000000 UTC,2023-03-27 21:11:01.000000 UTC,2023-04-16 21:12:49.000000 UTC,4,1497,2023-04-19 13:44:23.000000 UTC,2023-03-26 21:11:01.000000 UTC
f3498c60-d33e-472d-9d81-41a0d54f9d2a,monthly.9.99.3d.trial,3,2023-03-07 01:48:12.000000 UTC,2023-03-07 01:48:12.000000 UTC,2023-03-07 01:48:12.000000 UTC,1,999,2023-03-06 03:37:51.000000 UTC,
f36d86d4-beb8-45bd-aab9-90cbfd06182d,weekly.4.99.3d.trial,3,2023-05-08 15:39:40.000000 UTC,2023-05-08 15:39:40.000000 UTC,2023-05-14 15:39:50.000000 UTC,2,998,2023-05-16 18:13:51.000000 UTC,
f38bf861-3873-4c78-af0b-6c11a358ac6e,weekly.2.49,7,,2023-03-24 13:42:17.000000 UTC,2023-10-14 13:41:19.000000 UTC,30,49842,,
f3b2c5a0-217a-4d01-a191-4ea0d83a1065,weekly.2.49,7,,2023-06-07 14:49:11.000000 UTC,2023-06-07 14:49:11.000000 UTC,1,249,2023-06-08 14:47:32.000000 UTC,
f3b54877-dfd1-4534-a456-b8b9d42b4392,weekly.4.99.3d.trial,3,2023-03-31 14:46:48.000000 UTC,2023-03-31 14:46:48.000000 UTC,2023-04-07 14:46:42.000000 UTC,2,998,2023-04-11 12:03:24.000000 UTC,
f3da1ed3-68b7-4e71-b588-41cad85ef17c,weekly.2.49,7,,2023-06-04 09:43:50.000000 UTC,2023-09-18 09:44:31.000000 UTC,16,46682,2023-09-20 11:08:31.000000 UTC,2023-07-02 09:43:58.000000 UTC
f3dbbaf9-d7ef-4082-847e-b62b2338b7f8,weekly.2.49,7,,2023-05-15 02:41:14.000000 UTC,2023-05-15 02:41:14.000000 UTC,1,249,2023-05-18 16:38:04.000000 UTC,
f3e81fc9-2cb5-44ca-a4de-0b34bc220b8a,monthly.9.99.3d.trial,3,2023-04-15 20:39:03.000000 UTC,2023-04-15 20:39:03.000000 UTC,2023-05-19 12:38:36.000000 UTC,5,4995,,
f3f3e1c9-0780-4c7a-a3dd-b5327a389629,monthly.7.49,30,,2023-03-14 05:33:49.000000 UTC,2023-03-14 05:33:49.000000 UTC,1,749,2023-03-18 13:36:45.000000 UTC,
f426ed4e-e7e7-4b76-b227-ebafb587b563,weekly.2.49,7,,2023-03-26 13:31:20.000000 UTC,2023-03-26 13:31:20.000000 UTC,1,249,,
f43e4865-d65f-4cc3-b0cc-a9558562e121,weekly.4.99.3d.trial,3,2023-04-06 03:48:12.000000 UTC,2023-04-06 03:48:12.000000 UTC,2023-09-03 01:44:17.000000 UTC,11,4990,,2023-07-22 13:32:16.000000 UTC
f480c465-5f79-41ba-8d27-5e056627a8e2,weekly.4.99.3d.trial,3,2023-05-14 14:06:37.000000 UTC,2023-05-14 14:06:37.000000 UTC,2023-05-20 14:06:40.000000 UTC,2,499,2023-06-17 11:09:05.000000 UTC,2023-05-20 14:06:40.000000 UTC
f490c25f-ac7c-4b65-9c1e-2fc09162e9df,monthly.7.49,30,,2023-05-06 15:22:44.000000 UTC,2023-06-19 15:23:00.000000 UTC,4,2996,2023-06-01 16:30:14.000000 UTC,
f496a62d-ef7e-4c5d-acb9-737d7c219d63,weekly.4.99.3d.trial,3,2023-05-05 23:40:00.000000 UTC,2023-05-05 23:40:00.000000 UTC,2023-05-12 23:39:31.000000 UTC,2,998,2023-05-16 15:09:39.000000 UTC,
f4a7e9c6-ac2d-47eb-a01d-a22e7498c80d,weekly.2.49,7,,2023-05-22 12:13:49.000000 UTC,2023-05-22 12:13:49.000000 UTC,1,249,2023-05-25 02:58:47.000000 UTC,
f4d91012-fac7-4ca7-91b0-aea8140fef77,monthly.9.99.3d.trial,3,2023-03-26 15:24:58.000000 UTC,2023-03-26 15:24:58.000000 UTC,2023-07-17 15:27:17.000000 UTC,14,13986,2023-06-28 18:17:52.000000 UTC,
f50c1ce4-f8e9-4226-9c73-02a8717e3f3c,weekly.4.99.3d.trial,3,2023-04-09 13:56:04.000000 UTC,2023-04-09 13:56:04.000000 UTC,2023-04-30 13:55:10.000000 UTC,4,1996,2023-04-30 10:26:03.000000 UTC,
f52c9cb4-8064-4e75-bb28-951621596d5c,weekly.4.99.3d.trial,3,2023-05-05 18:26:42.000000 UTC,2023-05-05 18:26:42.000000 UTC,2023-05-25 18:28:07.000000 UTC,4,1996,2023-05-28 18:41:18.000000 UTC,
f570463b-7b1e-4103-9e6a-ab163ccfadea,monthly.9.99.3d.trial,3,2023-04-29 11:03:52.000000 UTC,2023-04-29 11:03:52.000000 UTC,2023-06-05 11:01:14.000000 UTC,3,2997,2023-05-12 16:38:29.000000 UTC,
f576b339-9f38-4c20-bf78-4d2687981537,weekly.4.99.3d.trial,3,2023-04-01 11:42:46.000000 UTC,2023-04-01 11:42:46.000000 UTC,2023-04-29 11:42:47.000000 UTC,5,232603,2023-05-03 17:22:42.000000 UTC,
f5b88827-9b82-4fbc-bf82-74ea9e35d3a9,weekly.4.99.3d.trial,3,2023-03-20 21:48:44.000000 UTC,2023-03-20 21:48:44.000000 UTC,2023-03-28 13:48:51.000000 UTC,3,1497,2023-03-29 15:13:10.000000 UTC,
f5ba6db0-0458-4457-a4a8-7cfed4b93ae2,monthly.9.99.3d.trial,3,2023-05-06 10:40:31.000000 UTC,2023-05-06 10:40:31.000000 UTC,2023-11-06 03:13:18.000000 UTC,19,18981,2023-08-01 05:31:16.000000 UTC,
f6149807-63c0-4a36-979e-a8d8e6da52b5,weekly.2.49,7,,2023-03-06 16:01:16.000000 UTC,2023-03-20 15:02:32.000000 UTC,3,747,2023-03-21 17:13:08.000000 UTC,
f6195859-4e9d-4860-b89b-f390d55f976a,monthly.9.99.3d.trial,3,2023-03-06 06:39:20.000000 UTC,2023-03-06 06:39:20.000000 UTC,2023-08-09 05:39:10.000000 UTC,22,20979,2023-07-23 05:46:30.000000 UTC,2023-05-10 13:40:46.000000 UTC
f626424b-5f4d-4cc0-8e8c-2d55f2d49e51,weekly.2.49,7,,2023-04-10 12:54:31.000000 UTC,2023-10-18 08:10:41.000000 UTC,24,5727,,2023-09-24 08:11:05.000000 UTC
f6621f6a-886c-4126-8886-6676807fabde,weekly.2.49,7,,2023-05-31 12:38:49.000000 UTC,2023-05-31 12:38:49.000000 UTC,1,249,2023-05-31 22:37:23.000000 UTC,
f6687a80-2e5c-4c95-b685-1ee56f3a2902,weekly.4.99.3d.trial,3,2023-04-30 13:08:41.000000 UTC,2023-04-30 13:08:41.000000 UTC,2023-05-18 13:58:45.000000 UTC,2,998,2023-05-25 00:14:51.000000 UTC,
f66b9cb3-6454-4cda-91fd-40ac614e240c,weekly.4.99.3d.trial,3,2023-03-17 21:45:03.000000 UTC,2023-03-17 21:45:03.000000 UTC,2023-07-14 21:44:15.000000 UTC,18,8982,,
f6d4bf40-fa0a-4272-9d04-4a26c86535f9,monthly.7.49,30,,2023-05-22 16:56:59.000000 UTC,2023-07-20 16:56:48.000000 UTC,6,4494,2023-07-01 14:06:49.000000 UTC,
f6dd64ff-cd67-48fb-8c1f-72ec547062cb,monthly.9.99.3d.trial,3,2023-05-20 07:46:16.000000 UTC,2023-05-20 07:46:16.000000 UTC,2023-05-20 07:46:16.000000 UTC,1,999,2023-05-20 04:14:46.000000 UTC,
f70dd6f6-17cd-4410-a892-f070c8f69050,weekly.2.49,7,,2023-05-23 08:31:38.000000 UTC,2023-07-25 08:30:50.000000 UTC,10,2490,,
f754d076-11c9-4c29-b2e8-784798db0f5b,monthly.9.99.3d.trial,3,2023-05-03 07:08:21.000000 UTC,2023-05-03 07:08:21.000000 UTC,2023-05-03 07:08:21.000000 UTC,1,999,2023-05-02 18:21:43.000000 UTC,
f76520e0-a499-409d-ad98-74535ded1ab3,weekly.2.49,7,,2023-05-05 13:33:01.000000 UTC,2023-07-15 13:33:23.000000 UTC,11,2739,2023-07-17 14:54:06.000000 UTC,
f769dbea-cbc9-455d-bce0-18ef0f65c044,monthly.9.99.3d.trial,3,2023-04-28 18:01:24.000000 UTC,2023-04-28 18:01:24.000000 UTC,2023-06-04 20:40:50.000000 UTC,3,2997,2023-05-05 18:59:21.000000 UTC,
f7776407-7afa-45a1-8815-2346b8d4dcc9,weekly.2.49,7,,2023-05-23 06:51:09.000000 UTC,2023-10-18 06:50:43.000000 UTC,22,193505,,2023-10-10 06:50:57.000000 UTC
f7806225-ed4f-4bae-91da-8707076c884d,weekly.4.99.3d.trial,3,2023-04-06 16:35:14.000000 UTC,2023-04-06 16:35:14.000000 UTC,2023-04-06 16:35:14.000000 UTC,1,499,2023-04-12 01:13:29.000000 UTC,
f7ba2359-2cad-4620-8d8e-5d8c96f106d2,weekly.4.99.3d.trial,3,2023-04-27 14:39:12.000000 UTC,2023-04-27 14:39:12.000000 UTC,2023-05-25 14:38:43.000000 UTC,5,233362,2023-05-28 17:07:48.000000 UTC,
f7dd8eda-85d9-495d-8c0f-deca98686c9e,weekly.4.99.3d.trial,3,2023-06-11 20:30:34.000000 UTC,2023-06-11 20:30:34.000000 UTC,2023-10-16 12:31:10.000000 UTC,19,9481,2023-05-10 15:36:06.000000 UTC,
f809c0c6-b0fd-48de-9086-f3c8278df039,monthly.9.99.3d.trial,3,2023-05-15 17:32:29.000000 UTC,2023-05-15 17:32:29.000000 UTC,2023-06-22 17:31:22.000000 UTC,3,76925,2023-05-30 03:00:38.000000 UTC,
f81d1922-bb5f-4ad8-826e-8687b18c75c2,weekly.4.99.3d.trial,3,2023-05-13 08:57:15.000000 UTC,2023-05-13 08:57:15.000000 UTC,2023-05-26 08:57:56.000000 UTC,3,1497,,
f859c22c-5406-459f-a0e6-5fbb3b3f4cf7,weekly.2.49,7,,2023-03-12 07:59:54.000000 UTC,2023-03-12 07:59:54.000000 UTC,1,249,2023-03-12 13:03:15.000000 UTC,
f886b9f4-72c6-4c19-9a48-23d0486ff726,weekly.2.49,7,,2023-09-12 17:09:11.000000 UTC,2023-09-12 17:09:11.000000 UTC,1,249,2023-03-21 00:21:14.000000 UTC,
f897e9aa-df49-4ca3-9320-c1e9367ce561,monthly.7.49,30,,2023-03-25 07:51:55.000000 UTC,2023-05-09 07:52:35.000000 UTC,4,2996,2023-04-21 19:24:17.000000 UTC,
f89a0503-fadf-434b-b046-71c1fcb1aab0,weekly.2.49,7,,2023-05-11 19:39:49.000000 UTC,2023-05-11 19:39:49.000000 UTC,1,249,2023-05-13 16:19:38.000000 UTC,
f8ceb936-d4c4-410e-bbbc-765d295767e6,weekly.2.49,7,,2023-03-06 13:54:00.000000 UTC,2023-10-17 12:50:32.000000 UTC,33,249033,,2023-04-10 12:51:47.000000 UTC
f8e5b1a9-d6f9-428c-ba62-194dca96fa59,weekly.2.49,7,,2023-05-23 23:14:03.000000 UTC,2023-05-23 23:14:03.000000 UTC,1,249,2023-05-01 12:14:03.000000 UTC,
f904a2db-0596-4250-a20f-e93c7e0849a6,weekly.4.99.3d.trial,3,2023-04-04 15:21:16.000000 UTC,2023-04-04 15:21:16.000000 UTC,2023-05-02 15:21:10.000000 UTC,5,240794,2023-05-02 13:22:09.000000 UTC,
f91cb779-c451-4b79-9b14-4251c5b40181,weekly.2.49,7,,2023-04-08 01:11:28.000000 UTC,2023-04-08 01:11:28.000000 UTC,1,74728,2023-04-11 16:00:53.000000 UTC,
f91e66c8-bf50-43f8-b096-d70067b66e40,weekly.2.49,7,,2023-05-02 04:09:37.000000 UTC,2023-10-04 04:08:51.000000 UTC,23,5478,2023-10-08 17:29:15.000000 UTC,2023-05-16 04:08:55.000000 UTC
f923794a-7035-4f75-b89f-1b12b69870e1,weekly.2.49,7,,2023-05-24 10:04:46.000000 UTC,2023-06-14 10:04:40.000000 UTC,4,996,,
f94ef145-16b5-454f-9cd5-9eb8ea478f77,weekly.4.99.3d.trial,3,2023-03-19 09:14:18.000000 UTC,2023-03-19 09:14:18.000000 UTC,2023-09-09 09:15:05.000000 UTC,26,54342,2023-09-12 02:54:41.000000 UTC,
f96923a7-63ef-4538-9fef-a7d0ce8d4f3f,monthly.7.49,30,,2023-04-13 06:06:13.000000 UTC,2023-04-13 06:06:13.000000 UTC,1,749,2023-04-19 14:16:47.000000 UTC,
f9c849a6-cbb1-4032-a68c-46518ae6dc11,weekly.4.99.3d.trial,3,2023-03-13 15:54:08.000000 UTC,2023-03-13 15:54:08.000000 UTC,2023-03-27 15:53:41.000000 UTC,3,489246,2023-03-30 16:20:28.000000 UTC,
fa2cb8c6-dc7a-4f14-affe-8f285eb1d93c,weekly.2.49,7,,2023-04-07 00:47:30.000000 UTC,2023-05-27 00:47:01.000000 UTC,8,1992,2023-05-26 19:13:33.000000 UTC,
fa4131b6-e6fd-4421-806c-bdff23443578,weekly.2.49,7,,2023-05-23 02:49:11.000000 UTC,2023-05-23 02:49:11.000000 UTC,1,17754,2023-05-23 02:49:44.000000 UTC,
fa46f92c-ae43-4494-bb2e-20c0980d8763,weekly.4.99.3d.trial,3,2023-03-22 16:55:07.000000 UTC,2023-03-22 16:55:07.000000 UTC,2023-03-29 16:54:54.000000 UTC,2,43676,2023-04-02 03:46:52.000000 UTC,
fa7d803c-5cdd-45fe-be0c-836ec549f556,monthly.7.49,30,,2023-05-09 12:12:10.000000 UTC,2023-08-31 06:28:21.000000 UTC,10,7490,2023-08-07 14:14:33.000000 UTC,
fa85f9da-c6aa-40dd-8076-28db2e20bb1b,weekly.4.99.3d.trial,3,2023-04-28 10:07:42.000000 UTC,2023-04-28 10:07:42.000000 UTC,2023-07-06 10:09:59.000000 UTC,11,4990,2023-07-07 16:54:10.000000 UTC,2023-05-25 10:07:42.000000 UTC
fadcabde-e44e-490f-9c55-9357d1fa3572,weekly.2.49,7,,2023-05-16 22:57:48.000000 UTC,2023-05-16 22:57:48.000000 UTC,1,249,,
faf3b114-2d8e-4cc1-b4b7-299d729fa4f3,weekly.4.99.3d.trial,3,2023-04-04 18:51:41.000000 UTC,2023-04-04 18:51:41.000000 UTC,2023-04-12 10:54:59.000000 UTC,2,141678,2023-04-16 20:25:54.000000 UTC,
fb000b3e-a565-4da9-a027-b6cfda32ba60,weekly.2.49,7,,2023-05-12 12:52:56.000000 UTC,2023-05-19 12:53:21.000000 UTC,2,498,2023-05-21 17:00:31.000000 UTC,
fb09594a-4dba-4ad1-a8d6-79251958ca92,monthly.7.49,30,,2023-05-14 04:49:23.000000 UTC,2023-05-14 04:49:23.000000 UTC,1,749,2023-05-14 11:33:44.000000 UTC,
fb1c07c9-143b-4002-aec8-89e866b86f8c,monthly.9.99.3d.trial,3,2023-03-12 14:44:31.000000 UTC,2023-03-12 14:44:31.000000 UTC,2023-03-12 14:44:31.000000 UTC,1,999,2023-03-18 01:15:01.000000 UTC,
fb5b1b6e-ff2d-4d24-8d26-b5ce505d9c32,monthly.7.49,30,,2023-06-04 08:27:39.000000 UTC,2023-07-05 08:27:37.000000 UTC,2,1498,2023-06-11 13:46:45.000000 UTC,
fb6820eb-a7e3-4c57-b2ee-0538207c4ab0,monthly.7.49,30,,2023-04-17 10:34:53.000000 UTC,2023-06-01 10:34:02.000000 UTC,4,2996,2023-05-13 13:40:57.000000 UTC,
fc4172ab-92e3-460e-92fe-5e0d4a9215f7,weekly.2.49,7,,2023-03-24 13:19:10.000000 UTC,2023-03-24 13:19:10.000000 UTC,1,249,2023-03-24 15:25:08.000000 UTC,
fc6caa48-681a-4542-9ddc-6e1a1842af57,weekly.4.99.3d.trial,3,2023-03-11 08:34:35.000000 UTC,2023-03-11 08:34:35.000000 UTC,2023-04-14 08:34:51.000000 UTC,6,2495,,2023-04-14 08:34:51.000000 UTC
fc748aef-e6c8-43f0-9575-9a7e29969450,monthly.9.99.3d.trial,3,2023-04-28 11:56:04.000000 UTC,2023-04-28 11:56:04.000000 UTC,2023-04-28 11:56:04.000000 UTC,1,999,2023-04-28 12:14:01.000000 UTC,
fc8c1294-e920-428b-95ff-e08d4bb8f586,weekly.2.49,7,,2023-03-12 14:45:43.000000 UTC,2023-03-12 14:45:43.000000 UTC,1,249,2023-03-17 16:34:14.000000 UTC,
fc95f14b-bbde-41cc-9915-56ef7095f9eb,weekly.2.49,7,,2023-04-14 10:55:46.000000 UTC,2023-05-06 10:54:22.000000 UTC,4,996,2023-05-09 14:02:09.000000 UTC,
fca1a340-f102-49b2-9a98-a28e9b9559e4,weekly.2.49,7,,2023-03-25 09:18:25.000000 UTC,2023-04-08 09:20:06.000000 UTC,3,747,2023-04-12 02:06:00.000000 UTC,
fca5157a-6c56-4837-a7cc-412b784d9b93,monthly.9.99.3d.trial,3,2023-05-17 22:09:58.000000 UTC,2023-05-17 22:09:58.000000 UTC,2023-08-04 22:09:48.000000 UTC,9,8991,2023-07-12 13:13:44.000000 UTC,
fca75ce5-2929-40bd-9107-0271808e04e7,monthly.9.99.3d.trial,3,2023-06-28 14:36:36.000000 UTC,2023-06-28 14:36:36.000000 UTC,2023-08-11 19:39:19.000000 UTC,4,3996,2023-07-21 19:58:40.000000 UTC,
fcf1f46d-a2dd-4a53-82af-f68accdac3b8,monthly.7.49,30,,2023-04-07 10:09:04.000000 UTC,2023-08-20 10:08:30.000000 UTC,17,12733,2023-07-30 22:12:45.000000 UTC,
fcf80bed-8915-42fc-8703-d51e923175b0,weekly.4.99.3d.trial,3,2023-04-23 14:36:23.000000 UTC,2023-04-23 14:36:23.000000 UTC,2023-09-16 14:35:18.000000 UTC,22,10978,,
fd19ab20-1ec8-4e42-bb39-652e943c92df,weekly.2.49,7,,2023-07-26 03:29:33.000000 UTC,2023-10-03 19:29:55.000000 UTC,11,2739,,
fd1ad4ec-4e9d-4eed-bc29-646fc4d7fa42,weekly.2.49,7,,2023-05-23 04:05:42.000000 UTC,2023-05-30 23:42:43.000000 UTC,2,498,2023-05-27 01:20:54.000000 UTC,
fd1c529d-6791-4a5b-a84f-6acadd9e1e98,weekly.2.49,7,,2023-05-07 14:00:39.000000 UTC,2023-05-07 14:00:39.000000 UTC,1,249,2023-05-12 00:56:43.000000 UTC,
fd47424a-25a7-47d4-9c90-09c8f7ac002b,weekly.2.49,7,,2023-04-30 08:24:39.000000 UTC,2023-05-15 08:26:10.000000 UTC,3,747,2023-05-16 18:26:57.000000 UTC,
fd4d1aaa-3be2-4b5c-ae67-2a47755ea9fd,monthly.9.99.3d.trial,3,2023-05-28 18:12:56.000000 UTC,2023-05-28 18:12:56.000000 UTC,2023-08-27 11:51:18.000000 UTC,6,564236,2023-07-28 12:11:04.000000 UTC,
fd4ebe1c-c9a7-47de-9159-2a9819f7058d,weekly.2.49,7,,2023-04-18 05:49:39.000000 UTC,2023-04-18 05:49:39.000000 UTC,1,249,2023-04-23 00:52:47.000000 UTC,
fd6b6c82-7515-443f-be71-cb693ebd816a,weekly.4.99.3d.trial,3,2023-03-11 05:38:01.000000 UTC,2023-03-11 05:38:01.000000 UTC,2023-04-21 14:16:42.000000 UTC,7,23068,2023-04-23 03:26:16.000000 UTC,2023-04-14 05:38:05.000000 UTC
fd737be6-97c4-417f-8cf4-df14ab8ed236,weekly.4.99.3d.trial,3,2023-05-10 03:20:19.000000 UTC,2023-05-10 03:20:19.000000 UTC,2023-06-28 03:20:28.000000 UTC,8,326739,2023-06-27 21:18:12.000000 UTC,
fdc338a0-6db3-4a5c-9ccf-08639aec7cb9,weekly.4.99.3d.trial,3,2023-05-18 15:47:09.000000 UTC,2023-05-18 15:47:09.000000 UTC,2023-05-18 15:47:09.000000 UTC,1,499,2023-05-19 12:50:04.000000 UTC,
fdde1b40-66f4-4be8-b076-005ea82052c2,monthly.7.49,30,,2023-09-06 00:05:21.000000 UTC,2023-09-06 00:05:21.000000 UTC,1,749,,
fde35176-17c4-437b-81b8-81289814afad,weekly.2.49,7,,2023-04-19 14:20:47.000000 UTC,2023-04-27 14:19:49.000000 UTC,2,249,2023-04-30 19:37:02.000000 UTC,2023-04-26 14:19:49.000000 UTC
fdf18680-46c9-412b-86e3-530b40d30904,weekly.2.49,7,,2023-04-16 11:49:45.000000 UTC,2023-05-01 21:19:48.000000 UTC,3,747,2023-04-28 22:02:57.000000 UTC,
fdfdd851-846b-4c19-93e5-4b40b3f2916d,weekly.2.49,7,,2023-05-13 16:17:36.000000 UTC,2023-05-13 16:17:36.000000 UTC,1,249,2023-05-13 17:19:55.000000 UTC,
fe1d4a4a-e581-4eab-a6a1-0b4893221266,weekly.4.99.3d.trial,3,2023-06-05 11:30:28.000000 UTC,2023-06-05 11:30:28.000000 UTC,2023-07-16 15:14:40.000000 UTC,4,11341,2023-07-21 23:58:23.000000 UTC,
fe2d061f-b6ea-4710-a31d-726ba5fbab5f,monthly.7.49,30,,2023-04-13 13:33:15.000000 UTC,2023-08-21 12:23:53.000000 UTC,18,574637,2023-07-31 00:22:54.000000 UTC,2023-07-15 20:23:43.000000 UTC
fe5209b8-054a-4d82-b95b-dd373cc4426b,weekly.2.49,7,,2023-04-25 06:58:55.000000 UTC,2023-04-25 06:58:55.000000 UTC,1,249,2023-05-01 21:14:55.000000 UTC,
fe605331-a2ee-4b93-be39-7aeb5f401803,weekly.4.99.3d.trial,3,2023-05-20 13:22:02.000000 UTC,2023-05-20 13:22:02.000000 UTC,2023-05-20 13:22:02.000000 UTC,1,499,2023-05-20 11:39:21.000000 UTC,
fe7ab67d-d268-4775-8ba8-f2ffb42a9b2e,weekly.2.49,7,,2023-04-29 15:33:33.000000 UTC,2023-06-17 00:32:50.000000 UTC,7,1743,2023-06-17 00:35:28.000000 UTC,
fe7cdd97-c880-4380-ac53-bd5188e974a3,monthly.9.99.3d.trial,3,2023-03-17 13:00:24.000000 UTC,2023-03-17 13:00:24.000000 UTC,2023-03-17 13:00:24.000000 UTC,1,999,2023-03-21 02:06:06.000000 UTC,
fe817001-07a1-4cc5-8272-da27bc01204e,weekly.4.99.3d.trial,3,2023-05-18 03:20:06.000000 UTC,2023-05-18 03:20:06.000000 UTC,2023-05-18 03:20:06.000000 UTC,1,499,2023-05-18 08:33:37.000000 UTC,
feb2ebc8-fbd7-46a1-bb66-faab175495c7,weekly.2.49,7,,2023-05-03 02:56:40.000000 UTC,2023-05-18 02:56:52.000000 UTC,3,747,2023-05-17 15:35:30.000000 UTC,
fec8b6a1-1bfc-49af-bc87-69679149945f,weekly.2.49,7,,2023-04-29 01:51:19.000000 UTC,2023-04-29 01:51:19.000000 UTC,1,249,2023-04-30 11:59:37.000000 UTC,
fee872ce-acb6-4c1d-ab31-c817b5867577,weekly.2.49,7,,2023-06-05 12:22:52.000000 UTC,2023-06-05 12:22:52.000000 UTC,1,249,2023-06-07 12:23:05.000000 UTC,
feeca102-8532-458d-bb51-7883f3f9a761,weekly.2.49,7,,2023-03-23 04:52:54.000000 UTC,2023-05-11 04:53:31.000000 UTC,8,133290,2023-05-11 10:40:53.000000 UTC,
ff131856-54d6-4815-9e8d-bdfe10dab86a,weekly.4.99.3d.trial,3,2023-06-07 13:54:59.000000 UTC,2023-06-07 13:54:59.000000 UTC,2023-06-07 13:54:59.000000 UTC,1,499,2023-06-08 08:03:30.000000 UTC,
ff184681-24eb-4a6d-9ca3-ac85e02aee30,weekly.4.99.3d.trial,3,2023-04-13 15:34:02.000000 UTC,2023-04-13 15:34:02.000000 UTC,2023-05-11 15:33:59.000000 UTC,5,2495,2023-05-11 19:12:18.000000 UTC,
ff20dda3-3270-4a1b-be1d-315de6986d4a,monthly.7.49,30,,2023-04-28 13:17:43.000000 UTC,2023-06-12 13:17:42.000000 UTC,4,72760,2023-05-19 16:42:08.000000 UTC,
ff42d4b6-55df-45fa-983d-fc0ec41e2b1c,monthly.9.99.3d.trial,3,2023-06-14 16:44:57.000000 UTC,2023-06-14 16:44:57.000000 UTC,2023-06-14 16:44:57.000000 UTC,1,999,2023-05-30 23:31:42.000000 UTC,
ff480f05-395b-479c-8fab-5ce6b3e6123f,monthly.9.99.3d.trial,3,2023-06-01 12:11:32.000000 UTC,2023-06-01 12:11:32.000000 UTC,2023-08-20 12:11:25.000000 UTC,9,718536,2023-07-28 18:08:40.000000 UTC,
ff4f6ada-2f5d-4273-a5ec-0f4d8c40ad02,monthly.9.99.3d.trial,3,2023-05-30 15:13:04.000000 UTC,2023-05-30 15:13:04.000000 UTC,2023-05-30 15:13:04.000000 UTC,1,64369,2023-05-30 15:14:16.000000 UTC,
ff963f4e-b13e-4a4a-a805-201f56cd4d11,weekly.4.99.3d.trial,3,2023-05-03 16:02:22.000000 UTC,2023-05-03 16:02:22.000000 UTC,2023-05-23 16:02:19.000000 UTC,4,1996,2023-05-23 16:13:02.000000 UTC,
ff9a70ec-9962-4378-9fab-011780499257,weekly.2.49,7,,2023-03-05 21:37:13.000000 UTC,2023-10-22 15:32:44.000000 UTC,16,3984,2023-09-12 04:11:53.000000 UTC,
ff9c10a1-7510-43e4-873c-9365beffec86,weekly.4.99.3d.trial,3,2023-04-23 15:02:39.000000 UTC,2023-04-23 15:02:39.000000 UTC,2023-10-07 15:03:25.000000 UTC,25,12475,2023-10-07 22:13:34.000000 UTC,
ffd11729-f3b3-4993-acce-c41e4115df46,weekly.2.49,7,,2023-03-17 15:19:45.000000 UTC,2023-09-29 15:20:42.000000 UTC,29,7221,,